[2025-12-11 11:52:26] Starting page count...
[2025-12-11 11:52:26] 📂 Pasta raiz configurada para contagem: G:/My Drive/XABLAU/
[2025-12-11 11:52:26] 📁 Pastas detectadas para contagem: 8
[2025-12-11 11:52:26] 🔎 Iniciando contagem da pasta: 3.BRUNO (G:/My Drive/XABLAU/3.BRUNO)
[2025-12-11 11:52:26] 🔎 Iniciando contagem da pasta: 1.LEIANES (G:/My Drive/XABLAU/1.LEIANES)
[2025-12-11 11:52:26] 🔎 Iniciando contagem da pasta: 2.EROS (G:/My Drive/XABLAU/2.EROS)
[2025-12-11 11:52:26] 🔎 Iniciando contagem da pasta: 4.MAYA (G:/My Drive/XABLAU/4.MAYA)
[2025-12-11 11:52:26] 🔎 Iniciando contagem da pasta: 5.CUSH (G:/My Drive/XABLAU/5.CUSH)
[2025-12-11 11:52:26] 🔎 Iniciando contagem da pasta: 6.ELIS (G:/My Drive/XABLAU/6.ELIS)
[2025-12-11 11:52:26] 🔎 Iniciando contagem da pasta: 8.teste (G:/My Drive/XABLAU/8.teste)
[2025-12-11 11:52:26] ✅ Contagem concluída: 2.EROS -> 0 páginas
[2025-12-11 11:52:26] ✅ Contagem concluída: 4.MAYA -> 0 páginas
[2025-12-11 11:52:26] ✅ Contagem concluída: 1.LEIANES -> 0 páginas
[2025-12-11 11:52:26] ✅ Contagem concluída: 6.ELIS -> 0 páginas
[2025-12-11 11:52:27] ✅ Contagem concluída: 8.teste -> 22 páginas
[2025-12-11 11:52:28] ✅ Contagem concluída: 5.CUSH -> 1059 páginas
[2025-12-11 11:52:28] ✅ Contagem concluída: 3.BRUNO -> 1291 páginas
[2025-12-11 11:52:28] 🔎 Iniciando contagem da pasta VICTORIA: 7.VICTORIA/1.RENOMEANDO (G:/My Drive/XABLAU/7.VICTORIA\1.RENOMEANDO)
[2025-12-11 11:52:28] 🔎 Iniciando contagem da pasta VICTORIA: 7.VICTORIA/2.RENOMEADOS (G:/My Drive/XABLAU/7.VICTORIA\2.RENOMEADOS)
[2025-12-11 11:52:28] ✅ Contagem VICTORIA concluída: 7.VICTORIA/1.RENOMEANDO -> 0 páginas
[2025-12-11 11:52:28] ✅ Contagem VICTORIA concluída: 7.VICTORIA/2.RENOMEADOS -> 0 páginas
[2025-12-11 11:52:28] ✅ Mensagem liberada para envio: Message differs and cooldown passed
[2025-12-11 11:52:28] 📨 Destino WhatsApp: tipo=group alvo=XABLAU UPDATES
[2025-12-11 11:52:28] Enviando resultados para WhatsApp...
[2025-12-11 11:52:28] ℹ️ Tamanho da mensagem: 481 caracteres
[2025-12-11 11:52:52] Message sent successfully to WhatsApp!
[2025-12-11 11:52:52] ℹ️ Saída do envio: WhatsApp connected!
Sending message to group: XABLAU UPDATES
Message sent successfully!
[2025-12-11 11:54:30] Starting page count...
[2025-12-11 11:54:30] 📂 Pasta raiz configurada para contagem: G:/My Drive/XABLAU/
[2025-12-11 11:54:30] 📁 Pastas detectadas para contagem: 8
[2025-12-11 11:54:30] 🔎 Iniciando contagem da pasta: 3.BRUNO (G:/My Drive/XABLAU/3.BRUNO)
[2025-12-11 11:54:30] 🔎 Iniciando contagem da pasta: 1.LEIANES (G:/My Drive/XABLAU/1.LEIANES)
[2025-12-11 11:54:30] 🔎 Iniciando contagem da pasta: 2.EROS (G:/My Drive/XABLAU/2.EROS)
[2025-12-11 11:54:30] 🔎 Iniciando contagem da pasta: 4.MAYA (G:/My Drive/XABLAU/4.MAYA)
[2025-12-11 11:54:30] 🔎 Iniciando contagem da pasta: 5.CUSH (G:/My Drive/XABLAU/5.CUSH)
[2025-12-11 11:54:30] 🔎 Iniciando contagem da pasta: 6.ELIS (G:/My Drive/XABLAU/6.ELIS)
[2025-12-11 11:54:30] 🔎 Iniciando contagem da pasta: 8.teste (G:/My Drive/XABLAU/8.teste)
[2025-12-11 11:54:30] ✅ Contagem concluída: 2.EROS -> 0 páginas
[2025-12-11 11:54:30] ✅ Contagem concluída: 1.LEIANES -> 0 páginas
[2025-12-11 11:54:30] ✅ Contagem concluída: 4.MAYA -> 0 páginas
[2025-12-11 11:54:30] ✅ Contagem concluída: 6.ELIS -> 0 páginas
[2025-12-11 11:54:30] ✅ Contagem concluída: 8.teste -> 22 páginas
[2025-12-11 11:54:31] ✅ Contagem concluída: 5.CUSH -> 1059 páginas
[2025-12-11 11:54:31] ✅ Contagem concluída: 3.BRUNO -> 1291 páginas
[2025-12-11 11:54:31] 🔎 Iniciando contagem da pasta VICTORIA: 7.VICTORIA/1.RENOMEANDO (G:/My Drive/XABLAU/7.VICTORIA\1.RENOMEANDO)
[2025-12-11 11:54:31] 🔎 Iniciando contagem da pasta VICTORIA: 7.VICTORIA/2.RENOMEADOS (G:/My Drive/XABLAU/7.VICTORIA\2.RENOMEADOS)
[2025-12-11 11:54:31] ✅ Contagem VICTORIA concluída: 7.VICTORIA/1.RENOMEANDO -> 0 páginas
[2025-12-11 11:54:31] ✅ Contagem VICTORIA concluída: 7.VICTORIA/2.RENOMEADOS -> 0 páginas
[2025-12-11 11:54:50] Starting page count...
[2025-12-11 11:54:50] 📂 Pasta raiz configurada para contagem: G:/My Drive/XABLAU/
[2025-12-11 11:54:50] 📁 Pastas detectadas para contagem: 8
[2025-12-11 11:54:50] 🔎 Iniciando contagem da pasta: 3.BRUNO (G:/My Drive/XABLAU/3.BRUNO)
[2025-12-11 11:54:51] 🔎 Iniciando contagem da pasta: 1.LEIANES (G:/My Drive/XABLAU/1.LEIANES)
[2025-12-11 11:54:51] 🔎 Iniciando contagem da pasta: 2.EROS (G:/My Drive/XABLAU/2.EROS)
[2025-12-11 11:54:51] 🔎 Iniciando contagem da pasta: 4.MAYA (G:/My Drive/XABLAU/4.MAYA)
[2025-12-11 11:54:51] 🔎 Iniciando contagem da pasta: 5.CUSH (G:/My Drive/XABLAU/5.CUSH)
[2025-12-11 11:54:51] 🔎 Iniciando contagem da pasta: 6.ELIS (G:/My Drive/XABLAU/6.ELIS)
[2025-12-11 11:54:51] 🔎 Iniciando contagem da pasta: 8.teste (G:/My Drive/XABLAU/8.teste)
[2025-12-11 11:54:51] ✅ Contagem concluída: 1.LEIANES -> 0 páginas
[2025-12-11 11:54:51] ✅ Contagem concluída: 4.MAYA -> 0 páginas
[2025-12-11 11:54:51] ✅ Contagem concluída: 2.EROS -> 0 páginas
[2025-12-11 11:54:51] ✅ Contagem concluída: 6.ELIS -> 0 páginas
[2025-12-11 11:54:51] ✅ Contagem concluída: 8.teste -> 11 páginas
[2025-12-11 11:54:52] ✅ Contagem concluída: 5.CUSH -> 1059 páginas
[2025-12-11 11:54:52] ✅ Contagem concluída: 3.BRUNO -> 1291 páginas
[2025-12-11 11:54:52] 🔎 Iniciando contagem da pasta VICTORIA: 7.VICTORIA/1.RENOMEANDO (G:/My Drive/XABLAU/7.VICTORIA\1.RENOMEANDO)
[2025-12-11 11:54:52] 🔎 Iniciando contagem da pasta VICTORIA: 7.VICTORIA/2.RENOMEADOS (G:/My Drive/XABLAU/7.VICTORIA\2.RENOMEADOS)
[2025-12-11 11:54:52] ✅ Contagem VICTORIA concluída: 7.VICTORIA/1.RENOMEANDO -> 0 páginas
[2025-12-11 11:54:52] ✅ Contagem VICTORIA concluída: 7.VICTORIA/2.RENOMEADOS -> 0 páginas
[2025-12-11 11:54:52] ✅ Mensagem liberada para envio: Message differs and cooldown passed
[2025-12-11 11:54:52] 📨 Destino WhatsApp: tipo=group alvo=XABLAU UPDATES
[2025-12-11 11:54:52] Enviando resultados para WhatsApp...
[2025-12-11 11:54:52] ℹ️ Tamanho da mensagem: 481 caracteres
[2025-12-11 11:54:59] Message sent successfully to WhatsApp!
[2025-12-11 11:54:59] ℹ️ Saída do envio: WhatsApp connected!
Sending message to group: XABLAU UPDATES
Message sent successfully!
[2025-12-11 11:56:47] Starting page count...
[2025-12-11 11:56:47] 📂 Pasta raiz configurada para contagem: G:/My Drive/XABLAU/
[2025-12-11 11:56:47] 📁 Pastas detectadas para contagem: 8
[2025-12-11 11:56:47] 🔎 Iniciando contagem da pasta: 3.BRUNO (G:/My Drive/XABLAU/3.BRUNO)
[2025-12-11 11:56:47] 🔎 Iniciando contagem da pasta: 1.LEIANES (G:/My Drive/XABLAU/1.LEIANES)
[2025-12-11 11:56:47] 🔎 Iniciando contagem da pasta: 2.EROS (G:/My Drive/XABLAU/2.EROS)
[2025-12-11 11:56:47] 🔎 Iniciando contagem da pasta: 4.MAYA (G:/My Drive/XABLAU/4.MAYA)
[2025-12-11 11:56:47] 🔎 Iniciando contagem da pasta: 5.CUSH (G:/My Drive/XABLAU/5.CUSH)
[2025-12-11 11:56:47] 🔎 Iniciando contagem da pasta: 6.ELIS (G:/My Drive/XABLAU/6.ELIS)
[2025-12-11 11:56:47] 🔎 Iniciando contagem da pasta: 8.teste (G:/My Drive/XABLAU/8.teste)
[2025-12-11 11:56:47] ✅ Contagem concluída: 4.MAYA -> 0 páginas
[2025-12-11 11:56:47] ✅ Contagem concluída: 1.LEIANES -> 0 páginas
[2025-12-11 11:56:47] ✅ Contagem concluída: 2.EROS -> 0 páginas
[2025-12-11 11:56:47] ✅ Contagem concluída: 6.ELIS -> 0 páginas
[2025-12-11 11:56:47] ✅ Contagem concluída: 8.teste -> 11 páginas
[2025-12-11 11:56:48] ✅ Contagem concluída: 5.CUSH -> 1059 páginas
[2025-12-11 11:56:48] ✅ Contagem concluída: 3.BRUNO -> 1291 páginas
[2025-12-11 11:56:48] 🔎 Iniciando contagem da pasta VICTORIA: 7.VICTORIA/1.RENOMEANDO (G:/My Drive/XABLAU/7.VICTORIA\1.RENOMEANDO)
[2025-12-11 11:56:48] 🔎 Iniciando contagem da pasta VICTORIA: 7.VICTORIA/2.RENOMEADOS (G:/My Drive/XABLAU/7.VICTORIA\2.RENOMEADOS)
[2025-12-11 11:56:48] ✅ Contagem VICTORIA concluída: 7.VICTORIA/1.RENOMEANDO -> 0 páginas
[2025-12-11 11:56:48] ✅ Contagem VICTORIA concluída: 7.VICTORIA/2.RENOMEADOS -> 0 páginas
[2025-12-11 12:03:35] Starting page count...
[2025-12-11 12:03:35] 📂 Pasta raiz configurada para contagem: G:/My Drive/XABLAU/
[2025-12-11 12:03:35] 📁 Pastas detectadas para contagem: 7
[2025-12-11 12:03:35] 🔎 Iniciando contagem da pasta: 3.BRUNO (G:/My Drive/XABLAU/3.BRUNO)
[2025-12-11 12:03:35] 🔎 Iniciando contagem da pasta: 1.LEIANES (G:/My Drive/XABLAU/1.LEIANES)
[2025-12-11 12:03:35] 🔎 Iniciando contagem da pasta: 2.EROS (G:/My Drive/XABLAU/2.EROS)
[2025-12-11 12:03:35] 🔎 Iniciando contagem da pasta: 4.MAYA (G:/My Drive/XABLAU/4.MAYA)
[2025-12-11 12:03:35] 🔎 Iniciando contagem da pasta: 5.CUSH (G:/My Drive/XABLAU/5.CUSH)
[2025-12-11 12:03:35] 🔎 Iniciando contagem da pasta: 6.ELIS (G:/My Drive/XABLAU/6.ELIS)
[2025-12-11 12:03:35] ✅ Contagem concluída: 4.MAYA -> 0 páginas
[2025-12-11 12:03:35] ✅ Contagem concluída: 1.LEIANES -> 0 páginas
[2025-12-11 12:03:35] ✅ Contagem concluída: 2.EROS -> 0 páginas
[2025-12-11 12:03:35] ✅ Contagem concluída: 6.ELIS -> 0 páginas
[2025-12-11 12:03:36] ✅ Contagem concluída: 5.CUSH -> 1059 páginas
[2025-12-11 12:03:37] ✅ Contagem concluída: 3.BRUNO -> 1291 páginas
[2025-12-11 12:03:37] 🔎 Iniciando contagem da pasta VICTORIA: 7.VICTORIA/1.RENOMEANDO (G:/My Drive/XABLAU/7.VICTORIA\1.RENOMEANDO)
[2025-12-11 12:03:37] 🔎 Iniciando contagem da pasta VICTORIA: 7.VICTORIA/2.RENOMEADOS (G:/My Drive/XABLAU/7.VICTORIA\2.RENOMEADOS)
[2025-12-11 12:03:37] ✅ Contagem VICTORIA concluída: 7.VICTORIA/1.RENOMEANDO -> 0 páginas
[2025-12-11 12:03:37] ✅ Contagem VICTORIA concluída: 7.VICTORIA/2.RENOMEADOS -> 0 páginas
[2025-12-11 12:03:37] ✅ Mensagem liberada para envio: Message differs and cooldown passed
[2025-12-11 12:03:37] 📨 Destino WhatsApp: tipo=group alvo=XABLAU UPDATES
[2025-12-11 12:03:37] Enviando resultados para WhatsApp...
[2025-12-11 12:03:37] ℹ️ Tamanho da mensagem: 453 caracteres
[2025-12-11 12:03:49] Message sent successfully to WhatsApp!
[2025-12-11 12:03:49] ℹ️ Saída do envio: WhatsApp connected!
Sending message to group: XABLAU UPDATES (id: 120363421676358028@g.us)
Message sent successfully! msgId: true_120363421676358028@g.us_3EB04206E48D247258D623_174462209097938@lid chatId: 120363421676358028@g.us
Ack de entrega recebido (pelo menos chegou ao servidor).
[2025-12-11 13:51:57] Starting page count...
[2025-12-11 13:51:57] 📂 Pasta raiz configurada para contagem: G:/My Drive/XABLAU/
[2025-12-11 13:51:57] 📁 Pastas detectadas para contagem: 7
[2025-12-11 13:51:57] 🔎 Iniciando contagem da pasta: 3.BRUNO (G:/My Drive/XABLAU/3.BRUNO)
[2025-12-11 13:51:57] 🔎 Iniciando contagem da pasta: 1.LEIANES (G:/My Drive/XABLAU/1.LEIANES)
[2025-12-11 13:51:57] 🔎 Iniciando contagem da pasta: 2.EROS (G:/My Drive/XABLAU/2.EROS)
[2025-12-11 13:51:57] 🔎 Iniciando contagem da pasta: 4.MAYA (G:/My Drive/XABLAU/4.MAYA)
[2025-12-11 13:51:57] 🔎 Iniciando contagem da pasta: 5.CUSH (G:/My Drive/XABLAU/5.CUSH)
[2025-12-11 13:51:57] 🔎 Iniciando contagem da pasta: 6.ELIS (G:/My Drive/XABLAU/6.ELIS)
[2025-12-11 13:51:57] ✅ Contagem concluída: 1.LEIANES -> 0 páginas
[2025-12-11 13:51:57] ✅ Contagem concluída: 2.EROS -> 0 páginas
[2025-12-11 13:51:57] ✅ Contagem concluída: 4.MAYA -> 0 páginas
[2025-12-11 13:51:57] ✅ Contagem concluída: 6.ELIS -> 0 páginas
[2025-12-11 13:51:58] ✅ Contagem concluída: 5.CUSH -> 1059 páginas
[2025-12-11 13:51:59] ✅ Contagem concluída: 3.BRUNO -> 2198 páginas
[2025-12-11 13:51:59] 🔎 Iniciando contagem da pasta VICTORIA: 7.VICTORIA/1.RENOMEANDO (G:/My Drive/XABLAU/7.VICTORIA\1.RENOMEANDO)
[2025-12-11 13:51:59] 🔎 Iniciando contagem da pasta VICTORIA: 7.VICTORIA/2.RENOMEADOS (G:/My Drive/XABLAU/7.VICTORIA\2.RENOMEADOS)
[2025-12-11 13:51:59] ✅ Contagem VICTORIA concluída: 7.VICTORIA/1.RENOMEANDO -> 0 páginas
[2025-12-11 13:51:59] ✅ Contagem VICTORIA concluída: 7.VICTORIA/2.RENOMEADOS -> 0 páginas
[2025-12-11 13:51:59] ✅ Mensagem liberada para envio: Message differs and cooldown passed
[2025-12-11 13:51:59] 📨 Destino WhatsApp: tipo=group alvo=XABLAU UPDATES
[2025-12-11 13:51:59] Enviando resultados para WhatsApp...
[2025-12-11 13:51:59] ℹ️ Tamanho da mensagem: 461 caracteres
[2025-12-11 13:52:04] Message sent successfully to WhatsApp!
[2025-12-11 13:52:04] ℹ️ Saída do envio: WhatsApp connected!
Sending message to group: XABLAU UPDATES (id: 120363421676358028@g.us)
Message sent successfully! msgId: true_120363421676358028@g.us_3EB04BD363AC0EDED14C65_174462209097938@lid chatId: 120363421676358028@g.us
Ack de entrega recebido (pelo menos chegou ao servidor).
[2025-12-11 13:55:12] Starting page count...
[2025-12-11 13:55:12] 📂 Pasta raiz configurada para contagem: G:/My Drive/XABLAU/
[2025-12-11 13:55:12] 📁 Pastas detectadas para contagem: 7
[2025-12-11 13:55:12] 🔎 Iniciando contagem da pasta: 3.BRUNO (G:/My Drive/XABLAU/3.BRUNO)
[2025-12-11 13:55:12] 🔎 Iniciando contagem da pasta: 1.LEIANES (G:/My Drive/XABLAU/1.LEIANES)
[2025-12-11 13:55:12] 🔎 Iniciando contagem da pasta: 2.EROS (G:/My Drive/XABLAU/2.EROS)
[2025-12-11 13:55:12] 🔎 Iniciando contagem da pasta: 4.MAYA (G:/My Drive/XABLAU/4.MAYA)
[2025-12-11 13:55:12] 🔎 Iniciando contagem da pasta: 5.CUSH (G:/My Drive/XABLAU/5.CUSH)
[2025-12-11 13:55:12] 🔎 Iniciando contagem da pasta: 6.ELIS (G:/My Drive/XABLAU/6.ELIS)
[2025-12-11 13:55:12] ✅ Contagem concluída: 4.MAYA -> 0 páginas
[2025-12-11 13:55:12] ✅ Contagem concluída: 2.EROS -> 0 páginas
[2025-12-11 13:55:12] ✅ Contagem concluída: 1.LEIANES -> 0 páginas
[2025-12-11 13:55:12] ✅ Contagem concluída: 6.ELIS -> 0 páginas
[2025-12-11 13:55:13] ✅ Contagem concluída: 5.CUSH -> 1059 páginas
[2025-12-11 13:55:14] ✅ Contagem concluída: 3.BRUNO -> 2198 páginas
[2025-12-11 13:55:14] 🔎 Iniciando contagem da pasta VICTORIA: 7.VICTORIA/1.RENOMEANDO (G:/My Drive/XABLAU/7.VICTORIA\1.RENOMEANDO)
[2025-12-11 13:55:14] 🔎 Iniciando contagem da pasta VICTORIA: 7.VICTORIA/2.RENOMEADOS (G:/My Drive/XABLAU/7.VICTORIA\2.RENOMEADOS)
[2025-12-11 13:55:14] ✅ Contagem VICTORIA concluída: 7.VICTORIA/1.RENOMEANDO -> 0 páginas
[2025-12-11 13:55:14] ✅ Contagem VICTORIA concluída: 7.VICTORIA/2.RENOMEADOS -> 0 páginas
[2025-12-11 18:18:36] Starting page count...
[2025-12-11 18:18:36] 📂 Pasta raiz configurada para contagem: G:/My Drive/XABLAU/
[2025-12-11 18:18:36] 📁 Pastas detectadas para contagem: 7
[2025-12-11 18:18:36] 🔎 Iniciando contagem da pasta: 3.BRUNO (G:/My Drive/XABLAU/3.BRUNO)
[2025-12-11 18:18:36] 🔎 Iniciando contagem da pasta: 1.LEIANES (G:/My Drive/XABLAU/1.LEIANES)
[2025-12-11 18:18:36] 🔎 Iniciando contagem da pasta: 2.EROS (G:/My Drive/XABLAU/2.EROS)
[2025-12-11 18:18:36] 🔎 Iniciando contagem da pasta: 4.MAYA (G:/My Drive/XABLAU/4.MAYA)
[2025-12-11 18:18:36] 🔎 Iniciando contagem da pasta: 5.CUSH (G:/My Drive/XABLAU/5.CUSH)
[2025-12-11 18:18:36] 🔎 Iniciando contagem da pasta: 6.ELIS (G:/My Drive/XABLAU/6.ELIS)
[2025-12-11 18:18:36] ✅ Contagem concluída: 2.EROS -> 0 páginas
[2025-12-11 18:18:36] ✅ Contagem concluída: 1.LEIANES -> 0 páginas
[2025-12-11 18:18:36] ✅ Contagem concluída: 4.MAYA -> 0 páginas
[2025-12-11 18:18:36] ✅ Contagem concluída: 6.ELIS -> 0 páginas
[2025-12-11 18:18:38] ✅ Contagem concluída: 5.CUSH -> 1928 páginas
[2025-12-11 18:18:38] ✅ Contagem concluída: 3.BRUNO -> 2198 páginas
[2025-12-11 18:18:38] 🔎 Iniciando contagem da pasta VICTORIA: 7.VICTORIA/1.RENOMEANDO (G:/My Drive/XABLAU/7.VICTORIA\1.RENOMEANDO)
[2025-12-11 18:18:38] 🔎 Iniciando contagem da pasta VICTORIA: 7.VICTORIA/2.RENOMEADOS (G:/My Drive/XABLAU/7.VICTORIA\2.RENOMEADOS)
[2025-12-11 18:18:38] ✅ Contagem VICTORIA concluída: 7.VICTORIA/1.RENOMEANDO -> 0 páginas
[2025-12-11 18:18:38] ✅ Contagem VICTORIA concluída: 7.VICTORIA/2.RENOMEADOS -> 0 páginas
[2025-12-11 18:18:38] ✅ Mensagem liberada para envio: Message differs and cooldown passed
[2025-12-11 18:18:38] 📨 Destino WhatsApp: tipo=group alvo=XABLAU UPDATES
[2025-12-11 18:18:38] Enviando resultados para WhatsApp...
[2025-12-11 18:18:38] ℹ️ Tamanho da mensagem: 460 caracteres
[2025-12-11 18:18:43] Message sent successfully to WhatsApp!
[2025-12-11 18:18:43] ℹ️ Saída do envio: WhatsApp connected!
Sending message to group: XABLAU UPDATES (id: 120363421676358028@g.us)
Message sent successfully! msgId: true_120363421676358028@g.us_3EB082DCFE7FF5ADDC6A64_174462209097938@lid chatId: 120363421676358028@g.us
Ack de entrega recebido (pelo menos chegou ao servidor).
[2025-12-11 18:21:32] Starting page count...
[2025-12-11 18:21:32] 📂 Pasta raiz configurada para contagem: G:/My Drive/XABLAU/
[2025-12-11 18:21:32] 📁 Pastas detectadas para contagem: 7
[2025-12-11 18:21:32] 🔎 Iniciando contagem da pasta: 3.BRUNO (G:/My Drive/XABLAU/3.BRUNO)
[2025-12-11 18:21:32] 🔎 Iniciando contagem da pasta: 1.LEIANES (G:/My Drive/XABLAU/1.LEIANES)
[2025-12-11 18:21:32] 🔎 Iniciando contagem da pasta: 2.EROS (G:/My Drive/XABLAU/2.EROS)
[2025-12-11 18:21:32] 🔎 Iniciando contagem da pasta: 4.MAYA (G:/My Drive/XABLAU/4.MAYA)
[2025-12-11 18:21:32] 🔎 Iniciando contagem da pasta: 5.CUSH (G:/My Drive/XABLAU/5.CUSH)
[2025-12-11 18:21:32] 🔎 Iniciando contagem da pasta: 6.ELIS (G:/My Drive/XABLAU/6.ELIS)
[2025-12-11 18:21:32] ✅ Contagem concluída: 2.EROS -> 0 páginas
[2025-12-11 18:21:32] ✅ Contagem concluída: 1.LEIANES -> 0 páginas
[2025-12-11 18:21:32] ✅ Contagem concluída: 4.MAYA -> 0 páginas
[2025-12-11 18:21:32] ✅ Contagem concluída: 6.ELIS -> 0 páginas
[2025-12-11 18:21:34] ✅ Contagem concluída: 5.CUSH -> 1928 páginas
[2025-12-11 18:21:34] ✅ Contagem concluída: 3.BRUNO -> 2198 páginas
[2025-12-11 18:21:34] 🔎 Iniciando contagem da pasta VICTORIA: 7.VICTORIA/1.RENOMEANDO (G:/My Drive/XABLAU/7.VICTORIA\1.RENOMEANDO)
[2025-12-11 18:21:34] 🔎 Iniciando contagem da pasta VICTORIA: 7.VICTORIA/2.RENOMEADOS (G:/My Drive/XABLAU/7.VICTORIA\2.RENOMEADOS)
[2025-12-11 18:21:34] ✅ Contagem VICTORIA concluída: 7.VICTORIA/1.RENOMEANDO -> 0 páginas
[2025-12-11 18:21:34] ✅ Contagem VICTORIA concluída: 7.VICTORIA/2.RENOMEADOS -> 0 páginas
[2025-12-11 18:41:01] Starting page count...
[2025-12-11 18:41:01] 📂 Pasta raiz configurada para contagem: G:/My Drive/XABLAU/
[2025-12-11 18:41:01] 📁 Pastas detectadas para contagem: 7
[2025-12-11 18:41:01] 🔎 Iniciando contagem da pasta: 3.BRUNO (G:/My Drive/XABLAU/3.BRUNO)
[2025-12-11 18:41:01] 🔎 Iniciando contagem da pasta: 1.LEIANES (G:/My Drive/XABLAU/1.LEIANES)
[2025-12-11 18:41:01] 🔎 Iniciando contagem da pasta: 2.EROS (G:/My Drive/XABLAU/2.EROS)
[2025-12-11 18:41:01] 🔎 Iniciando contagem da pasta: 4.MAYA (G:/My Drive/XABLAU/4.MAYA)
[2025-12-11 18:41:01] 🔎 Iniciando contagem da pasta: 5.CUSH (G:/My Drive/XABLAU/5.CUSH)
[2025-12-11 18:41:01] 🔎 Iniciando contagem da pasta: 6.ELIS (G:/My Drive/XABLAU/6.ELIS)
[2025-12-11 18:41:01] ✅ Contagem concluída: 2.EROS -> 0 páginas
[2025-12-11 18:41:02] ✅ Contagem concluída: 1.LEIANES -> 0 páginas
[2025-12-11 18:41:02] ✅ Contagem concluída: 4.MAYA -> 0 páginas
[2025-12-11 18:41:02] ✅ Contagem concluída: 6.ELIS -> 0 páginas
[2025-12-11 18:41:03] ✅ Contagem concluída: 5.CUSH -> 1928 páginas
[2025-12-11 18:41:03] ✅ Contagem concluída: 3.BRUNO -> 2198 páginas
[2025-12-11 18:41:03] 🔎 Iniciando contagem da pasta VICTORIA: 7.VICTORIA/1.RENOMEANDO (G:/My Drive/XABLAU/7.VICTORIA\1.RENOMEANDO)
[2025-12-11 18:41:03] 🔎 Iniciando contagem da pasta VICTORIA: 7.VICTORIA/2.RENOMEADOS (G:/My Drive/XABLAU/7.VICTORIA\2.RENOMEADOS)
[2025-12-11 18:41:03] ✅ Contagem VICTORIA concluída: 7.VICTORIA/1.RENOMEANDO -> 0 páginas
[2025-12-11 18:41:03] ✅ Contagem VICTORIA concluída: 7.VICTORIA/2.RENOMEADOS -> 0 páginas
[2025-12-11 19:11:22] Starting page count...
[2025-12-11 19:11:22] 📂 Pasta raiz configurada para contagem: G:/My Drive/XABLAU/
[2025-12-11 19:11:22] 📁 Pastas detectadas para contagem: 7
[2025-12-11 19:11:22] 🔎 Iniciando contagem da pasta: 3.BRUNO (G:/My Drive/XABLAU/3.BRUNO)
[2025-12-11 19:11:22] 🔎 Iniciando contagem da pasta: 1.LEIANES (G:/My Drive/XABLAU/1.LEIANES)
[2025-12-11 19:11:22] 🔎 Iniciando contagem da pasta: 2.EROS (G:/My Drive/XABLAU/2.EROS)
[2025-12-11 19:11:22] 🔎 Iniciando contagem da pasta: 4.MAYA (G:/My Drive/XABLAU/4.MAYA)
[2025-12-11 19:11:22] 🔎 Iniciando contagem da pasta: 5.CUSH (G:/My Drive/XABLAU/5.CUSH)
[2025-12-11 19:11:22] 🔎 Iniciando contagem da pasta: 6.ELIS (G:/My Drive/XABLAU/6.ELIS)
[2025-12-11 19:11:22] ✅ Contagem concluída: 2.EROS -> 0 páginas
[2025-12-11 19:11:22] ✅ Contagem concluída: 1.LEIANES -> 0 páginas
[2025-12-11 19:11:22] ✅ Contagem concluída: 4.MAYA -> 0 páginas
[2025-12-11 19:11:23] ✅ Contagem concluída: 6.ELIS -> 1027 páginas
[2025-12-11 19:11:23] ✅ Contagem concluída: 5.CUSH -> 1928 páginas
[2025-12-11 19:11:24] ✅ Contagem concluída: 3.BRUNO -> 2198 páginas
[2025-12-11 19:11:24] 🔎 Iniciando contagem da pasta VICTORIA: 7.VICTORIA/1.RENOMEANDO (G:/My Drive/XABLAU/7.VICTORIA\1.RENOMEANDO)
[2025-12-11 19:11:24] 🔎 Iniciando contagem da pasta VICTORIA: 7.VICTORIA/2.RENOMEADOS (G:/My Drive/XABLAU/7.VICTORIA\2.RENOMEADOS)
[2025-12-11 19:11:24] ✅ Contagem VICTORIA concluída: 7.VICTORIA/1.RENOMEANDO -> 0 páginas
[2025-12-11 19:11:24] ✅ Contagem VICTORIA concluída: 7.VICTORIA/2.RENOMEADOS -> 0 páginas
[2025-12-11 19:11:24] ✅ Mensagem liberada para envio: Message differs and cooldown passed
[2025-12-11 19:11:24] 📨 Destino WhatsApp: tipo=group alvo=XABLAU UPDATES
[2025-12-11 19:11:24] Enviando resultados para WhatsApp...
[2025-12-11 19:11:24] ℹ️ Tamanho da mensagem: 465 caracteres
[2025-12-11 19:11:28] Message sent successfully to WhatsApp!
[2025-12-11 19:11:28] ℹ️ Saída do envio: WhatsApp connected!
Sending message to group: XABLAU UPDATES (id: 120363421676358028@g.us)
Message sent successfully! msgId: true_120363421676358028@g.us_3EB02F246F004E55C65C17_174462209097938@lid chatId: 120363421676358028@g.us
Ack de entrega recebido (pelo menos chegou ao servidor).
[2025-12-11 21:42:33] Starting page count...
[2025-12-11 21:42:33] 📂 Pasta raiz configurada para contagem: G:/My Drive/XABLAU/
[2025-12-11 21:42:33] 📁 Pastas detectadas para contagem: 7
[2025-12-11 21:42:33] 🔎 Iniciando contagem da pasta: 3.BRUNO (G:/My Drive/XABLAU/3.BRUNO)
[2025-12-11 21:42:33] 🔎 Iniciando contagem da pasta: 1.LEIANES (G:/My Drive/XABLAU/1.LEIANES)
[2025-12-11 21:42:33] 🔎 Iniciando contagem da pasta: 2.EROS (G:/My Drive/XABLAU/2.EROS)
[2025-12-11 21:42:33] 🔎 Iniciando contagem da pasta: 4.MAYA (G:/My Drive/XABLAU/4.MAYA)
[2025-12-11 21:42:33] 🔎 Iniciando contagem da pasta: 5.CUSH (G:/My Drive/XABLAU/5.CUSH)
[2025-12-11 21:42:33] 🔎 Iniciando contagem da pasta: 6.ELIS (G:/My Drive/XABLAU/6.ELIS)
[2025-12-11 21:42:33] ✅ Contagem concluída: 2.EROS -> 0 páginas
[2025-12-11 21:42:33] ✅ Contagem concluída: 1.LEIANES -> 0 páginas
[2025-12-11 21:42:33] ✅ Contagem concluída: 4.MAYA -> 0 páginas
[2025-12-11 21:42:34] ✅ Contagem concluída: 6.ELIS -> 1027 páginas
[2025-12-11 21:42:34] ✅ Contagem concluída: 5.CUSH -> 1928 páginas
[2025-12-11 21:42:34] ✅ Contagem concluída: 3.BRUNO -> 2198 páginas
[2025-12-11 21:42:34] 🔎 Iniciando contagem da pasta VICTORIA: 7.VICTORIA/1.RENOMEANDO (G:/My Drive/XABLAU/7.VICTORIA\1.RENOMEANDO)
[2025-12-11 21:42:34] 🔎 Iniciando contagem da pasta VICTORIA: 7.VICTORIA/2.RENOMEADOS (G:/My Drive/XABLAU/7.VICTORIA\2.RENOMEADOS)
[2025-12-11 21:42:34] ✅ Contagem VICTORIA concluída: 7.VICTORIA/1.RENOMEANDO -> 0 páginas
[2025-12-11 21:42:34] ✅ Contagem VICTORIA concluída: 7.VICTORIA/2.RENOMEADOS -> 0 páginas
[2025-12-12 12:59:39] Starting page count...
[2025-12-12 12:59:39] 📂 Pasta raiz configurada para contagem: G:/My Drive/XABLAU/
[2025-12-12 12:59:39] 📁 Pastas detectadas para contagem: 7
[2025-12-12 12:59:39] 🔎 Iniciando contagem da pasta: 3.BRUNO (G:/My Drive/XABLAU/3.BRUNO)
[2025-12-12 12:59:39] 🔎 Iniciando contagem da pasta: 1.LEIANES (G:/My Drive/XABLAU/1.LEIANES)
[2025-12-12 12:59:39] 🔎 Iniciando contagem da pasta: 2.EROS (G:/My Drive/XABLAU/2.EROS)
[2025-12-12 12:59:39] 🔎 Iniciando contagem da pasta: 4.MAYA (G:/My Drive/XABLAU/4.MAYA)
[2025-12-12 12:59:39] 🔎 Iniciando contagem da pasta: 5.CUSH (G:/My Drive/XABLAU/5.CUSH)
[2025-12-12 12:59:39] 🔎 Iniciando contagem da pasta: 6.ELIS (G:/My Drive/XABLAU/6.ELIS)
[2025-12-12 12:59:39] ✅ Contagem concluída: 4.MAYA -> 0 páginas
[2025-12-12 12:59:39] ✅ Contagem concluída: 1.LEIANES -> 0 páginas
[2025-12-12 12:59:45] ✅ Contagem concluída: 6.ELIS -> 1027 páginas
[2025-12-12 12:59:45] ✅ Contagem concluída: 2.EROS -> 1386 páginas
[2025-12-12 12:59:48] ✅ Contagem concluída: 5.CUSH -> 1928 páginas
[2025-12-12 12:59:49] ✅ Contagem concluída: 3.BRUNO -> 2198 páginas
[2025-12-12 12:59:49] 🔎 Iniciando contagem da pasta VICTORIA: 7.VICTORIA/1.RENOMEANDO (G:/My Drive/XABLAU/7.VICTORIA\1.RENOMEANDO)
[2025-12-12 12:59:49] 🔎 Iniciando contagem da pasta VICTORIA: 7.VICTORIA/2.RENOMEADOS (G:/My Drive/XABLAU/7.VICTORIA\2.RENOMEADOS)
[2025-12-12 12:59:49] ✅ Contagem VICTORIA concluída: 7.VICTORIA/1.RENOMEANDO -> 0 páginas
[2025-12-12 12:59:49] ✅ Contagem VICTORIA concluída: 7.VICTORIA/2.RENOMEADOS -> 0 páginas
[2025-12-12 12:59:49] ✅ Mensagem liberada para envio: Message differs and cooldown passed
[2025-12-12 12:59:49] 📨 Destino WhatsApp: tipo=group alvo=XABLAU UPDATES
[2025-12-12 12:59:49] Enviando resultados para WhatsApp...
[2025-12-12 12:59:49] ℹ️ Tamanho da mensagem: 468 caracteres
[2025-12-12 13:00:00] Message sent successfully to WhatsApp!
[2025-12-12 13:00:00] ℹ️ Saída do envio: WhatsApp connected!
Sending message to group: XABLAU UPDATES (id: 120363421676358028@g.us)
Message sent successfully! msgId: true_120363421676358028@g.us_3EB0821FDD04974B855F5E_174462209097938@lid chatId: 120363421676358028@g.us
Ack de entrega recebido (pelo menos chegou ao servidor).
[2025-12-12 13:29:35] Starting page count...
[2025-12-12 13:29:35] 📂 Pasta raiz configurada para contagem: G:/My Drive/XABLAU/
[2025-12-12 13:29:35] 📁 Pastas detectadas para contagem: 7
[2025-12-12 13:29:35] 🔎 Iniciando contagem da pasta: 3.BRUNO (G:/My Drive/XABLAU/3.BRUNO)
[2025-12-12 13:29:35] 🔎 Iniciando contagem da pasta: 1.LEIANES (G:/My Drive/XABLAU/1.LEIANES)
[2025-12-12 13:29:35] 🔎 Iniciando contagem da pasta: 2.EROS (G:/My Drive/XABLAU/2.EROS)
[2025-12-12 13:29:35] 🔎 Iniciando contagem da pasta: 4.MAYA (G:/My Drive/XABLAU/4.MAYA)
[2025-12-12 13:29:35] 🔎 Iniciando contagem da pasta: 5.CUSH (G:/My Drive/XABLAU/5.CUSH)
[2025-12-12 13:29:35] 🔎 Iniciando contagem da pasta: 6.ELIS (G:/My Drive/XABLAU/6.ELIS)
[2025-12-12 13:29:35] ✅ Contagem concluída: 1.LEIANES -> 0 páginas
[2025-12-12 13:29:35] ✅ Contagem concluída: 4.MAYA -> 0 páginas
[2025-12-12 13:29:36] ✅ Contagem concluída: 6.ELIS -> 1027 páginas
[2025-12-12 13:29:37] ✅ Contagem concluída: 2.EROS -> 1386 páginas
[2025-12-12 13:29:37] ✅ Contagem concluída: 5.CUSH -> 1928 páginas
[2025-12-12 13:29:38] ✅ Contagem concluída: 3.BRUNO -> 3245 páginas
[2025-12-12 13:29:38] 🔎 Iniciando contagem da pasta VICTORIA: 7.VICTORIA/1.RENOMEANDO (G:/My Drive/XABLAU/7.VICTORIA\1.RENOMEANDO)
[2025-12-12 13:29:38] 🔎 Iniciando contagem da pasta VICTORIA: 7.VICTORIA/2.RENOMEADOS (G:/My Drive/XABLAU/7.VICTORIA\2.RENOMEADOS)
[2025-12-12 13:29:38] ✅ Contagem VICTORIA concluída: 7.VICTORIA/1.RENOMEANDO -> 0 páginas
[2025-12-12 13:29:38] ✅ Contagem VICTORIA concluída: 7.VICTORIA/2.RENOMEADOS -> 0 páginas
[2025-12-12 13:29:38] ✅ Mensagem liberada para envio: Message differs and cooldown passed
[2025-12-12 13:29:38] 📨 Destino WhatsApp: tipo=group alvo=XABLAU UPDATES
[2025-12-12 13:29:38] Enviando resultados para WhatsApp...
[2025-12-12 13:29:38] ℹ️ Tamanho da mensagem: 469 caracteres
[2025-12-12 13:29:43] Message sent successfully to WhatsApp!
[2025-12-12 13:29:43] ℹ️ Saída do envio: WhatsApp connected!
Sending message to group: XABLAU UPDATES (id: 120363421676358028@g.us)
Message sent successfully! msgId: true_120363421676358028@g.us_3EB0AD6EA5D63B922D72B2_174462209097938@lid chatId: 120363421676358028@g.us
Ack de entrega recebido (pelo menos chegou ao servidor).
[2025-12-13 14:54:03] Starting page count...
[2025-12-13 14:54:03] 📂 Pasta raiz configurada para contagem: G:/My Drive/XABLAU/
[2025-12-13 14:54:03] 📁 Pastas detectadas para contagem: 7
[2025-12-13 14:54:03] 🔎 Iniciando contagem da pasta: 3.BRUNO (G:/My Drive/XABLAU/3.BRUNO)
[2025-12-13 14:54:03] 🔎 Iniciando contagem da pasta: 1.LEIANES (G:/My Drive/XABLAU/1.LEIANES)
[2025-12-13 14:54:03] 🔎 Iniciando contagem da pasta: 2.EROS (G:/My Drive/XABLAU/2.EROS)
[2025-12-13 14:54:03] 🔎 Iniciando contagem da pasta: 4.MAYA (G:/My Drive/XABLAU/4.MAYA)
[2025-12-13 14:54:03] 🔎 Iniciando contagem da pasta: 5.CUSH (G:/My Drive/XABLAU/5.CUSH)
[2025-12-13 14:54:03] 🔎 Iniciando contagem da pasta: 6.ELIS (G:/My Drive/XABLAU/6.ELIS)
[2025-12-13 14:54:03] ✅ Contagem concluída: 1.LEIANES -> 0 páginas
[2025-12-13 14:54:03] ✅ Contagem concluída: 4.MAYA -> 0 páginas
[2025-12-13 14:54:05] ✅ Contagem concluída: 6.ELIS -> 1027 páginas
[2025-12-13 14:54:05] ✅ Contagem concluída: 2.EROS -> 1386 páginas
[2025-12-13 14:54:06] ✅ Contagem concluída: 5.CUSH -> 1928 páginas
[2025-12-13 14:54:07] ✅ Contagem concluída: 3.BRUNO -> 3974 páginas
[2025-12-13 14:54:07] 🔎 Iniciando contagem da pasta VICTORIA: 7.VICTORIA/1.RENOMEANDO (G:/My Drive/XABLAU/7.VICTORIA\1.RENOMEANDO)
[2025-12-13 14:54:07] 🔎 Iniciando contagem da pasta VICTORIA: 7.VICTORIA/2.RENOMEADOS (G:/My Drive/XABLAU/7.VICTORIA\2.RENOMEADOS)
[2025-12-13 14:54:07] ✅ Contagem VICTORIA concluída: 7.VICTORIA/1.RENOMEANDO -> 0 páginas
[2025-12-13 14:54:07] ✅ Contagem VICTORIA concluída: 7.VICTORIA/2.RENOMEADOS -> 0 páginas
[2025-12-13 14:54:07] ✅ Mensagem liberada para envio: Message differs and cooldown passed
[2025-12-13 14:54:07] 📨 Destino WhatsApp: tipo=group alvo=XABLAU UPDATES
[2025-12-13 14:54:07] Enviando resultados para WhatsApp...
[2025-12-13 14:54:07] ℹ️ Tamanho da mensagem: 467 caracteres
[2025-12-13 14:54:15] Message sent successfully to WhatsApp!
[2025-12-13 14:54:15] ℹ️ Saída do envio: WhatsApp connected!
Sending message to group: XABLAU UPDATES (id: 120363421676358028@g.us)
Message sent successfully! msgId: true_120363421676358028@g.us_3EB054FBA5B0275439612A_174462209097938@lid chatId: 120363421676358028@g.us
Ack de entrega recebido (pelo menos chegou ao servidor).
[2025-12-13 19:57:57] Starting page count...
[2025-12-13 19:57:57] 📂 Pasta raiz configurada para contagem: G:/My Drive/XABLAU/
[2025-12-13 19:57:57] 📁 Pastas detectadas para contagem: 7
[2025-12-13 19:57:57] 🔎 Iniciando contagem da pasta: 3.BRUNO (G:/My Drive/XABLAU/3.BRUNO)
[2025-12-13 19:57:57] 🔎 Iniciando contagem da pasta: 1.LEIANES (G:/My Drive/XABLAU/1.LEIANES)
[2025-12-13 19:57:57] 🔎 Iniciando contagem da pasta: 2.EROS (G:/My Drive/XABLAU/2.EROS)
[2025-12-13 19:57:57] 🔎 Iniciando contagem da pasta: 4.MAYA (G:/My Drive/XABLAU/4.MAYA)
[2025-12-13 19:57:57] 🔎 Iniciando contagem da pasta: 5.CUSH (G:/My Drive/XABLAU/5.CUSH)
[2025-12-13 19:57:57] 🔎 Iniciando contagem da pasta: 6.ELIS (G:/My Drive/XABLAU/6.ELIS)
[2025-12-13 19:57:57] ✅ Contagem concluída: 1.LEIANES -> 0 páginas
[2025-12-13 19:57:57] ✅ Contagem concluída: 4.MAYA -> 0 páginas
[2025-12-13 19:58:03] ✅ Contagem concluída: 6.ELIS -> 1027 páginas
[2025-12-13 19:58:03] ✅ Contagem concluída: 2.EROS -> 1386 páginas
[2025-12-13 19:58:08] ✅ Contagem concluída: 3.BRUNO -> 3974 páginas
[2025-12-13 19:58:09] ✅ Contagem concluída: 5.CUSH -> 3956 páginas
[2025-12-13 19:58:09] 🔎 Iniciando contagem da pasta VICTORIA: 7.VICTORIA/1.RENOMEANDO (G:/My Drive/XABLAU/7.VICTORIA\1.RENOMEANDO)
[2025-12-13 19:58:09] 🔎 Iniciando contagem da pasta VICTORIA: 7.VICTORIA/2.RENOMEADOS (G:/My Drive/XABLAU/7.VICTORIA\2.RENOMEADOS)
[2025-12-13 19:58:09] ✅ Contagem VICTORIA concluída: 7.VICTORIA/1.RENOMEANDO -> 0 páginas
[2025-12-13 19:58:09] ✅ Contagem VICTORIA concluída: 7.VICTORIA/2.RENOMEADOS -> 0 páginas
[2025-12-13 19:58:09] ✅ Mensagem liberada para envio: Message differs and cooldown passed
[2025-12-13 19:58:09] 📨 Destino WhatsApp: tipo=group alvo=XABLAU UPDATES
[2025-12-13 19:58:09] Enviando resultados para WhatsApp...
[2025-12-13 19:58:09] ℹ️ Tamanho da mensagem: 469 caracteres
[2025-12-13 19:58:20] Message sent successfully to WhatsApp!
[2025-12-13 19:58:20] ℹ️ Saída do envio: WhatsApp connected!
Sending message to group: XABLAU UPDATES (id: 120363421676358028@g.us)
Message sent successfully! msgId: true_120363421676358028@g.us_3EB0B7BC95A08F4E79B7D5_174462209097938@lid chatId: 120363421676358028@g.us
Ack de entrega recebido (pelo menos chegou ao servidor).
[2025-12-13 20:01:07] Starting page count...
[2025-12-13 20:01:07] 📂 Pasta raiz configurada para contagem: G:/My Drive/XABLAU/
[2025-12-13 20:01:07] 📁 Pastas detectadas para contagem: 7
[2025-12-13 20:01:07] 🔎 Iniciando contagem da pasta: 3.BRUNO (G:/My Drive/XABLAU/3.BRUNO)
[2025-12-13 20:01:07] 🔎 Iniciando contagem da pasta: 1.LEIANES (G:/My Drive/XABLAU/1.LEIANES)
[2025-12-13 20:01:07] 🔎 Iniciando contagem da pasta: 2.EROS (G:/My Drive/XABLAU/2.EROS)
[2025-12-13 20:01:07] 🔎 Iniciando contagem da pasta: 4.MAYA (G:/My Drive/XABLAU/4.MAYA)
[2025-12-13 20:01:07] 🔎 Iniciando contagem da pasta: 5.CUSH (G:/My Drive/XABLAU/5.CUSH)
[2025-12-13 20:01:07] 🔎 Iniciando contagem da pasta: 6.ELIS (G:/My Drive/XABLAU/6.ELIS)
[2025-12-13 20:01:07] ✅ Contagem concluída: 1.LEIANES -> 0 páginas
[2025-12-13 20:01:07] ✅ Contagem concluída: 4.MAYA -> 0 páginas
[2025-12-13 20:01:08] ✅ Contagem concluída: 6.ELIS -> 1027 páginas
[2025-12-13 20:01:08] ✅ Contagem concluída: 2.EROS -> 1386 páginas
[2025-12-13 20:01:10] ✅ Contagem concluída: 3.BRUNO -> 3974 páginas
[2025-12-13 20:01:10] ✅ Contagem concluída: 5.CUSH -> 3956 páginas
[2025-12-13 20:01:10] 🔎 Iniciando contagem da pasta VICTORIA: 7.VICTORIA/1.RENOMEANDO (G:/My Drive/XABLAU/7.VICTORIA\1.RENOMEANDO)
[2025-12-13 20:01:10] 🔎 Iniciando contagem da pasta VICTORIA: 7.VICTORIA/2.RENOMEADOS (G:/My Drive/XABLAU/7.VICTORIA\2.RENOMEADOS)
[2025-12-13 20:01:10] ✅ Contagem VICTORIA concluída: 7.VICTORIA/1.RENOMEANDO -> 0 páginas
[2025-12-13 20:01:10] ✅ Contagem VICTORIA concluída: 7.VICTORIA/2.RENOMEADOS -> 0 páginas
[2025-12-14 23:23:51] Starting page count...
[2025-12-14 23:23:51] 📂 Pasta raiz configurada para contagem: G:/My Drive/XABLAU/
[2025-12-14 23:23:51] 📁 Pastas detectadas para contagem: 7
[2025-12-14 23:23:51] 🔎 Iniciando contagem da pasta: 3.BRUNO (G:/My Drive/XABLAU/3.BRUNO)
[2025-12-14 23:23:51] 🔎 Iniciando contagem da pasta: 1.LEIANES (G:/My Drive/XABLAU/1.LEIANES)
[2025-12-14 23:23:51] 🔎 Iniciando contagem da pasta: 2.EROS (G:/My Drive/XABLAU/2.EROS)
[2025-12-14 23:23:51] 🔎 Iniciando contagem da pasta: 4.MAYA (G:/My Drive/XABLAU/4.MAYA)
[2025-12-14 23:23:51] 🔎 Iniciando contagem da pasta: 5.CUSH (G:/My Drive/XABLAU/5.CUSH)
[2025-12-14 23:23:51] 🔎 Iniciando contagem da pasta: 6.ELIS (G:/My Drive/XABLAU/6.ELIS)
[2025-12-14 23:23:51] ✅ Contagem concluída: 1.LEIANES -> 0 páginas
[2025-12-14 23:23:51] ✅ Contagem concluída: 4.MAYA -> 0 páginas
[2025-12-14 23:23:57] ✅ Contagem concluída: 2.EROS -> 1386 páginas
[2025-12-14 23:23:57] ✅ Contagem concluída: 6.ELIS -> 1027 páginas
[2025-12-14 23:24:04] ✅ Contagem concluída: 3.BRUNO -> 3974 páginas
[2025-12-14 23:24:05] ✅ Contagem concluída: 5.CUSH -> 3956 páginas
[2025-12-14 23:24:05] 🔎 Iniciando contagem da pasta VICTORIA: 7.VICTORIA/1.RENOMEANDO (G:/My Drive/XABLAU/7.VICTORIA\1.RENOMEANDO)
[2025-12-14 23:24:05] 🔎 Iniciando contagem da pasta VICTORIA: 7.VICTORIA/2.RENOMEADOS (G:/My Drive/XABLAU/7.VICTORIA\2.RENOMEADOS)
[2025-12-14 23:24:05] ✅ Contagem VICTORIA concluída: 7.VICTORIA/1.RENOMEANDO -> 0 páginas
[2025-12-14 23:24:05] ✅ Contagem VICTORIA concluída: 7.VICTORIA/2.RENOMEADOS -> 0 páginas
[2025-12-15 10:52:10] Starting page count...
[2025-12-15 10:52:10] 📂 Pasta raiz configurada para contagem: G:/My Drive/XABLAU/
[2025-12-15 10:52:10] 📁 Pastas detectadas para contagem: 7
[2025-12-15 10:52:10] 🔎 Iniciando contagem da pasta: 3.BRUNO (G:/My Drive/XABLAU/3.BRUNO)
[2025-12-15 10:52:10] 🔎 Iniciando contagem da pasta: 1.LEIANES (G:/My Drive/XABLAU/1.LEIANES)
[2025-12-15 10:52:10] 🔎 Iniciando contagem da pasta: 2.EROS (G:/My Drive/XABLAU/2.EROS)
[2025-12-15 10:52:10] 🔎 Iniciando contagem da pasta: 4.MAYA (G:/My Drive/XABLAU/4.MAYA)
[2025-12-15 10:52:10] 🔎 Iniciando contagem da pasta: 5.CUSH (G:/My Drive/XABLAU/5.CUSH)
[2025-12-15 10:52:10] 🔎 Iniciando contagem da pasta: 6.ELIS (G:/My Drive/XABLAU/6.ELIS)
[2025-12-15 10:52:10] ✅ Contagem concluída: 1.LEIANES -> 0 páginas
[2025-12-15 10:52:10] ✅ Contagem concluída: 4.MAYA -> 0 páginas
[2025-12-15 10:52:18] ✅ Contagem concluída: 2.EROS -> 1386 páginas
[2025-12-15 10:52:18] ✅ Contagem concluída: 6.ELIS -> 1027 páginas
[2025-12-15 10:52:28] ✅ Contagem concluída: 3.BRUNO -> 3974 páginas
[2025-12-15 10:52:29] ✅ Contagem concluída: 5.CUSH -> 3956 páginas
[2025-12-15 10:52:29] 🔎 Iniciando contagem da pasta VICTORIA: 7.VICTORIA/1.RENOMEANDO (G:/My Drive/XABLAU/7.VICTORIA\1.RENOMEANDO)
[2025-12-15 10:52:29] 🔎 Iniciando contagem da pasta VICTORIA: 7.VICTORIA/2.RENOMEADOS (G:/My Drive/XABLAU/7.VICTORIA\2.RENOMEADOS)
[2025-12-15 10:52:29] ✅ Contagem VICTORIA concluída: 7.VICTORIA/1.RENOMEANDO -> 0 páginas
[2025-12-15 10:52:29] ✅ Contagem VICTORIA concluída: 7.VICTORIA/2.RENOMEADOS -> 0 páginas
[2025-12-15 13:10:49] Starting page count...
[2025-12-15 13:10:49] 📂 Pasta raiz configurada para contagem: G:/My Drive/XABLAU/
[2025-12-15 13:10:49] 📁 Pastas detectadas para contagem: 7
[2025-12-15 13:10:49] 🔎 Iniciando contagem da pasta: 3.BRUNO (G:/My Drive/XABLAU/3.BRUNO)
[2025-12-15 13:10:49] 🔎 Iniciando contagem da pasta: 1.LEIANES (G:/My Drive/XABLAU/1.LEIANES)
[2025-12-15 13:10:49] 🔎 Iniciando contagem da pasta: 2.EROS (G:/My Drive/XABLAU/2.EROS)
[2025-12-15 13:10:49] 🔎 Iniciando contagem da pasta: 4.MAYA (G:/My Drive/XABLAU/4.MAYA)
[2025-12-15 13:10:49] 🔎 Iniciando contagem da pasta: 5.CUSH (G:/My Drive/XABLAU/5.CUSH)
[2025-12-15 13:10:49] 🔎 Iniciando contagem da pasta: 6.ELIS (G:/My Drive/XABLAU/6.ELIS)
[2025-12-15 13:10:49] ✅ Contagem concluída: 1.LEIANES -> 0 páginas
[2025-12-15 13:10:49] ✅ Contagem concluída: 4.MAYA -> 0 páginas
[2025-12-15 13:10:55] ✅ Contagem concluída: 6.ELIS -> 1027 páginas
[2025-12-15 13:10:57] ✅ Contagem concluída: 2.EROS -> 2287 páginas
[2025-12-15 13:11:03] ✅ Contagem concluída: 3.BRUNO -> 3974 páginas
[2025-12-15 13:11:04] ✅ Contagem concluída: 5.CUSH -> 3956 páginas
[2025-12-15 13:11:04] 🔎 Iniciando contagem da pasta VICTORIA: 7.VICTORIA/1.RENOMEANDO (G:/My Drive/XABLAU/7.VICTORIA\1.RENOMEANDO)
[2025-12-15 13:11:04] 🔎 Iniciando contagem da pasta VICTORIA: 7.VICTORIA/2.RENOMEADOS (G:/My Drive/XABLAU/7.VICTORIA\2.RENOMEADOS)
[2025-12-15 13:11:04] ✅ Contagem VICTORIA concluída: 7.VICTORIA/1.RENOMEANDO -> 0 páginas
[2025-12-15 13:11:04] ✅ Contagem VICTORIA concluída: 7.VICTORIA/2.RENOMEADOS -> 0 páginas
[2025-12-15 13:11:04] ✅ Mensagem liberada para envio: Message differs and cooldown passed
[2025-12-15 13:11:04] 📨 Destino WhatsApp: tipo=group alvo=XABLAU UPDATES
[2025-12-15 13:11:04] Enviando resultados para WhatsApp...
[2025-12-15 13:11:04] ℹ️ Tamanho da mensagem: 467 caracteres
[2025-12-15 13:11:18] Message sent successfully to WhatsApp!
[2025-12-15 13:11:18] ℹ️ Saída do envio: WhatsApp connected!
Sending message to group: XABLAU UPDATES (id: 120363421676358028@g.us)
Message sent successfully! msgId: true_120363421676358028@g.us_3EB02704AF28007116E198_174462209097938@lid chatId: 120363421676358028@g.us
Ack de entrega recebido (pelo menos chegou ao servidor).
[2025-12-15 14:43:11] Starting page count...
[2025-12-15 14:43:11] 📂 Pasta raiz configurada para contagem: G:/My Drive/XABLAU/
[2025-12-15 14:43:11] 📁 Pastas detectadas para contagem: 7
[2025-12-15 14:43:11] 🔎 Iniciando contagem da pasta: 3.BRUNO (G:/My Drive/XABLAU/3.BRUNO)
[2025-12-15 14:43:11] 🔎 Iniciando contagem da pasta: 1.LEIANES (G:/My Drive/XABLAU/1.LEIANES)
[2025-12-15 14:43:11] 🔎 Iniciando contagem da pasta: 2.EROS (G:/My Drive/XABLAU/2.EROS)
[2025-12-15 14:43:11] 🔎 Iniciando contagem da pasta: 4.MAYA (G:/My Drive/XABLAU/4.MAYA)
[2025-12-15 14:43:11] 🔎 Iniciando contagem da pasta: 5.CUSH (G:/My Drive/XABLAU/5.CUSH)
[2025-12-15 14:43:11] 🔎 Iniciando contagem da pasta: 6.ELIS (G:/My Drive/XABLAU/6.ELIS)
[2025-12-15 14:43:11] ✅ Contagem concluída: 1.LEIANES -> 0 páginas
[2025-12-15 14:43:11] ✅ Contagem concluída: 4.MAYA -> 0 páginas
[2025-12-15 14:43:13] ✅ Contagem concluída: 6.ELIS -> 1027 páginas
[2025-12-15 14:43:14] ✅ Contagem concluída: 2.EROS -> 2307 páginas
[2025-12-15 14:43:16] ✅ Contagem concluída: 3.BRUNO -> 3974 páginas
[2025-12-15 14:43:16] ✅ Contagem concluída: 5.CUSH -> 3956 páginas
[2025-12-15 14:43:16] 🔎 Iniciando contagem da pasta VICTORIA: 7.VICTORIA/1.RENOMEANDO (G:/My Drive/XABLAU/7.VICTORIA\1.RENOMEANDO)
[2025-12-15 14:43:16] 🔎 Iniciando contagem da pasta VICTORIA: 7.VICTORIA/2.RENOMEADOS (G:/My Drive/XABLAU/7.VICTORIA\2.RENOMEADOS)
[2025-12-15 14:43:16] ✅ Contagem VICTORIA concluída: 7.VICTORIA/1.RENOMEANDO -> 0 páginas
[2025-12-15 14:43:16] ✅ Contagem VICTORIA concluída: 7.VICTORIA/2.RENOMEADOS -> 0 páginas
[2025-12-15 14:43:16] ✅ Mensagem liberada para envio: Message differs and cooldown passed
[2025-12-15 14:43:16] 📨 Destino WhatsApp: tipo=group alvo=XABLAU UPDATES
[2025-12-15 14:43:16] Enviando resultados para WhatsApp...
[2025-12-15 14:43:16] ℹ️ Tamanho da mensagem: 465 caracteres
[2025-12-15 14:43:28] Message sent successfully to WhatsApp!
[2025-12-15 14:43:28] ℹ️ Saída do envio: WhatsApp connected!
Sending message to group: XABLAU UPDATES (id: 120363421676358028@g.us)
Message sent successfully! msgId: true_120363421676358028@g.us_3EB0F8BC82264977756B50_174462209097938@lid chatId: 120363421676358028@g.us
Ack de entrega recebido (pelo menos chegou ao servidor).
[2025-12-15 14:46:01] Starting page count...
[2025-12-15 14:46:01] 📂 Pasta raiz configurada para contagem: G:/My Drive/XABLAU/
[2025-12-15 14:46:01] 📁 Pastas detectadas para contagem: 7
[2025-12-15 14:46:01] 🔎 Iniciando contagem da pasta: 3.BRUNO (G:/My Drive/XABLAU/3.BRUNO)
[2025-12-15 14:46:01] 🔎 Iniciando contagem da pasta: 1.LEIANES (G:/My Drive/XABLAU/1.LEIANES)
[2025-12-15 14:46:01] 🔎 Iniciando contagem da pasta: 2.EROS (G:/My Drive/XABLAU/2.EROS)
[2025-12-15 14:46:01] 🔎 Iniciando contagem da pasta: 4.MAYA (G:/My Drive/XABLAU/4.MAYA)
[2025-12-15 14:46:01] 🔎 Iniciando contagem da pasta: 5.CUSH (G:/My Drive/XABLAU/5.CUSH)
[2025-12-15 14:46:01] 🔎 Iniciando contagem da pasta: 6.ELIS (G:/My Drive/XABLAU/6.ELIS)
[2025-12-15 14:46:01] ✅ Contagem concluída: 1.LEIANES -> 0 páginas
[2025-12-15 14:46:01] ✅ Contagem concluída: 4.MAYA -> 0 páginas
[2025-12-15 14:46:02] ✅ Contagem concluída: 6.ELIS -> 1027 páginas
[2025-12-15 14:46:02] ✅ Contagem concluída: 2.EROS -> 2307 páginas
[2025-12-15 14:46:04] ✅ Contagem concluída: 3.BRUNO -> 3974 páginas
[2025-12-15 14:46:04] ✅ Contagem concluída: 5.CUSH -> 3956 páginas
[2025-12-15 14:46:04] 🔎 Iniciando contagem da pasta VICTORIA: 7.VICTORIA/1.RENOMEANDO (G:/My Drive/XABLAU/7.VICTORIA\1.RENOMEANDO)
[2025-12-15 14:46:04] 🔎 Iniciando contagem da pasta VICTORIA: 7.VICTORIA/2.RENOMEADOS (G:/My Drive/XABLAU/7.VICTORIA\2.RENOMEADOS)
[2025-12-15 14:46:04] ✅ Contagem VICTORIA concluída: 7.VICTORIA/1.RENOMEANDO -> 0 páginas
[2025-12-15 14:46:04] ✅ Contagem VICTORIA concluída: 7.VICTORIA/2.RENOMEADOS -> 0 páginas
[2025-12-16 11:01:56] Starting page count...
[2025-12-16 11:01:56] 📂 Pasta raiz configurada para contagem: G:/My Drive/XABLAU/
[2025-12-16 11:01:56] 📁 Pastas detectadas para contagem: 7
[2025-12-16 11:01:56] 🔎 Iniciando contagem da pasta: 3.BRUNO (G:/My Drive/XABLAU/3.BRUNO)
[2025-12-16 11:01:56] 🔎 Iniciando contagem da pasta: 1.LEIANES (G:/My Drive/XABLAU/1.LEIANES)
[2025-12-16 11:01:56] 🔎 Iniciando contagem da pasta: 2.EROS (G:/My Drive/XABLAU/2.EROS)
[2025-12-16 11:01:56] 🔎 Iniciando contagem da pasta: 4.MAYA (G:/My Drive/XABLAU/4.MAYA)
[2025-12-16 11:01:56] 🔎 Iniciando contagem da pasta: 5.CUSH (G:/My Drive/XABLAU/5.CUSH)
[2025-12-16 11:01:56] 🔎 Iniciando contagem da pasta: 6.ELIS (G:/My Drive/XABLAU/6.ELIS)
[2025-12-16 11:01:56] ✅ Contagem concluída: 1.LEIANES -> 0 páginas
[2025-12-16 11:01:56] ✅ Contagem concluída: 4.MAYA -> 0 páginas
[2025-12-16 11:02:02] ✅ Contagem concluída: 6.ELIS -> 1027 páginas
[2025-12-16 11:02:05] ✅ Contagem concluída: 2.EROS -> 2307 páginas
[2025-12-16 11:02:11] ✅ Contagem concluída: 3.BRUNO -> 3974 páginas
[2025-12-16 11:02:12] ✅ Contagem concluída: 5.CUSH -> 3956 páginas
[2025-12-16 11:02:12] 🔎 Iniciando contagem da pasta VICTORIA: 7.VICTORIA/1.RENOMEANDO (G:/My Drive/XABLAU/7.VICTORIA\1.RENOMEANDO)
[2025-12-16 11:02:12] 🔎 Iniciando contagem da pasta VICTORIA: 7.VICTORIA/2.RENOMEADOS (G:/My Drive/XABLAU/7.VICTORIA\2.RENOMEADOS)
[2025-12-16 11:02:12] ✅ Contagem VICTORIA concluída: 7.VICTORIA/1.RENOMEANDO -> 0 páginas
[2025-12-16 11:02:12] ✅ Contagem VICTORIA concluída: 7.VICTORIA/2.RENOMEADOS -> 0 páginas
[2025-12-16 12:22:36] Starting page count...
[2025-12-16 12:22:36] 📂 Pasta raiz configurada para contagem: G:/My Drive/XABLAU/
[2025-12-16 12:22:36] 📁 Pastas detectadas para contagem: 7
[2025-12-16 12:22:36] 🔎 Iniciando contagem da pasta: 3.BRUNO (G:/My Drive/XABLAU/3.BRUNO)
[2025-12-16 12:22:36] 🔎 Iniciando contagem da pasta: 1.LEIANES (G:/My Drive/XABLAU/1.LEIANES)
[2025-12-16 12:22:36] 🔎 Iniciando contagem da pasta: 2.EROS (G:/My Drive/XABLAU/2.EROS)
[2025-12-16 12:22:36] 🔎 Iniciando contagem da pasta: 4.MAYA (G:/My Drive/XABLAU/4.MAYA)
[2025-12-16 12:22:36] 🔎 Iniciando contagem da pasta: 5.CUSH (G:/My Drive/XABLAU/5.CUSH)
[2025-12-16 12:22:36] 🔎 Iniciando contagem da pasta: 6.ELIS (G:/My Drive/XABLAU/6.ELIS)
[2025-12-16 12:22:36] ✅ Contagem concluída: 1.LEIANES -> 0 páginas
[2025-12-16 12:22:36] ✅ Contagem concluída: 4.MAYA -> 0 páginas
[2025-12-16 12:22:43] ✅ Contagem concluída: 6.ELIS -> 1027 páginas
[2025-12-16 12:22:46] ✅ Contagem concluída: 2.EROS -> 2318 páginas
[2025-12-16 12:22:53] ✅ Contagem concluída: 3.BRUNO -> 3974 páginas
[2025-12-16 12:22:54] ✅ Contagem concluída: 5.CUSH -> 3956 páginas
[2025-12-16 12:22:54] 🔎 Iniciando contagem da pasta VICTORIA: 7.VICTORIA/1.RENOMEANDO (G:/My Drive/XABLAU/7.VICTORIA\1.RENOMEANDO)
[2025-12-16 12:22:54] 🔎 Iniciando contagem da pasta VICTORIA: 7.VICTORIA/2.RENOMEADOS (G:/My Drive/XABLAU/7.VICTORIA\2.RENOMEADOS)
[2025-12-16 12:22:54] ✅ Contagem VICTORIA concluída: 7.VICTORIA/1.RENOMEANDO -> 0 páginas
[2025-12-16 12:22:54] ✅ Contagem VICTORIA concluída: 7.VICTORIA/2.RENOMEADOS -> 0 páginas
[2025-12-16 12:22:54] ✅ Mensagem liberada para envio: Message differs and cooldown passed
[2025-12-16 12:22:54] 📨 Destino WhatsApp: tipo=group alvo=XABLAU UPDATES
[2025-12-16 12:22:54] Enviando resultados para WhatsApp...
[2025-12-16 12:22:54] ℹ️ Tamanho da mensagem: 465 caracteres
[2025-12-16 12:23:09] Message sent successfully to WhatsApp!
[2025-12-16 12:23:09] ℹ️ Saída do envio: WhatsApp connected!
Sending message to group: XABLAU UPDATES (id: 120363421676358028@g.us)
Message sent successfully! msgId: true_120363421676358028@g.us_3EB099D0ACCA7B4A4BE15E_174462209097938@lid chatId: 120363421676358028@g.us
Ack de entrega recebido (pelo menos chegou ao servidor).
[2025-12-16 12:41:10] Starting page count...
[2025-12-16 12:41:10] 📂 Pasta raiz configurada para contagem: G:/My Drive/XABLAU/
[2025-12-16 12:41:10] 📁 Pastas detectadas para contagem: 7
[2025-12-16 12:41:10] 🔎 Iniciando contagem da pasta: 3.BRUNO (G:/My Drive/XABLAU/3.BRUNO)
[2025-12-16 12:41:10] 🔎 Iniciando contagem da pasta: 1.LEIANES (G:/My Drive/XABLAU/1.LEIANES)
[2025-12-16 12:41:10] 🔎 Iniciando contagem da pasta: 2.EROS (G:/My Drive/XABLAU/2.EROS)
[2025-12-16 12:41:10] 🔎 Iniciando contagem da pasta: 4.MAYA (G:/My Drive/XABLAU/4.MAYA)
[2025-12-16 12:41:10] 🔎 Iniciando contagem da pasta: 5.CUSH (G:/My Drive/XABLAU/5.CUSH)
[2025-12-16 12:41:10] 🔎 Iniciando contagem da pasta: 6.ELIS (G:/My Drive/XABLAU/6.ELIS)
[2025-12-16 12:41:10] ✅ Contagem concluída: 1.LEIANES -> 0 páginas
[2025-12-16 12:41:10] ✅ Contagem concluída: 4.MAYA -> 0 páginas
[2025-12-16 12:41:12] ✅ Contagem concluída: 6.ELIS -> 1027 páginas
[2025-12-16 12:41:13] ✅ Contagem concluída: 2.EROS -> 3165 páginas
[2025-12-16 12:41:14] ✅ Contagem concluída: 3.BRUNO -> 3974 páginas
[2025-12-16 12:41:15] ✅ Contagem concluída: 5.CUSH -> 3956 páginas
[2025-12-16 12:41:15] 🔎 Iniciando contagem da pasta VICTORIA: 7.VICTORIA/1.RENOMEANDO (G:/My Drive/XABLAU/7.VICTORIA\1.RENOMEANDO)
[2025-12-16 12:41:15] 🔎 Iniciando contagem da pasta VICTORIA: 7.VICTORIA/2.RENOMEADOS (G:/My Drive/XABLAU/7.VICTORIA\2.RENOMEADOS)
[2025-12-16 12:41:15] ✅ Contagem VICTORIA concluída: 7.VICTORIA/1.RENOMEANDO -> 0 páginas
[2025-12-16 12:41:15] ✅ Contagem VICTORIA concluída: 7.VICTORIA/2.RENOMEADOS -> 0 páginas
[2025-12-16 12:41:15] ✅ Mensagem liberada para envio: Message differs and cooldown passed
[2025-12-16 12:41:15] 📨 Destino WhatsApp: tipo=group alvo=XABLAU UPDATES
[2025-12-16 12:41:15] Enviando resultados para WhatsApp...
[2025-12-16 12:41:15] ℹ️ Tamanho da mensagem: 467 caracteres
[2025-12-16 12:41:21] Message sent successfully to WhatsApp!
[2025-12-16 12:41:21] ℹ️ Saída do envio: WhatsApp connected!
Sending message to group: XABLAU UPDATES (id: 120363421676358028@g.us)
Message sent successfully! msgId: true_120363421676358028@g.us_3EB019E4EC7581FC8AC673_174462209097938@lid chatId: 120363421676358028@g.us
Ack de entrega recebido (pelo menos chegou ao servidor).
[2025-12-16 17:14:20] Starting page count...
[2025-12-16 17:14:20] 📂 Pasta raiz configurada para contagem: G:/My Drive/XABLAU/
[2025-12-16 17:14:20] 📁 Pastas detectadas para contagem: 7
[2025-12-16 17:14:20] 🔎 Iniciando contagem da pasta: 3.BRUNO (G:/My Drive/XABLAU/3.BRUNO)
[2025-12-16 17:14:20] 🔎 Iniciando contagem da pasta: 1.LEIANES (G:/My Drive/XABLAU/1.LEIANES)
[2025-12-16 17:14:20] 🔎 Iniciando contagem da pasta: 2.EROS (G:/My Drive/XABLAU/2.EROS)
[2025-12-16 17:14:20] 🔎 Iniciando contagem da pasta: 4.MAYA (G:/My Drive/XABLAU/4.MAYA)
[2025-12-16 17:14:20] 🔎 Iniciando contagem da pasta: 5.CUSH (G:/My Drive/XABLAU/5.CUSH)
[2025-12-16 17:14:20] 🔎 Iniciando contagem da pasta: 6.ELIS (G:/My Drive/XABLAU/6.ELIS)
[2025-12-16 17:14:20] ✅ Contagem concluída: 1.LEIANES -> 0 páginas
[2025-12-16 17:14:20] ✅ Contagem concluída: 4.MAYA -> 0 páginas
[2025-12-16 17:14:21] ✅ Contagem concluída: 6.ELIS -> 1027 páginas
[2025-12-16 17:14:23] ✅ Contagem concluída: 2.EROS -> 3165 páginas
[2025-12-16 17:14:24] ✅ Contagem concluída: 3.BRUNO -> 3974 páginas
[2025-12-16 17:14:25] ✅ Contagem concluída: 5.CUSH -> 3956 páginas
[2025-12-16 17:14:25] 🔎 Iniciando contagem da pasta VICTORIA: 7.VICTORIA/1.RENOMEANDO (G:/My Drive/XABLAU/7.VICTORIA\1.RENOMEANDO)
[2025-12-16 17:14:25] 🔎 Iniciando contagem da pasta VICTORIA: 7.VICTORIA/2.RENOMEADOS (G:/My Drive/XABLAU/7.VICTORIA\2.RENOMEADOS)
[2025-12-16 17:14:25] ✅ Contagem VICTORIA concluída: 7.VICTORIA/1.RENOMEANDO -> 0 páginas
[2025-12-16 17:14:25] ✅ Contagem VICTORIA concluída: 7.VICTORIA/2.RENOMEADOS -> 0 páginas
[2025-12-16 18:09:11] Starting page count...
[2025-12-16 18:09:11] 📂 Pasta raiz configurada para contagem: G:/My Drive/XABLAU/
[2025-12-16 18:09:11] 📁 Pastas detectadas para contagem: 7
[2025-12-16 18:09:11] 🔎 Iniciando contagem da pasta: 3.BRUNO (G:/My Drive/XABLAU/3.BRUNO)
[2025-12-16 18:09:11] 🔎 Iniciando contagem da pasta: 1.LEIANES (G:/My Drive/XABLAU/1.LEIANES)
[2025-12-16 18:09:11] 🔎 Iniciando contagem da pasta: 2.EROS (G:/My Drive/XABLAU/2.EROS)
[2025-12-16 18:09:11] 🔎 Iniciando contagem da pasta: 4.MAYA (G:/My Drive/XABLAU/4.MAYA)
[2025-12-16 18:09:11] 🔎 Iniciando contagem da pasta: 5.CUSH (G:/My Drive/XABLAU/5.CUSH)
[2025-12-16 18:09:11] 🔎 Iniciando contagem da pasta: 6.ELIS (G:/My Drive/XABLAU/6.ELIS)
[2025-12-16 18:09:11] ✅ Contagem concluída: 1.LEIANES -> 0 páginas
[2025-12-16 18:09:12] ✅ Contagem concluída: 4.MAYA -> 1198 páginas
[2025-12-16 18:09:14] ✅ Contagem concluída: 6.ELIS -> 1027 páginas
[2025-12-16 18:09:14] ✅ Contagem concluída: 2.EROS -> 3165 páginas
[2025-12-16 18:09:15] ✅ Contagem concluída: 3.BRUNO -> 3974 páginas
[2025-12-16 18:09:15] ✅ Contagem concluída: 5.CUSH -> 3956 páginas
[2025-12-16 18:09:15] 🔎 Iniciando contagem da pasta VICTORIA: 7.VICTORIA/1.RENOMEANDO (G:/My Drive/XABLAU/7.VICTORIA\1.RENOMEANDO)
[2025-12-16 18:09:15] 🔎 Iniciando contagem da pasta VICTORIA: 7.VICTORIA/2.RENOMEADOS (G:/My Drive/XABLAU/7.VICTORIA\2.RENOMEADOS)
[2025-12-16 18:09:15] ✅ Contagem VICTORIA concluída: 7.VICTORIA/1.RENOMEANDO -> 0 páginas
[2025-12-16 18:09:15] ✅ Contagem VICTORIA concluída: 7.VICTORIA/2.RENOMEADOS -> 0 páginas
[2025-12-16 18:09:15] ✅ Mensagem liberada para envio: Message differs and cooldown passed
[2025-12-16 18:09:15] 📨 Destino WhatsApp: tipo=group alvo=XABLAU UPDATES
[2025-12-16 18:09:15] Enviando resultados para WhatsApp...
[2025-12-16 18:09:15] ℹ️ Tamanho da mensagem: 472 caracteres
[2025-12-16 18:09:26] Message sent successfully to WhatsApp!
[2025-12-16 18:09:26] ℹ️ Saída do envio: WhatsApp connected!
Sending message to group: XABLAU UPDATES (id: 120363421676358028@g.us)
Message sent successfully! msgId: true_120363421676358028@g.us_3EB05BC7D823B0E8CBE759_174462209097938@lid chatId: 120363421676358028@g.us
Ack de entrega recebido (pelo menos chegou ao servidor).
[2025-12-17 10:23:29] Starting page count...
[2025-12-17 10:23:29] 📂 Pasta raiz configurada para contagem: G:/My Drive/XABLAU/
[2025-12-17 10:23:29] 📁 Pastas detectadas para contagem: 7
[2025-12-17 10:23:29] 🔎 Iniciando contagem da pasta: 3.BRUNO (G:/My Drive/XABLAU/3.BRUNO)
[2025-12-17 10:23:29] 🔎 Iniciando contagem da pasta: 1.LEIANES (G:/My Drive/XABLAU/1.LEIANES)
[2025-12-17 10:23:29] 🔎 Iniciando contagem da pasta: 2.EROS (G:/My Drive/XABLAU/2.EROS)
[2025-12-17 10:23:29] 🔎 Iniciando contagem da pasta: 4.MAYA (G:/My Drive/XABLAU/4.MAYA)
[2025-12-17 10:23:29] 🔎 Iniciando contagem da pasta: 5.CUSH (G:/My Drive/XABLAU/5.CUSH)
[2025-12-17 10:23:29] 🔎 Iniciando contagem da pasta: 6.ELIS (G:/My Drive/XABLAU/6.ELIS)
[2025-12-17 10:23:29] ✅ Contagem concluída: 1.LEIANES -> 0 páginas
[2025-12-17 10:23:38] ✅ Contagem concluída: 4.MAYA -> 1198 páginas
[2025-12-17 10:23:46] ✅ Contagem concluída: 6.ELIS -> 1027 páginas
[2025-12-17 10:23:47] ✅ Contagem concluída: 2.EROS -> 3165 páginas
[2025-12-17 10:23:53] ✅ Contagem concluída: 5.CUSH -> 3956 páginas
[2025-12-17 10:23:55] ✅ Contagem concluída: 3.BRUNO -> 4683 páginas
[2025-12-17 10:23:55] 🔎 Iniciando contagem da pasta VICTORIA: 7.VICTORIA/1.RENOMEANDO (G:/My Drive/XABLAU/7.VICTORIA\1.RENOMEANDO)
[2025-12-17 10:23:55] 🔎 Iniciando contagem da pasta VICTORIA: 7.VICTORIA/2.RENOMEADOS (G:/My Drive/XABLAU/7.VICTORIA\2.RENOMEADOS)
[2025-12-17 10:23:55] ✅ Contagem VICTORIA concluída: 7.VICTORIA/1.RENOMEANDO -> 0 páginas
[2025-12-17 10:23:55] ✅ Contagem VICTORIA concluída: 7.VICTORIA/2.RENOMEADOS -> 0 páginas
[2025-12-17 10:23:55] ✅ Mensagem liberada para envio: Message differs and cooldown passed
[2025-12-17 10:23:55] 📨 Destino WhatsApp: tipo=group alvo=XABLAU UPDATES
[2025-12-17 10:23:55] Enviando resultados para WhatsApp...
[2025-12-17 10:23:55] ℹ️ Tamanho da mensagem: 471 caracteres
[2025-12-17 10:24:13] Message sent successfully to WhatsApp!
[2025-12-17 10:24:13] ℹ️ Saída do envio: WhatsApp connected!
Sending message to group: XABLAU UPDATES (id: 120363421676358028@g.us)
Message sent successfully! msgId: true_120363421676358028@g.us_3EB0842C04AAB63AA31B2D_174462209097938@lid chatId: 120363421676358028@g.us
Ack de entrega recebido (pelo menos chegou ao servidor).
[2025-12-17 10:38:34] Starting page count...
[2025-12-17 10:38:34] 📂 Pasta raiz configurada para contagem: G:/My Drive/XABLAU/
[2025-12-17 10:38:34] 📁 Pastas detectadas para contagem: 7
[2025-12-17 10:38:34] 🔎 Iniciando contagem da pasta: 3.BRUNO (G:/My Drive/XABLAU/3.BRUNO)
[2025-12-17 10:38:34] 🔎 Iniciando contagem da pasta: 1.LEIANES (G:/My Drive/XABLAU/1.LEIANES)
[2025-12-17 10:38:34] 🔎 Iniciando contagem da pasta: 2.EROS (G:/My Drive/XABLAU/2.EROS)
[2025-12-17 10:38:34] 🔎 Iniciando contagem da pasta: 4.MAYA (G:/My Drive/XABLAU/4.MAYA)
[2025-12-17 10:38:34] 🔎 Iniciando contagem da pasta: 5.CUSH (G:/My Drive/XABLAU/5.CUSH)
[2025-12-17 10:38:34] 🔎 Iniciando contagem da pasta: 6.ELIS (G:/My Drive/XABLAU/6.ELIS)
[2025-12-17 10:38:34] ✅ Contagem concluída: 1.LEIANES -> 0 páginas
[2025-12-17 10:38:35] ✅ Contagem concluída: 4.MAYA -> 1198 páginas
[2025-12-17 10:38:36] ✅ Contagem concluída: 6.ELIS -> 1027 páginas
[2025-12-17 10:38:37] ✅ Contagem concluída: 2.EROS -> 3165 páginas
[2025-12-17 10:38:38] ✅ Contagem concluída: 5.CUSH -> 3956 páginas
[2025-12-17 10:38:39] ✅ Contagem concluída: 3.BRUNO -> 5232 páginas
[2025-12-17 10:38:39] 🔎 Iniciando contagem da pasta VICTORIA: 7.VICTORIA/1.RENOMEANDO (G:/My Drive/XABLAU/7.VICTORIA\1.RENOMEANDO)
[2025-12-17 10:38:39] 🔎 Iniciando contagem da pasta VICTORIA: 7.VICTORIA/2.RENOMEADOS (G:/My Drive/XABLAU/7.VICTORIA\2.RENOMEADOS)
[2025-12-17 10:38:39] ✅ Contagem VICTORIA concluída: 7.VICTORIA/1.RENOMEANDO -> 0 páginas
[2025-12-17 10:38:39] ✅ Contagem VICTORIA concluída: 7.VICTORIA/2.RENOMEADOS -> 0 páginas
[2025-12-17 10:38:39] ✅ Mensagem liberada para envio: Message differs and cooldown passed
[2025-12-17 10:38:39] 📨 Destino WhatsApp: tipo=group alvo=XABLAU UPDATES
[2025-12-17 10:38:39] Enviando resultados para WhatsApp...
[2025-12-17 10:38:39] ℹ️ Tamanho da mensagem: 471 caracteres
[2025-12-17 10:38:47] Message sent successfully to WhatsApp!
[2025-12-17 10:38:47] ℹ️ Saída do envio: WhatsApp connected!
Sending message to group: XABLAU UPDATES (id: 120363421676358028@g.us)
Message sent successfully! msgId: true_120363421676358028@g.us_3EB070A9AEDD2A17BA1D14_174462209097938@lid chatId: 120363421676358028@g.us
Ack de entrega recebido (pelo menos chegou ao servidor).
[2025-12-17 10:56:15] Starting page count...
[2025-12-17 10:56:15] 📂 Pasta raiz configurada para contagem: G:/My Drive/XABLAU/
[2025-12-17 10:56:15] 📁 Pastas detectadas para contagem: 7
[2025-12-17 10:56:15] 🔎 Iniciando contagem da pasta: 3.BRUNO (G:/My Drive/XABLAU/3.BRUNO)
[2025-12-17 10:56:15] 🔎 Iniciando contagem da pasta: 1.LEIANES (G:/My Drive/XABLAU/1.LEIANES)
[2025-12-17 10:56:15] 🔎 Iniciando contagem da pasta: 2.EROS (G:/My Drive/XABLAU/2.EROS)
[2025-12-17 10:56:15] 🔎 Iniciando contagem da pasta: 4.MAYA (G:/My Drive/XABLAU/4.MAYA)
[2025-12-17 10:56:15] 🔎 Iniciando contagem da pasta: 5.CUSH (G:/My Drive/XABLAU/5.CUSH)
[2025-12-17 10:56:15] 🔎 Iniciando contagem da pasta: 6.ELIS (G:/My Drive/XABLAU/6.ELIS)
[2025-12-17 10:56:15] ✅ Contagem concluída: 1.LEIANES -> 0 páginas
[2025-12-17 10:56:17] ✅ Contagem concluída: 4.MAYA -> 1198 páginas
[2025-12-17 10:56:18] ✅ Contagem concluída: 6.ELIS -> 1027 páginas
[2025-12-17 10:56:19] ✅ Contagem concluída: 2.EROS -> 3165 páginas
[2025-12-17 10:56:20] ✅ Contagem concluída: 5.CUSH -> 3956 páginas
[2025-12-17 10:56:21] ✅ Contagem concluída: 3.BRUNO -> 5250 páginas
[2025-12-17 10:56:21] 🔎 Iniciando contagem da pasta VICTORIA: 7.VICTORIA/1.RENOMEANDO (G:/My Drive/XABLAU/7.VICTORIA\1.RENOMEANDO)
[2025-12-17 10:56:21] 🔎 Iniciando contagem da pasta VICTORIA: 7.VICTORIA/2.RENOMEADOS (G:/My Drive/XABLAU/7.VICTORIA\2.RENOMEADOS)
[2025-12-17 10:56:21] ✅ Contagem VICTORIA concluída: 7.VICTORIA/1.RENOMEANDO -> 0 páginas
[2025-12-17 10:56:21] ✅ Contagem VICTORIA concluída: 7.VICTORIA/2.RENOMEADOS -> 0 páginas
[2025-12-17 10:56:21] ✅ Mensagem liberada para envio: Message differs and cooldown passed
[2025-12-17 10:56:21] 📨 Destino WhatsApp: tipo=group alvo=XABLAU UPDATES
[2025-12-17 10:56:21] Enviando resultados para WhatsApp...
[2025-12-17 10:56:21] ℹ️ Tamanho da mensagem: 469 caracteres
[2025-12-17 10:56:27] Message sent successfully to WhatsApp!
[2025-12-17 10:56:27] ℹ️ Saída do envio: WhatsApp connected!
Sending message to group: XABLAU UPDATES (id: 120363421676358028@g.us)
Message sent successfully! msgId: true_120363421676358028@g.us_3EB086153C33235DFD8001_174462209097938@lid chatId: 120363421676358028@g.us
Ack de entrega recebido (pelo menos chegou ao servidor).
[2025-12-17 12:30:18] Starting page count...
[2025-12-17 12:30:18] 📂 Pasta raiz configurada para contagem: G:/My Drive/XABLAU/
[2025-12-17 12:30:18] 📁 Pastas detectadas para contagem: 7
[2025-12-17 12:30:18] 🔎 Iniciando contagem da pasta: 3.BRUNO (G:/My Drive/XABLAU/3.BRUNO)
[2025-12-17 12:30:18] 🔎 Iniciando contagem da pasta: 1.LEIANES (G:/My Drive/XABLAU/1.LEIANES)
[2025-12-17 12:30:18] 🔎 Iniciando contagem da pasta: 2.EROS (G:/My Drive/XABLAU/2.EROS)
[2025-12-17 12:30:18] 🔎 Iniciando contagem da pasta: 4.MAYA (G:/My Drive/XABLAU/4.MAYA)
[2025-12-17 12:30:18] 🔎 Iniciando contagem da pasta: 5.CUSH (G:/My Drive/XABLAU/5.CUSH)
[2025-12-17 12:30:18] 🔎 Iniciando contagem da pasta: 6.ELIS (G:/My Drive/XABLAU/6.ELIS)
[2025-12-17 12:30:18] ✅ Contagem concluída: 1.LEIANES -> 0 páginas
[2025-12-17 12:30:20] ✅ Contagem concluída: 4.MAYA -> 1198 páginas
[2025-12-17 12:30:21] ✅ Contagem concluída: 6.ELIS -> 1027 páginas
[2025-12-17 12:30:23] ✅ Contagem concluída: 2.EROS -> 3870 páginas
[2025-12-17 12:30:24] ✅ Contagem concluída: 5.CUSH -> 3956 páginas
[2025-12-17 12:30:24] ✅ Contagem concluída: 3.BRUNO -> 5250 páginas
[2025-12-17 12:30:24] 🔎 Iniciando contagem da pasta VICTORIA: 7.VICTORIA/1.RENOMEANDO (G:/My Drive/XABLAU/7.VICTORIA\1.RENOMEANDO)
[2025-12-17 12:30:24] 🔎 Iniciando contagem da pasta VICTORIA: 7.VICTORIA/2.RENOMEADOS (G:/My Drive/XABLAU/7.VICTORIA\2.RENOMEADOS)
[2025-12-17 12:30:24] ✅ Contagem VICTORIA concluída: 7.VICTORIA/1.RENOMEANDO -> 0 páginas
[2025-12-17 12:30:24] ✅ Contagem VICTORIA concluída: 7.VICTORIA/2.RENOMEADOS -> 0 páginas
[2025-12-17 12:30:24] ✅ Mensagem liberada para envio: Message differs and cooldown passed
[2025-12-17 12:30:24] 📨 Destino WhatsApp: tipo=group alvo=XABLAU UPDATES
[2025-12-17 12:30:24] Enviando resultados para WhatsApp...
[2025-12-17 12:30:24] ℹ️ Tamanho da mensagem: 470 caracteres
[2025-12-17 12:30:36] Message sent successfully to WhatsApp!
[2025-12-17 12:30:36] ℹ️ Saída do envio: WhatsApp connected!
Sending message to group: XABLAU UPDATES (id: 120363421676358028@g.us)
Message sent successfully! msgId: true_120363421676358028@g.us_3EB08D6A9E4BB881761D7D_174462209097938@lid chatId: 120363421676358028@g.us
Ack de entrega recebido (pelo menos chegou ao servidor).
[2025-12-17 16:22:59] Starting page count...
[2025-12-17 16:22:59] 📂 Pasta raiz configurada para contagem: G:/My Drive/XABLAU/
[2025-12-17 16:22:59] 📁 Pastas detectadas para contagem: 7
[2025-12-17 16:22:59] 🔎 Iniciando contagem da pasta: 3.BRUNO (G:/My Drive/XABLAU/3.BRUNO)
[2025-12-17 16:22:59] 🔎 Iniciando contagem da pasta: 1.LEIANES (G:/My Drive/XABLAU/1.LEIANES)
[2025-12-17 16:22:59] 🔎 Iniciando contagem da pasta: 2.EROS (G:/My Drive/XABLAU/2.EROS)
[2025-12-17 16:22:59] 🔎 Iniciando contagem da pasta: 4.MAYA (G:/My Drive/XABLAU/4.MAYA)
[2025-12-17 16:22:59] 🔎 Iniciando contagem da pasta: 5.CUSH (G:/My Drive/XABLAU/5.CUSH)
[2025-12-17 16:22:59] 🔎 Iniciando contagem da pasta: 6.ELIS (G:/My Drive/XABLAU/6.ELIS)
[2025-12-17 16:22:59] ✅ Contagem concluída: 1.LEIANES -> 0 páginas
[2025-12-17 16:23:06] ✅ Contagem concluída: 4.MAYA -> 1198 páginas
[2025-12-17 16:23:13] ✅ Contagem concluída: 6.ELIS -> 1027 páginas
[2025-12-17 16:23:18] ✅ Contagem concluída: 2.EROS -> 3870 páginas
[2025-12-17 16:23:24] ✅ Contagem concluída: 3.BRUNO -> 5250 páginas
[2025-12-17 16:23:25] ✅ Contagem concluída: 5.CUSH -> 5750 páginas
[2025-12-17 16:23:25] 🔎 Iniciando contagem da pasta VICTORIA: 7.VICTORIA/1.RENOMEANDO (G:/My Drive/XABLAU/7.VICTORIA\1.RENOMEANDO)
[2025-12-17 16:23:25] 🔎 Iniciando contagem da pasta VICTORIA: 7.VICTORIA/2.RENOMEADOS (G:/My Drive/XABLAU/7.VICTORIA\2.RENOMEADOS)
[2025-12-17 16:23:25] ✅ Contagem VICTORIA concluída: 7.VICTORIA/1.RENOMEANDO -> 0 páginas
[2025-12-17 16:23:25] ✅ Contagem VICTORIA concluída: 7.VICTORIA/2.RENOMEADOS -> 0 páginas
[2025-12-17 16:23:25] ✅ Mensagem liberada para envio: Message differs and cooldown passed
[2025-12-17 16:23:25] 📨 Destino WhatsApp: tipo=group alvo=XABLAU UPDATES
[2025-12-17 16:23:25] Enviando resultados para WhatsApp...
[2025-12-17 16:23:25] ℹ️ Tamanho da mensagem: 472 caracteres
[2025-12-17 16:23:38] Message sent successfully to WhatsApp!
[2025-12-17 16:23:38] ℹ️ Saída do envio: WhatsApp connected!
Sending message to group: XABLAU UPDATES (id: 120363421676358028@g.us)
Message sent successfully! msgId: true_120363421676358028@g.us_3EB05856441310E27C896A_174462209097938@lid chatId: 120363421676358028@g.us
Ack de entrega recebido (pelo menos chegou ao servidor).
[2025-12-17 17:23:28] Starting page count...
[2025-12-17 17:23:28] 📂 Pasta raiz configurada para contagem: G:/My Drive/XABLAU/
[2025-12-17 17:23:28] 📁 Pastas detectadas para contagem: 7
[2025-12-17 17:23:28] 🔎 Iniciando contagem da pasta: 3.BRUNO (G:/My Drive/XABLAU/3.BRUNO)
[2025-12-17 17:23:28] 🔎 Iniciando contagem da pasta: 1.LEIANES (G:/My Drive/XABLAU/1.LEIANES)
[2025-12-17 17:23:28] 🔎 Iniciando contagem da pasta: 2.EROS (G:/My Drive/XABLAU/2.EROS)
[2025-12-17 17:23:28] 🔎 Iniciando contagem da pasta: 4.MAYA (G:/My Drive/XABLAU/4.MAYA)
[2025-12-17 17:23:28] 🔎 Iniciando contagem da pasta: 5.CUSH (G:/My Drive/XABLAU/5.CUSH)
[2025-12-17 17:23:28] 🔎 Iniciando contagem da pasta: 6.ELIS (G:/My Drive/XABLAU/6.ELIS)
[2025-12-17 17:23:28] ✅ Contagem concluída: 1.LEIANES -> 0 páginas
[2025-12-17 17:23:29] ✅ Contagem concluída: 4.MAYA -> 1198 páginas
[2025-12-17 17:23:31] ✅ Contagem concluída: 6.ELIS -> 1027 páginas
[2025-12-17 17:23:32] ✅ Contagem concluída: 2.EROS -> 4789 páginas
[2025-12-17 17:23:34] ✅ Contagem concluída: 3.BRUNO -> 5250 páginas
[2025-12-17 17:23:34] ✅ Contagem concluída: 5.CUSH -> 5750 páginas
[2025-12-17 17:23:34] 🔎 Iniciando contagem da pasta VICTORIA: 7.VICTORIA/1.RENOMEANDO (G:/My Drive/XABLAU/7.VICTORIA\1.RENOMEANDO)
[2025-12-17 17:23:34] 🔎 Iniciando contagem da pasta VICTORIA: 7.VICTORIA/2.RENOMEADOS (G:/My Drive/XABLAU/7.VICTORIA\2.RENOMEADOS)
[2025-12-17 17:23:34] ✅ Contagem VICTORIA concluída: 7.VICTORIA/1.RENOMEANDO -> 0 páginas
[2025-12-17 17:23:34] ✅ Contagem VICTORIA concluída: 7.VICTORIA/2.RENOMEADOS -> 0 páginas
[2025-12-17 17:23:34] ✅ Mensagem liberada para envio: Message differs and cooldown passed
[2025-12-17 17:23:34] 📨 Destino WhatsApp: tipo=group alvo=XABLAU UPDATES
[2025-12-17 17:23:34] Enviando resultados para WhatsApp...
[2025-12-17 17:23:34] ℹ️ Tamanho da mensagem: 470 caracteres
[2025-12-17 17:23:39] Message sent successfully to WhatsApp!
[2025-12-17 17:23:39] ℹ️ Saída do envio: WhatsApp connected!
Sending message to group: XABLAU UPDATES (id: 120363421676358028@g.us)
Message sent successfully! msgId: true_120363421676358028@g.us_3EB0D27FD4299E072D8BA5_174462209097938@lid chatId: 120363421676358028@g.us
Ack de entrega recebido (pelo menos chegou ao servidor).
[2025-12-17 22:04:38] Starting page count...
[2025-12-17 22:04:38] 📂 Pasta raiz configurada para contagem: G:/My Drive/XABLAU/
[2025-12-17 22:04:38] 📁 Pastas detectadas para contagem: 7
[2025-12-17 22:04:38] 🔎 Iniciando contagem da pasta: 3.BRUNO (G:/My Drive/XABLAU/3.BRUNO)
[2025-12-17 22:04:38] 🔎 Iniciando contagem da pasta: 1.LEIANES (G:/My Drive/XABLAU/1.LEIANES)
[2025-12-17 22:04:38] 🔎 Iniciando contagem da pasta: 2.EROS (G:/My Drive/XABLAU/2.EROS)
[2025-12-17 22:04:38] 🔎 Iniciando contagem da pasta: 4.MAYA (G:/My Drive/XABLAU/4.MAYA)
[2025-12-17 22:04:38] 🔎 Iniciando contagem da pasta: 5.CUSH (G:/My Drive/XABLAU/5.CUSH)
[2025-12-17 22:04:38] 🔎 Iniciando contagem da pasta: 6.ELIS (G:/My Drive/XABLAU/6.ELIS)
[2025-12-17 22:04:38] ✅ Contagem concluída: 1.LEIANES -> 0 páginas
[2025-12-17 22:04:40] ✅ Contagem concluída: 4.MAYA -> 1198 páginas
[2025-12-17 22:04:41] ✅ Contagem concluída: 6.ELIS -> 1027 páginas
[2025-12-17 22:04:42] ✅ Contagem concluída: 2.EROS -> 4789 páginas
[2025-12-17 22:04:44] ✅ Contagem concluída: 3.BRUNO -> 5652 páginas
[2025-12-17 22:04:44] ✅ Contagem concluída: 5.CUSH -> 5750 páginas
[2025-12-17 22:04:44] 🔎 Iniciando contagem da pasta VICTORIA: 7.VICTORIA/1.RENOMEANDO (G:/My Drive/XABLAU/7.VICTORIA\1.RENOMEANDO)
[2025-12-17 22:04:44] 🔎 Iniciando contagem da pasta VICTORIA: 7.VICTORIA/2.RENOMEADOS (G:/My Drive/XABLAU/7.VICTORIA\2.RENOMEADOS)
[2025-12-17 22:04:44] ✅ Contagem VICTORIA concluída: 7.VICTORIA/1.RENOMEANDO -> 0 páginas
[2025-12-17 22:04:44] ✅ Contagem VICTORIA concluída: 7.VICTORIA/2.RENOMEADOS -> 0 páginas
[2025-12-17 22:04:44] ✅ Mensagem liberada para envio: Message differs and cooldown passed
[2025-12-17 22:04:44] 📨 Destino WhatsApp: tipo=group alvo=XABLAU UPDATES
[2025-12-17 22:04:44] Enviando resultados para WhatsApp...
[2025-12-17 22:04:44] ℹ️ Tamanho da mensagem: 471 caracteres
[2025-12-17 22:04:58] Message sent successfully to WhatsApp!
[2025-12-17 22:04:58] ℹ️ Saída do envio: WhatsApp connected!
Sending message to group: XABLAU UPDATES (id: 120363421676358028@g.us)
Message sent successfully! msgId: true_120363421676358028@g.us_3EB0B8088004DC8993BB8B_174462209097938@lid chatId: 120363421676358028@g.us
Ack de entrega recebido (pelo menos chegou ao servidor).
[2025-12-17 22:38:34] Starting page count...
[2025-12-17 22:38:34] 📂 Pasta raiz configurada para contagem: G:/My Drive/XABLAU/
[2025-12-17 22:38:34] 📁 Pastas detectadas para contagem: 7
[2025-12-17 22:38:34] 🔎 Iniciando contagem da pasta: 3.BRUNO (G:/My Drive/XABLAU/3.BRUNO)
[2025-12-17 22:38:34] 🔎 Iniciando contagem da pasta: 1.LEIANES (G:/My Drive/XABLAU/1.LEIANES)
[2025-12-17 22:38:34] 🔎 Iniciando contagem da pasta: 2.EROS (G:/My Drive/XABLAU/2.EROS)
[2025-12-17 22:38:34] 🔎 Iniciando contagem da pasta: 4.MAYA (G:/My Drive/XABLAU/4.MAYA)
[2025-12-17 22:38:34] 🔎 Iniciando contagem da pasta: 5.CUSH (G:/My Drive/XABLAU/5.CUSH)
[2025-12-17 22:38:34] 🔎 Iniciando contagem da pasta: 6.ELIS (G:/My Drive/XABLAU/6.ELIS)
[2025-12-17 22:38:34] ✅ Contagem concluída: 1.LEIANES -> 0 páginas
[2025-12-17 22:38:41] ✅ Contagem concluída: 4.MAYA -> 1198 páginas
[2025-12-17 22:38:48] ✅ Contagem concluída: 6.ELIS -> 1027 páginas
[2025-12-17 22:38:55] ✅ Contagem concluída: 2.EROS -> 4789 páginas
[2025-12-17 22:39:04] ✅ Contagem concluída: 3.BRUNO -> 5652 páginas
[2025-12-17 22:39:05] ✅ Contagem concluída: 5.CUSH -> 5750 páginas
[2025-12-17 22:39:05] 🔎 Iniciando contagem da pasta VICTORIA: 7.VICTORIA/1.RENOMEANDO (G:/My Drive/XABLAU/7.VICTORIA\1.RENOMEANDO)
[2025-12-17 22:39:05] 🔎 Iniciando contagem da pasta VICTORIA: 7.VICTORIA/2.RENOMEADOS (G:/My Drive/XABLAU/7.VICTORIA\2.RENOMEADOS)
[2025-12-17 22:39:05] ✅ Contagem VICTORIA concluída: 7.VICTORIA/1.RENOMEANDO -> 0 páginas
[2025-12-17 22:39:05] ✅ Contagem VICTORIA concluída: 7.VICTORIA/2.RENOMEADOS -> 0 páginas
[2025-12-18 08:39:17] Starting page count...
[2025-12-18 08:39:18] 📂 Pasta raiz configurada para contagem: G:/My Drive/XABLAU/
[2025-12-18 08:39:18] 📁 Pastas detectadas para contagem: 7
[2025-12-18 08:39:18] 🔎 Iniciando contagem da pasta: 3.BRUNO (G:/My Drive/XABLAU/3.BRUNO)
[2025-12-18 08:39:18] 🔎 Iniciando contagem da pasta: 1.LEIANES (G:/My Drive/XABLAU/1.LEIANES)
[2025-12-18 08:39:18] 🔎 Iniciando contagem da pasta: 2.EROS (G:/My Drive/XABLAU/2.EROS)
[2025-12-18 08:39:18] 🔎 Iniciando contagem da pasta: 4.MAYA (G:/My Drive/XABLAU/4.MAYA)
[2025-12-18 08:39:18] 🔎 Iniciando contagem da pasta: 5.CUSH (G:/My Drive/XABLAU/5.CUSH)
[2025-12-18 08:39:18] 🔎 Iniciando contagem da pasta: 6.ELIS (G:/My Drive/XABLAU/6.ELIS)
[2025-12-18 08:39:18] ✅ Contagem concluída: 1.LEIANES -> 0 páginas
[2025-12-18 08:39:23] ✅ Contagem concluída: 4.MAYA -> 1198 páginas
[2025-12-18 08:39:30] ✅ Contagem concluída: 6.ELIS -> 1027 páginas
[2025-12-18 08:39:37] ✅ Contagem concluída: 2.EROS -> 4789 páginas
[2025-12-18 08:39:44] ✅ Contagem concluída: 3.BRUNO -> 5652 páginas
[2025-12-18 08:39:45] ✅ Contagem concluída: 5.CUSH -> 5750 páginas
[2025-12-18 08:39:45] 🔎 Iniciando contagem da pasta VICTORIA: 7.VICTORIA/1.RENOMEANDO (G:/My Drive/XABLAU/7.VICTORIA\1.RENOMEANDO)
[2025-12-18 08:39:45] 🔎 Iniciando contagem da pasta VICTORIA: 7.VICTORIA/2.RENOMEADOS (G:/My Drive/XABLAU/7.VICTORIA\2.RENOMEADOS)
[2025-12-18 08:39:45] ✅ Contagem VICTORIA concluída: 7.VICTORIA/1.RENOMEANDO -> 0 páginas
[2025-12-18 08:39:45] ✅ Contagem VICTORIA concluída: 7.VICTORIA/2.RENOMEADOS -> 0 páginas
[2025-12-18 15:31:39] Starting page count...
[2025-12-18 15:31:39] 📂 Pasta raiz configurada para contagem: G:/My Drive/XABLAU/
[2025-12-18 15:31:39] 📁 Pastas detectadas para contagem: 7
[2025-12-18 15:31:39] 🔎 Iniciando contagem da pasta: 3.BRUNO (G:/My Drive/XABLAU/3.BRUNO)
[2025-12-18 15:31:39] 🔎 Iniciando contagem da pasta: 1.LEIANES (G:/My Drive/XABLAU/1.LEIANES)
[2025-12-18 15:31:39] 🔎 Iniciando contagem da pasta: 2.EROS (G:/My Drive/XABLAU/2.EROS)
[2025-12-18 15:31:39] 🔎 Iniciando contagem da pasta: 4.MAYA (G:/My Drive/XABLAU/4.MAYA)
[2025-12-18 15:31:39] 🔎 Iniciando contagem da pasta: 5.CUSH (G:/My Drive/XABLAU/5.CUSH)
[2025-12-18 15:31:39] 🔎 Iniciando contagem da pasta: 6.ELIS (G:/My Drive/XABLAU/6.ELIS)
[2025-12-18 15:31:39] ✅ Contagem concluída: 1.LEIANES -> 0 páginas
[2025-12-18 15:31:45] ✅ Contagem concluída: 4.MAYA -> 1198 páginas
[2025-12-18 15:31:51] ✅ Contagem concluída: 6.ELIS -> 1027 páginas
[2025-12-18 15:31:59] ✅ Contagem concluída: 2.EROS -> 4789 páginas
[2025-12-18 15:32:06] ✅ Contagem concluída: 5.CUSH -> 5750 páginas
[2025-12-18 15:32:07] ✅ Contagem concluída: 3.BRUNO -> 6617 páginas
[2025-12-18 15:32:07] 🔎 Iniciando contagem da pasta VICTORIA: 7.VICTORIA/1.RENOMEANDO (G:/My Drive/XABLAU/7.VICTORIA\1.RENOMEANDO)
[2025-12-18 15:32:07] 🔎 Iniciando contagem da pasta VICTORIA: 7.VICTORIA/2.RENOMEADOS (G:/My Drive/XABLAU/7.VICTORIA\2.RENOMEADOS)
[2025-12-18 15:32:07] ✅ Contagem VICTORIA concluída: 7.VICTORIA/1.RENOMEANDO -> 0 páginas
[2025-12-18 15:32:07] ✅ Contagem VICTORIA concluída: 7.VICTORIA/2.RENOMEADOS -> 0 páginas
[2025-12-18 15:32:07] ✅ Mensagem liberada para envio: Message differs and cooldown passed
[2025-12-18 15:32:07] 📨 Destino WhatsApp: tipo=group alvo=XABLAU UPDATES
[2025-12-18 15:32:07] Enviando resultados para WhatsApp...
[2025-12-18 15:32:07] ℹ️ Tamanho da mensagem: 471 caracteres
[2025-12-18 15:32:20] Message sent successfully to WhatsApp!
[2025-12-18 15:32:20] ℹ️ Saída do envio: WhatsApp connected!
Sending message to group: XABLAU UPDATES (id: 120363421676358028@g.us)
Message sent successfully! msgId: true_120363421676358028@g.us_3EB04A43585D014F84B286_174462209097938@lid chatId: 120363421676358028@g.us
Ack de entrega recebido (pelo menos chegou ao servidor).
[2025-12-18 15:34:31] Starting page count...
[2025-12-18 15:34:31] 📂 Pasta raiz configurada para contagem: G:/My Drive/XABLAU/
[2025-12-18 15:34:31] 📁 Pastas detectadas para contagem: 7
[2025-12-18 15:34:31] 🔎 Iniciando contagem da pasta: 3.BRUNO (G:/My Drive/XABLAU/3.BRUNO)
[2025-12-18 15:34:31] 🔎 Iniciando contagem da pasta: 1.LEIANES (G:/My Drive/XABLAU/1.LEIANES)
[2025-12-18 15:34:31] 🔎 Iniciando contagem da pasta: 2.EROS (G:/My Drive/XABLAU/2.EROS)
[2025-12-18 15:34:31] 🔎 Iniciando contagem da pasta: 4.MAYA (G:/My Drive/XABLAU/4.MAYA)
[2025-12-18 15:34:31] 🔎 Iniciando contagem da pasta: 5.CUSH (G:/My Drive/XABLAU/5.CUSH)
[2025-12-18 15:34:31] 🔎 Iniciando contagem da pasta: 6.ELIS (G:/My Drive/XABLAU/6.ELIS)
[2025-12-18 15:34:31] ✅ Contagem concluída: 1.LEIANES -> 0 páginas
[2025-12-18 15:34:32] ✅ Contagem concluída: 4.MAYA -> 1198 páginas
[2025-12-18 15:34:33] ✅ Contagem concluída: 6.ELIS -> 1027 páginas
[2025-12-18 15:34:35] ✅ Contagem concluída: 2.EROS -> 4789 páginas
[2025-12-18 15:34:36] ✅ Contagem concluída: 5.CUSH -> 5750 páginas
[2025-12-18 15:34:37] ✅ Contagem concluída: 3.BRUNO -> 6617 páginas
[2025-12-18 15:34:37] 🔎 Iniciando contagem da pasta VICTORIA: 7.VICTORIA/1.RENOMEANDO (G:/My Drive/XABLAU/7.VICTORIA\1.RENOMEANDO)
[2025-12-18 15:34:37] 🔎 Iniciando contagem da pasta VICTORIA: 7.VICTORIA/2.RENOMEADOS (G:/My Drive/XABLAU/7.VICTORIA\2.RENOMEADOS)
[2025-12-18 15:34:37] ✅ Contagem VICTORIA concluída: 7.VICTORIA/1.RENOMEANDO -> 0 páginas
[2025-12-18 15:34:37] ✅ Contagem VICTORIA concluída: 7.VICTORIA/2.RENOMEADOS -> 0 páginas
[2025-12-18 15:38:29] Starting page count...
[2025-12-18 15:38:29] 📂 Pasta raiz configurada para contagem: G:/My Drive/XABLAU/
[2025-12-18 15:38:29] 📁 Pastas detectadas para contagem: 7
[2025-12-18 15:38:29] 🔎 Iniciando contagem da pasta: 3.BRUNO (G:/My Drive/XABLAU/3.BRUNO)
[2025-12-18 15:38:29] 🔎 Iniciando contagem da pasta: 1.LEIANES (G:/My Drive/XABLAU/1.LEIANES)
[2025-12-18 15:38:29] 🔎 Iniciando contagem da pasta: 2.EROS (G:/My Drive/XABLAU/2.EROS)
[2025-12-18 15:38:29] 🔎 Iniciando contagem da pasta: 4.MAYA (G:/My Drive/XABLAU/4.MAYA)
[2025-12-18 15:38:29] 🔎 Iniciando contagem da pasta: 5.CUSH (G:/My Drive/XABLAU/5.CUSH)
[2025-12-18 15:38:29] 🔎 Iniciando contagem da pasta: 6.ELIS (G:/My Drive/XABLAU/6.ELIS)
[2025-12-18 15:38:29] ✅ Contagem concluída: 1.LEIANES -> 0 páginas
[2025-12-18 15:38:30] ✅ Contagem concluída: 4.MAYA -> 1198 páginas
[2025-12-18 15:38:31] ✅ Contagem concluída: 6.ELIS -> 1027 páginas
[2025-12-18 15:38:33] ✅ Contagem concluída: 2.EROS -> 4789 páginas
[2025-12-18 15:38:35] ✅ Contagem concluída: 5.CUSH -> 5750 páginas
[2025-12-18 15:38:35] ✅ Contagem concluída: 3.BRUNO -> 6631 páginas
[2025-12-18 15:38:35] 🔎 Iniciando contagem da pasta VICTORIA: 7.VICTORIA/1.RENOMEANDO (G:/My Drive/XABLAU/7.VICTORIA\1.RENOMEANDO)
[2025-12-18 15:38:35] 🔎 Iniciando contagem da pasta VICTORIA: 7.VICTORIA/2.RENOMEADOS (G:/My Drive/XABLAU/7.VICTORIA\2.RENOMEADOS)
[2025-12-18 15:38:35] ✅ Contagem VICTORIA concluída: 7.VICTORIA/1.RENOMEANDO -> 0 páginas
[2025-12-18 15:38:35] ✅ Contagem VICTORIA concluída: 7.VICTORIA/2.RENOMEADOS -> 0 páginas
[2025-12-18 15:38:35] ✅ Mensagem liberada para envio: Message differs and cooldown passed
[2025-12-18 15:38:35] 📨 Destino WhatsApp: tipo=group alvo=XABLAU UPDATES
[2025-12-18 15:38:35] Enviando resultados para WhatsApp...
[2025-12-18 15:38:35] ℹ️ Tamanho da mensagem: 469 caracteres
[2025-12-18 15:38:40] Message sent successfully to WhatsApp!
[2025-12-18 15:38:40] ℹ️ Saída do envio: WhatsApp connected!
Sending message to group: XABLAU UPDATES (id: 120363421676358028@g.us)
Message sent successfully! msgId: true_120363421676358028@g.us_3EB0A025EBFA70207ECFBC_174462209097938@lid chatId: 120363421676358028@g.us
Ack de entrega recebido (pelo menos chegou ao servidor).
[2025-12-19 10:32:53] Starting page count...
[2025-12-19 10:32:53] 📂 Pasta raiz configurada para contagem: G:/My Drive/XABLAU/
[2025-12-19 10:32:53] 📁 Pastas detectadas para contagem: 7
[2025-12-19 10:32:53] 🔎 Iniciando contagem da pasta: 3.BRUNO (G:/My Drive/XABLAU/3.BRUNO)
[2025-12-19 10:32:53] 🔎 Iniciando contagem da pasta: 1.LEIANES (G:/My Drive/XABLAU/1.LEIANES)
[2025-12-19 10:32:53] 🔎 Iniciando contagem da pasta: 2.EROS (G:/My Drive/XABLAU/2.EROS)
[2025-12-19 10:32:53] 🔎 Iniciando contagem da pasta: 4.MAYA (G:/My Drive/XABLAU/4.MAYA)
[2025-12-19 10:32:53] 🔎 Iniciando contagem da pasta: 5.CUSH (G:/My Drive/XABLAU/5.CUSH)
[2025-12-19 10:32:53] 🔎 Iniciando contagem da pasta: 6.ELIS (G:/My Drive/XABLAU/6.ELIS)
[2025-12-19 10:32:53] ✅ Contagem concluída: 1.LEIANES -> 0 páginas
[2025-12-19 10:32:58] ✅ Contagem concluída: 4.MAYA -> 1198 páginas
[2025-12-19 10:33:02] ✅ Contagem concluída: 6.ELIS -> 1027 páginas
[2025-12-19 10:33:04] ✅ Contagem concluída: 2.EROS -> 4789 páginas
[2025-12-19 10:33:06] ✅ Contagem concluída: 5.CUSH -> 5750 páginas
[2025-12-19 10:33:07] ✅ Contagem concluída: 3.BRUNO -> 6631 páginas
[2025-12-19 10:33:07] 🔎 Iniciando contagem da pasta VICTORIA: 7.VICTORIA/1.RENOMEANDO (G:/My Drive/XABLAU/7.VICTORIA\1.RENOMEANDO)
[2025-12-19 10:33:07] 🔎 Iniciando contagem da pasta VICTORIA: 7.VICTORIA/2.RENOMEADOS (G:/My Drive/XABLAU/7.VICTORIA\2.RENOMEADOS)
[2025-12-19 10:33:07] ✅ Contagem VICTORIA concluída: 7.VICTORIA/1.RENOMEANDO -> 0 páginas
[2025-12-19 10:33:07] ✅ Contagem VICTORIA concluída: 7.VICTORIA/2.RENOMEADOS -> 0 páginas
[2025-12-19 12:31:17] Starting page count...
[2025-12-19 12:31:17] 📂 Pasta raiz configurada para contagem: G:/My Drive/XABLAU/
[2025-12-19 12:31:17] 📁 Pastas detectadas para contagem: 7
[2025-12-19 12:31:17] 🔎 Iniciando contagem da pasta: 3.BRUNO (G:/My Drive/XABLAU/3.BRUNO)
[2025-12-19 12:31:17] 🔎 Iniciando contagem da pasta: 1.LEIANES (G:/My Drive/XABLAU/1.LEIANES)
[2025-12-19 12:31:17] 🔎 Iniciando contagem da pasta: 2.EROS (G:/My Drive/XABLAU/2.EROS)
[2025-12-19 12:31:17] 🔎 Iniciando contagem da pasta: 4.MAYA (G:/My Drive/XABLAU/4.MAYA)
[2025-12-19 12:31:17] 🔎 Iniciando contagem da pasta: 5.CUSH (G:/My Drive/XABLAU/5.CUSH)
[2025-12-19 12:31:17] 🔎 Iniciando contagem da pasta: 6.ELIS (G:/My Drive/XABLAU/6.ELIS)
[2025-12-19 12:31:17] ✅ Contagem concluída: 1.LEIANES -> 0 páginas
[2025-12-19 12:31:23] ✅ Contagem concluída: 4.MAYA -> 1198 páginas
[2025-12-19 12:31:30] ✅ Contagem concluída: 6.ELIS -> 1027 páginas
[2025-12-19 12:31:38] ✅ Contagem concluída: 2.EROS -> 4789 páginas
[2025-12-19 12:31:46] ✅ Contagem concluída: 5.CUSH -> 5750 páginas
[2025-12-19 12:31:48] ✅ Contagem concluída: 3.BRUNO -> 7161 páginas
[2025-12-19 12:31:48] 🔎 Iniciando contagem da pasta VICTORIA: 7.VICTORIA/1.RENOMEANDO (G:/My Drive/XABLAU/7.VICTORIA\1.RENOMEANDO)
[2025-12-19 12:31:48] 🔎 Iniciando contagem da pasta VICTORIA: 7.VICTORIA/2.RENOMEADOS (G:/My Drive/XABLAU/7.VICTORIA\2.RENOMEADOS)
[2025-12-19 12:31:48] ✅ Contagem VICTORIA concluída: 7.VICTORIA/1.RENOMEANDO -> 0 páginas
[2025-12-19 12:31:48] ✅ Contagem VICTORIA concluída: 7.VICTORIA/2.RENOMEADOS -> 0 páginas
[2025-12-19 12:31:48] ✅ Mensagem liberada para envio: Message differs and cooldown passed
[2025-12-19 12:31:48] 📨 Destino WhatsApp: tipo=group alvo=XABLAU UPDATES
[2025-12-19 12:31:48] Enviando resultados para WhatsApp...
[2025-12-19 12:31:48] ℹ️ Tamanho da mensagem: 471 caracteres
[2025-12-19 12:32:01] Message sent successfully to WhatsApp!
[2025-12-19 12:32:01] ℹ️ Saída do envio: WhatsApp connected!
Sending message to group: XABLAU UPDATES (id: 120363421676358028@g.us)
Message sent successfully! msgId: true_120363421676358028@g.us_3EB0919CEB261CA0B3380A_174462209097938@lid chatId: 120363421676358028@g.us
Ack de entrega recebido (pelo menos chegou ao servidor).
[2025-12-19 13:33:49] Starting page count...
[2025-12-19 13:33:49] 📂 Pasta raiz configurada para contagem: G:/My Drive/XABLAU/
[2025-12-19 13:33:49] 📁 Pastas detectadas para contagem: 7
[2025-12-19 13:33:49] 🔎 Iniciando contagem da pasta: 3.BRUNO (G:/My Drive/XABLAU/3.BRUNO)
[2025-12-19 13:33:49] 🔎 Iniciando contagem da pasta: 1.LEIANES (G:/My Drive/XABLAU/1.LEIANES)
[2025-12-19 13:33:49] 🔎 Iniciando contagem da pasta: 2.EROS (G:/My Drive/XABLAU/2.EROS)
[2025-12-19 13:33:49] 🔎 Iniciando contagem da pasta: 4.MAYA (G:/My Drive/XABLAU/4.MAYA)
[2025-12-19 13:33:49] 🔎 Iniciando contagem da pasta: 5.CUSH (G:/My Drive/XABLAU/5.CUSH)
[2025-12-19 13:33:49] 🔎 Iniciando contagem da pasta: 6.ELIS (G:/My Drive/XABLAU/6.ELIS)
[2025-12-19 13:33:49] ✅ Contagem concluída: 1.LEIANES -> 0 páginas
[2025-12-19 13:33:50] ✅ Contagem concluída: 4.MAYA -> 1198 páginas
[2025-12-19 13:33:52] ✅ Contagem concluída: 6.ELIS -> 1027 páginas
[2025-12-19 13:33:54] ✅ Contagem concluída: 2.EROS -> 5612 páginas
[2025-12-19 13:33:55] ✅ Contagem concluída: 5.CUSH -> 5750 páginas
[2025-12-19 13:33:56] ✅ Contagem concluída: 3.BRUNO -> 7161 páginas
[2025-12-19 13:33:56] 🔎 Iniciando contagem da pasta VICTORIA: 7.VICTORIA/1.RENOMEANDO (G:/My Drive/XABLAU/7.VICTORIA\1.RENOMEANDO)
[2025-12-19 13:33:56] 🔎 Iniciando contagem da pasta VICTORIA: 7.VICTORIA/2.RENOMEADOS (G:/My Drive/XABLAU/7.VICTORIA\2.RENOMEADOS)
[2025-12-19 13:33:56] ✅ Contagem VICTORIA concluída: 7.VICTORIA/1.RENOMEANDO -> 0 páginas
[2025-12-19 13:33:56] ✅ Contagem VICTORIA concluída: 7.VICTORIA/2.RENOMEADOS -> 0 páginas
[2025-12-19 13:33:56] ✅ Mensagem liberada para envio: Message differs and cooldown passed
[2025-12-19 13:33:56] 📨 Destino WhatsApp: tipo=group alvo=XABLAU UPDATES
[2025-12-19 13:33:56] Enviando resultados para WhatsApp...
[2025-12-19 13:33:56] ℹ️ Tamanho da mensagem: 470 caracteres
[2025-12-19 13:34:09] Message sent successfully to WhatsApp!
[2025-12-19 13:34:09] ℹ️ Saída do envio: WhatsApp connected!
Sending message to group: XABLAU UPDATES (id: 120363421676358028@g.us)
Message sent successfully! msgId: true_120363421676358028@g.us_3EB0AF561854475202EDC2_174462209097938@lid chatId: 120363421676358028@g.us
Ack de entrega recebido (pelo menos chegou ao servidor).
[2025-12-19 13:37:49] Starting page count...
[2025-12-19 13:37:49] 📂 Pasta raiz configurada para contagem: G:/My Drive/XABLAU/
[2025-12-19 13:37:49] 📁 Pastas detectadas para contagem: 7
[2025-12-19 13:37:49] 🔎 Iniciando contagem da pasta: 3.BRUNO (G:/My Drive/XABLAU/3.BRUNO)
[2025-12-19 13:37:49] 🔎 Iniciando contagem da pasta: 1.LEIANES (G:/My Drive/XABLAU/1.LEIANES)
[2025-12-19 13:37:49] 🔎 Iniciando contagem da pasta: 2.EROS (G:/My Drive/XABLAU/2.EROS)
[2025-12-19 13:37:49] 🔎 Iniciando contagem da pasta: 4.MAYA (G:/My Drive/XABLAU/4.MAYA)
[2025-12-19 13:37:49] 🔎 Iniciando contagem da pasta: 5.CUSH (G:/My Drive/XABLAU/5.CUSH)
[2025-12-19 13:37:49] 🔎 Iniciando contagem da pasta: 6.ELIS (G:/My Drive/XABLAU/6.ELIS)
[2025-12-19 13:37:49] ✅ Contagem concluída: 1.LEIANES -> 0 páginas
[2025-12-19 13:37:50] ✅ Contagem concluída: 4.MAYA -> 1198 páginas
[2025-12-19 13:37:52] ✅ Contagem concluída: 6.ELIS -> 1027 páginas
[2025-12-19 13:37:54] ✅ Contagem concluída: 2.EROS -> 5612 páginas
[2025-12-19 13:37:56] ✅ Contagem concluída: 5.CUSH -> 5750 páginas
[2025-12-19 13:37:56] ✅ Contagem concluída: 3.BRUNO -> 7161 páginas
[2025-12-19 13:37:56] 🔎 Iniciando contagem da pasta VICTORIA: 7.VICTORIA/1.RENOMEANDO (G:/My Drive/XABLAU/7.VICTORIA\1.RENOMEANDO)
[2025-12-19 13:37:56] 🔎 Iniciando contagem da pasta VICTORIA: 7.VICTORIA/2.RENOMEADOS (G:/My Drive/XABLAU/7.VICTORIA\2.RENOMEADOS)
[2025-12-19 13:37:56] ✅ Contagem VICTORIA concluída: 7.VICTORIA/1.RENOMEANDO -> 0 páginas
[2025-12-19 13:37:56] ✅ Contagem VICTORIA concluída: 7.VICTORIA/2.RENOMEADOS -> 0 páginas
[2025-12-19 16:50:19] Starting page count...
[2025-12-19 16:50:19] 📂 Pasta raiz configurada para contagem: G:/My Drive/XABLAU/
[2025-12-19 16:50:19] 📁 Pastas detectadas para contagem: 7
[2025-12-19 16:50:19] 🔎 Iniciando contagem da pasta: 3.BRUNO (G:/My Drive/XABLAU/3.BRUNO)
[2025-12-19 16:50:19] 🔎 Iniciando contagem da pasta: 1.LEIANES (G:/My Drive/XABLAU/1.LEIANES)
[2025-12-19 16:50:19] 🔎 Iniciando contagem da pasta: 2.EROS (G:/My Drive/XABLAU/2.EROS)
[2025-12-19 16:50:19] 🔎 Iniciando contagem da pasta: 4.MAYA (G:/My Drive/XABLAU/4.MAYA)
[2025-12-19 16:50:19] 🔎 Iniciando contagem da pasta: 5.CUSH (G:/My Drive/XABLAU/5.CUSH)
[2025-12-19 16:50:19] 🔎 Iniciando contagem da pasta: 6.ELIS (G:/My Drive/XABLAU/6.ELIS)
[2025-12-19 16:50:19] ✅ Contagem concluída: 1.LEIANES -> 0 páginas
[2025-12-19 16:50:20] ✅ Contagem concluída: 4.MAYA -> 1198 páginas
[2025-12-19 16:50:21] ✅ Contagem concluída: 6.ELIS -> 1027 páginas
[2025-12-19 16:50:23] ✅ Contagem concluída: 2.EROS -> 5612 páginas
[2025-12-19 16:50:24] ✅ Contagem concluída: 5.CUSH -> 5750 páginas
[2025-12-19 16:50:25] ✅ Contagem concluída: 3.BRUNO -> 7375 páginas
[2025-12-19 16:50:25] 🔎 Iniciando contagem da pasta VICTORIA: 7.VICTORIA/1.RENOMEANDO (G:/My Drive/XABLAU/7.VICTORIA\1.RENOMEANDO)
[2025-12-19 16:50:25] 🔎 Iniciando contagem da pasta VICTORIA: 7.VICTORIA/2.RENOMEADOS (G:/My Drive/XABLAU/7.VICTORIA\2.RENOMEADOS)
[2025-12-19 16:50:25] ✅ Contagem VICTORIA concluída: 7.VICTORIA/1.RENOMEANDO -> 0 páginas
[2025-12-19 16:50:25] ✅ Contagem VICTORIA concluída: 7.VICTORIA/2.RENOMEADOS -> 0 páginas
[2025-12-19 16:50:25] ✅ Mensagem liberada para envio: Message differs and cooldown passed
[2025-12-19 16:50:25] 📨 Destino WhatsApp: tipo=group alvo=XABLAU UPDATES
[2025-12-19 16:50:25] Enviando resultados para WhatsApp...
[2025-12-19 16:50:25] ℹ️ Tamanho da mensagem: 471 caracteres
[2025-12-19 16:50:33] Message sent successfully to WhatsApp!
[2025-12-19 16:50:33] ℹ️ Saída do envio: WhatsApp connected!
Sending message to group: XABLAU UPDATES (id: 120363421676358028@g.us)
Message sent successfully! msgId: true_120363421676358028@g.us_3EB0F0987A1B233E2A2A4D_174462209097938@lid chatId: 120363421676358028@g.us
Ack de entrega recebido (pelo menos chegou ao servidor).
[2025-12-19 16:56:56] Starting page count...
[2025-12-19 16:56:56] 📂 Pasta raiz configurada para contagem: G:/My Drive/XABLAU/
[2025-12-19 16:56:56] 📁 Pastas detectadas para contagem: 7
[2025-12-19 16:56:56] 🔎 Iniciando contagem da pasta: 3.BRUNO (G:/My Drive/XABLAU/3.BRUNO)
[2025-12-19 16:56:56] 🔎 Iniciando contagem da pasta: 1.LEIANES (G:/My Drive/XABLAU/1.LEIANES)
[2025-12-19 16:56:56] 🔎 Iniciando contagem da pasta: 2.EROS (G:/My Drive/XABLAU/2.EROS)
[2025-12-19 16:56:56] 🔎 Iniciando contagem da pasta: 4.MAYA (G:/My Drive/XABLAU/4.MAYA)
[2025-12-19 16:56:56] 🔎 Iniciando contagem da pasta: 5.CUSH (G:/My Drive/XABLAU/5.CUSH)
[2025-12-19 16:56:56] 🔎 Iniciando contagem da pasta: 6.ELIS (G:/My Drive/XABLAU/6.ELIS)
[2025-12-19 16:56:56] ✅ Contagem concluída: 1.LEIANES -> 0 páginas
[2025-12-19 16:56:57] ✅ Contagem concluída: 4.MAYA -> 1198 páginas
[2025-12-19 16:56:58] ✅ Contagem concluída: 6.ELIS -> 1027 páginas
[2025-12-19 16:57:00] ✅ Contagem concluída: 2.EROS -> 5612 páginas
[2025-12-19 16:57:01] ✅ Contagem concluída: 5.CUSH -> 5750 páginas
[2025-12-19 16:57:02] ✅ Contagem concluída: 3.BRUNO -> 7395 páginas
[2025-12-19 16:57:02] 🔎 Iniciando contagem da pasta VICTORIA: 7.VICTORIA/1.RENOMEANDO (G:/My Drive/XABLAU/7.VICTORIA\1.RENOMEANDO)
[2025-12-19 16:57:02] 🔎 Iniciando contagem da pasta VICTORIA: 7.VICTORIA/2.RENOMEADOS (G:/My Drive/XABLAU/7.VICTORIA\2.RENOMEADOS)
[2025-12-19 16:57:02] ✅ Contagem VICTORIA concluída: 7.VICTORIA/1.RENOMEANDO -> 0 páginas
[2025-12-19 16:57:02] ✅ Contagem VICTORIA concluída: 7.VICTORIA/2.RENOMEADOS -> 0 páginas
[2025-12-19 16:57:02] ✅ Mensagem liberada para envio: Message differs and cooldown passed
[2025-12-19 16:57:02] 📨 Destino WhatsApp: tipo=group alvo=XABLAU UPDATES
[2025-12-19 16:57:02] Enviando resultados para WhatsApp...
[2025-12-19 16:57:02] ℹ️ Tamanho da mensagem: 469 caracteres
[2025-12-19 16:57:07] Message sent successfully to WhatsApp!
[2025-12-19 16:57:07] ℹ️ Saída do envio: WhatsApp connected!
Sending message to group: XABLAU UPDATES (id: 120363421676358028@g.us)
Message sent successfully! msgId: true_120363421676358028@g.us_3EB0169AE9F573F3C5BF32_174462209097938@lid chatId: 120363421676358028@g.us
Ack de entrega recebido (pelo menos chegou ao servidor).
[2025-12-19 17:49:14] Starting page count...
[2025-12-19 17:49:14] 📂 Pasta raiz configurada para contagem: G:/My Drive/XABLAU/
[2025-12-19 17:49:14] 📁 Pastas detectadas para contagem: 7
[2025-12-19 17:49:14] 🔎 Iniciando contagem da pasta: 3.BRUNO (G:/My Drive/XABLAU/3.BRUNO)
[2025-12-19 17:49:14] 🔎 Iniciando contagem da pasta: 1.LEIANES (G:/My Drive/XABLAU/1.LEIANES)
[2025-12-19 17:49:14] 🔎 Iniciando contagem da pasta: 2.EROS (G:/My Drive/XABLAU/2.EROS)
[2025-12-19 17:49:14] 🔎 Iniciando contagem da pasta: 4.MAYA (G:/My Drive/XABLAU/4.MAYA)
[2025-12-19 17:49:14] 🔎 Iniciando contagem da pasta: 5.CUSH (G:/My Drive/XABLAU/5.CUSH)
[2025-12-19 17:49:14] 🔎 Iniciando contagem da pasta: 6.ELIS (G:/My Drive/XABLAU/6.ELIS)
[2025-12-19 17:49:14] ✅ Contagem concluída: 1.LEIANES -> 0 páginas
[2025-12-19 17:49:15] ✅ Contagem concluída: 4.MAYA -> 1198 páginas
[2025-12-19 17:49:16] ✅ Contagem concluída: 6.ELIS -> 1027 páginas
[2025-12-19 17:49:19] ✅ Contagem concluída: 2.EROS -> 6533 páginas
[2025-12-19 17:49:19] ✅ Contagem concluída: 5.CUSH -> 5750 páginas
[2025-12-19 17:49:20] ✅ Contagem concluída: 3.BRUNO -> 7395 páginas
[2025-12-19 17:49:20] 🔎 Iniciando contagem da pasta VICTORIA: 7.VICTORIA/1.RENOMEANDO (G:/My Drive/XABLAU/7.VICTORIA\1.RENOMEANDO)
[2025-12-19 17:49:20] 🔎 Iniciando contagem da pasta VICTORIA: 7.VICTORIA/2.RENOMEADOS (G:/My Drive/XABLAU/7.VICTORIA\2.RENOMEADOS)
[2025-12-19 17:49:20] ✅ Contagem VICTORIA concluída: 7.VICTORIA/1.RENOMEANDO -> 0 páginas
[2025-12-19 17:49:20] ✅ Contagem VICTORIA concluída: 7.VICTORIA/2.RENOMEADOS -> 0 páginas
[2025-12-19 17:49:20] ✅ Mensagem liberada para envio: Message differs and cooldown passed
[2025-12-19 17:49:20] 📨 Destino WhatsApp: tipo=group alvo=XABLAU UPDATES
[2025-12-19 17:49:20] Enviando resultados para WhatsApp...
[2025-12-19 17:49:20] ℹ️ Tamanho da mensagem: 470 caracteres
[2025-12-19 17:49:27] Message sent successfully to WhatsApp!
[2025-12-19 17:49:27] ℹ️ Saída do envio: WhatsApp connected!
Sending message to group: XABLAU UPDATES (id: 120363421676358028@g.us)
Message sent successfully! msgId: true_120363421676358028@g.us_3EB0390690949A36EF4062_174462209097938@lid chatId: 120363421676358028@g.us
Ack de entrega recebido (pelo menos chegou ao servidor).
[2025-12-19 17:52:29] Starting page count...
[2025-12-19 17:52:29] 📂 Pasta raiz configurada para contagem: G:/My Drive/XABLAU/
[2025-12-19 17:52:29] 📁 Pastas detectadas para contagem: 7
[2025-12-19 17:52:29] 🔎 Iniciando contagem da pasta: 3.BRUNO (G:/My Drive/XABLAU/3.BRUNO)
[2025-12-19 17:52:29] 🔎 Iniciando contagem da pasta: 1.LEIANES (G:/My Drive/XABLAU/1.LEIANES)
[2025-12-19 17:52:29] 🔎 Iniciando contagem da pasta: 2.EROS (G:/My Drive/XABLAU/2.EROS)
[2025-12-19 17:52:29] 🔎 Iniciando contagem da pasta: 4.MAYA (G:/My Drive/XABLAU/4.MAYA)
[2025-12-19 17:52:29] 🔎 Iniciando contagem da pasta: 5.CUSH (G:/My Drive/XABLAU/5.CUSH)
[2025-12-19 17:52:29] 🔎 Iniciando contagem da pasta: 6.ELIS (G:/My Drive/XABLAU/6.ELIS)
[2025-12-19 17:52:29] ✅ Contagem concluída: 1.LEIANES -> 0 páginas
[2025-12-19 17:52:31] ✅ Contagem concluída: 4.MAYA -> 1198 páginas
[2025-12-19 17:52:32] ✅ Contagem concluída: 6.ELIS -> 1027 páginas
[2025-12-19 17:52:35] ✅ Contagem concluída: 2.EROS -> 6533 páginas
[2025-12-19 17:52:36] ✅ Contagem concluída: 5.CUSH -> 5750 páginas
[2025-12-19 17:52:36] ✅ Contagem concluída: 3.BRUNO -> 7395 páginas
[2025-12-19 17:52:36] 🔎 Iniciando contagem da pasta VICTORIA: 7.VICTORIA/1.RENOMEANDO (G:/My Drive/XABLAU/7.VICTORIA\1.RENOMEANDO)
[2025-12-19 17:52:36] 🔎 Iniciando contagem da pasta VICTORIA: 7.VICTORIA/2.RENOMEADOS (G:/My Drive/XABLAU/7.VICTORIA\2.RENOMEADOS)
[2025-12-19 17:52:36] ✅ Contagem VICTORIA concluída: 7.VICTORIA/1.RENOMEANDO -> 0 páginas
[2025-12-19 17:52:36] ✅ Contagem VICTORIA concluída: 7.VICTORIA/2.RENOMEADOS -> 0 páginas
[2025-12-20 05:54:37] Starting page count...
[2025-12-20 05:54:37] 📂 Pasta raiz configurada para contagem: G:/My Drive/XABLAU/
[2025-12-20 05:54:37] 📁 Pastas detectadas para contagem: 7
[2025-12-20 05:54:37] 🔎 Iniciando contagem da pasta: 3.BRUNO (G:/My Drive/XABLAU/3.BRUNO)
[2025-12-20 05:54:37] 🔎 Iniciando contagem da pasta: 1.LEIANES (G:/My Drive/XABLAU/1.LEIANES)
[2025-12-20 05:54:37] 🔎 Iniciando contagem da pasta: 2.EROS (G:/My Drive/XABLAU/2.EROS)
[2025-12-20 05:54:37] 🔎 Iniciando contagem da pasta: 4.MAYA (G:/My Drive/XABLAU/4.MAYA)
[2025-12-20 05:54:37] 🔎 Iniciando contagem da pasta: 5.CUSH (G:/My Drive/XABLAU/5.CUSH)
[2025-12-20 05:54:37] 🔎 Iniciando contagem da pasta: 6.ELIS (G:/My Drive/XABLAU/6.ELIS)
[2025-12-20 05:54:37] ✅ Contagem concluída: 1.LEIANES -> 0 páginas
[2025-12-20 05:54:43] ✅ Contagem concluída: 4.MAYA -> 1198 páginas
[2025-12-20 05:54:48] ✅ Contagem concluída: 6.ELIS -> 1027 páginas
[2025-12-20 05:55:02] ✅ Contagem concluída: 2.EROS -> 6533 páginas
[2025-12-20 05:55:03] ✅ Contagem concluída: 5.CUSH -> 5750 páginas
[2025-12-20 05:55:06] ✅ Contagem concluída: 3.BRUNO -> 7395 páginas
[2025-12-20 05:55:06] 🔎 Iniciando contagem da pasta VICTORIA: 7.VICTORIA/1.RENOMEANDO (G:/My Drive/XABLAU/7.VICTORIA\1.RENOMEANDO)
[2025-12-20 05:55:06] 🔎 Iniciando contagem da pasta VICTORIA: 7.VICTORIA/2.RENOMEADOS (G:/My Drive/XABLAU/7.VICTORIA\2.RENOMEADOS)
[2025-12-20 05:55:06] ✅ Contagem VICTORIA concluída: 7.VICTORIA/1.RENOMEANDO -> 0 páginas
[2025-12-20 05:55:06] ✅ Contagem VICTORIA concluída: 7.VICTORIA/2.RENOMEADOS -> 0 páginas
[2025-12-22 10:19:30] Starting page count...
[2025-12-22 10:19:30] 📂 Pasta raiz configurada para contagem: G:/My Drive/XABLAU/
[2025-12-22 10:19:30] 📁 Pastas detectadas para contagem: 7
[2025-12-22 10:19:30] 🔎 Iniciando contagem da pasta: 3.BRUNO (G:/My Drive/XABLAU/3.BRUNO)
[2025-12-22 10:19:30] 🔎 Iniciando contagem da pasta: 1.LEIANES (G:/My Drive/XABLAU/1.LEIANES)
[2025-12-22 10:19:30] 🔎 Iniciando contagem da pasta: 2.EROS (G:/My Drive/XABLAU/2.EROS)
[2025-12-22 10:19:30] 🔎 Iniciando contagem da pasta: 4.MAYA (G:/My Drive/XABLAU/4.MAYA)
[2025-12-22 10:19:30] 🔎 Iniciando contagem da pasta: 5.CUSH (G:/My Drive/XABLAU/5.CUSH)
[2025-12-22 10:19:30] 🔎 Iniciando contagem da pasta: 6.ELIS (G:/My Drive/XABLAU/6.ELIS)
[2025-12-22 10:19:30] ✅ Contagem concluída: 1.LEIANES -> 0 páginas
[2025-12-22 10:19:38] ✅ Contagem concluída: 4.MAYA -> 1198 páginas
[2025-12-22 10:19:47] ✅ Contagem concluída: 6.ELIS -> 1027 páginas
[2025-12-22 10:20:06] ✅ Contagem concluída: 2.EROS -> 6533 páginas
[2025-12-22 10:20:08] ✅ Contagem concluída: 5.CUSH -> 5750 páginas
[2025-12-22 10:20:12] ✅ Contagem concluída: 3.BRUNO -> 7395 páginas
[2025-12-22 10:20:12] 🔎 Iniciando contagem da pasta VICTORIA: 7.VICTORIA/1.RENOMEANDO (G:/My Drive/XABLAU/7.VICTORIA\1.RENOMEANDO)
[2025-12-22 10:20:12] 🔎 Iniciando contagem da pasta VICTORIA: 7.VICTORIA/2.RENOMEADOS (G:/My Drive/XABLAU/7.VICTORIA\2.RENOMEADOS)
[2025-12-22 10:20:12] ✅ Contagem VICTORIA concluída: 7.VICTORIA/1.RENOMEANDO -> 0 páginas
[2025-12-22 10:20:12] ✅ Contagem VICTORIA concluída: 7.VICTORIA/2.RENOMEADOS -> 0 páginas
[2025-12-22 17:44:05] Starting page count...
[2025-12-22 17:44:05] 📂 Pasta raiz configurada para contagem: G:/My Drive/XABLAU/
[2025-12-22 17:44:05] 📁 Pastas detectadas para contagem: 7
[2025-12-22 17:44:05] 🔎 Iniciando contagem da pasta: 3.BRUNO (G:/My Drive/XABLAU/3.BRUNO)
[2025-12-22 17:44:05] 🔎 Iniciando contagem da pasta: 1.LEIANES (G:/My Drive/XABLAU/1.LEIANES)
[2025-12-22 17:44:05] 🔎 Iniciando contagem da pasta: 2.EROS (G:/My Drive/XABLAU/2.EROS)
[2025-12-22 17:44:05] 🔎 Iniciando contagem da pasta: 4.MAYA (G:/My Drive/XABLAU/4.MAYA)
[2025-12-22 17:44:05] 🔎 Iniciando contagem da pasta: 5.CUSH (G:/My Drive/XABLAU/5.CUSH)
[2025-12-22 17:44:05] 🔎 Iniciando contagem da pasta: 6.ELIS (G:/My Drive/XABLAU/6.ELIS)
[2025-12-22 17:44:05] ✅ Contagem concluída: 1.LEIANES -> 0 páginas
[2025-12-22 17:44:11] ✅ Contagem concluída: 4.MAYA -> 1198 páginas
[2025-12-22 17:44:17] ✅ Contagem concluída: 6.ELIS -> 1027 páginas
[2025-12-22 17:44:34] ✅ Contagem concluída: 2.EROS -> 6533 páginas
[2025-12-22 17:44:40] ✅ Contagem concluída: 3.BRUNO -> 7395 páginas
[2025-12-22 17:44:41] ✅ Contagem concluída: 5.CUSH -> 8988 páginas
[2025-12-22 17:44:41] 🔎 Iniciando contagem da pasta VICTORIA: 7.VICTORIA/1.RENOMEANDO (G:/My Drive/XABLAU/7.VICTORIA\1.RENOMEANDO)
[2025-12-22 17:44:41] 🔎 Iniciando contagem da pasta VICTORIA: 7.VICTORIA/2.RENOMEADOS (G:/My Drive/XABLAU/7.VICTORIA\2.RENOMEADOS)
[2025-12-22 17:44:41] ✅ Contagem VICTORIA concluída: 7.VICTORIA/1.RENOMEANDO -> 0 páginas
[2025-12-22 17:44:41] ✅ Contagem VICTORIA concluída: 7.VICTORIA/2.RENOMEADOS -> 0 páginas
[2025-12-22 17:44:41] ✅ Mensagem liberada para envio: Message differs and cooldown passed
[2025-12-22 17:44:41] 📨 Destino WhatsApp: tipo=group alvo=XABLAU UPDATES
[2025-12-22 17:44:41] Enviando resultados para WhatsApp...
[2025-12-22 17:44:41] ℹ️ Tamanho da mensagem: 472 caracteres
[2025-12-22 17:44:56] Message sent successfully to WhatsApp!
[2025-12-22 17:44:56] ℹ️ Saída do envio: WhatsApp connected!
Sending message to group: XABLAU UPDATES (id: 120363421676358028@g.us)
Message sent successfully! msgId: true_120363421676358028@g.us_3EB027A71B0B79190ED0A5_174462209097938@lid chatId: 120363421676358028@g.us
Ack de entrega recebido (pelo menos chegou ao servidor).
[2025-12-22 17:46:54] Starting page count...
[2025-12-22 17:46:54] 📂 Pasta raiz configurada para contagem: G:/My Drive/XABLAU/
[2025-12-22 17:46:54] 📁 Pastas detectadas para contagem: 7
[2025-12-22 17:46:54] 🔎 Iniciando contagem da pasta: 3.BRUNO (G:/My Drive/XABLAU/3.BRUNO)
[2025-12-22 17:46:54] 🔎 Iniciando contagem da pasta: 1.LEIANES (G:/My Drive/XABLAU/1.LEIANES)
[2025-12-22 17:46:54] 🔎 Iniciando contagem da pasta: 2.EROS (G:/My Drive/XABLAU/2.EROS)
[2025-12-22 17:46:54] 🔎 Iniciando contagem da pasta: 4.MAYA (G:/My Drive/XABLAU/4.MAYA)
[2025-12-22 17:46:54] 🔎 Iniciando contagem da pasta: 5.CUSH (G:/My Drive/XABLAU/5.CUSH)
[2025-12-22 17:46:54] 🔎 Iniciando contagem da pasta: 6.ELIS (G:/My Drive/XABLAU/6.ELIS)
[2025-12-22 17:46:54] ✅ Contagem concluída: 1.LEIANES -> 0 páginas
[2025-12-22 17:46:55] ✅ Contagem concluída: 4.MAYA -> 1198 páginas
[2025-12-22 17:46:56] ✅ Contagem concluída: 6.ELIS -> 1027 páginas
[2025-12-22 17:46:59] ✅ Contagem concluída: 2.EROS -> 6533 páginas
[2025-12-22 17:47:01] ✅ Contagem concluída: 3.BRUNO -> 7395 páginas
[2025-12-22 17:47:03] ✅ Contagem concluída: 5.CUSH -> 8988 páginas
[2025-12-22 17:47:03] 🔎 Iniciando contagem da pasta VICTORIA: 7.VICTORIA/1.RENOMEANDO (G:/My Drive/XABLAU/7.VICTORIA\1.RENOMEANDO)
[2025-12-22 17:47:03] 🔎 Iniciando contagem da pasta VICTORIA: 7.VICTORIA/2.RENOMEADOS (G:/My Drive/XABLAU/7.VICTORIA\2.RENOMEADOS)
[2025-12-22 17:47:03] ✅ Contagem VICTORIA concluída: 7.VICTORIA/1.RENOMEANDO -> 0 páginas
[2025-12-22 17:47:03] ✅ Contagem VICTORIA concluída: 7.VICTORIA/2.RENOMEADOS -> 0 páginas
[2025-12-22 17:58:24] Starting page count...
[2025-12-22 17:58:24] 📂 Pasta raiz configurada para contagem: G:/My Drive/XABLAU/
[2025-12-22 17:58:24] 📁 Pastas detectadas para contagem: 7
[2025-12-22 17:58:24] 🔎 Iniciando contagem da pasta: 3.BRUNO (G:/My Drive/XABLAU/3.BRUNO)
[2025-12-22 17:58:24] 🔎 Iniciando contagem da pasta: 1.LEIANES (G:/My Drive/XABLAU/1.LEIANES)
[2025-12-22 17:58:24] 🔎 Iniciando contagem da pasta: 2.EROS (G:/My Drive/XABLAU/2.EROS)
[2025-12-22 17:58:24] 🔎 Iniciando contagem da pasta: 4.MAYA (G:/My Drive/XABLAU/4.MAYA)
[2025-12-22 17:58:24] 🔎 Iniciando contagem da pasta: 5.CUSH (G:/My Drive/XABLAU/5.CUSH)
[2025-12-22 17:58:24] 🔎 Iniciando contagem da pasta: 6.ELIS (G:/My Drive/XABLAU/6.ELIS)
[2025-12-22 17:58:24] ✅ Contagem concluída: 1.LEIANES -> 0 páginas
[2025-12-22 17:58:25] ✅ Contagem concluída: 4.MAYA -> 1198 páginas
[2025-12-22 17:58:26] ✅ Contagem concluída: 6.ELIS -> 1027 páginas
[2025-12-22 17:58:29] ✅ Contagem concluída: 2.EROS -> 6533 páginas
[2025-12-22 17:58:31] ✅ Contagem concluída: 3.BRUNO -> 7395 páginas
[2025-12-22 17:58:33] ✅ Contagem concluída: 5.CUSH -> 8988 páginas
[2025-12-22 17:58:33] 🔎 Iniciando contagem da pasta VICTORIA: 7.VICTORIA/1.RENOMEANDO (G:/My Drive/XABLAU/7.VICTORIA\1.RENOMEANDO)
[2025-12-22 17:58:33] 🔎 Iniciando contagem da pasta VICTORIA: 7.VICTORIA/2.RENOMEADOS (G:/My Drive/XABLAU/7.VICTORIA\2.RENOMEADOS)
[2025-12-22 17:58:33] ✅ Contagem VICTORIA concluída: 7.VICTORIA/1.RENOMEANDO -> 0 páginas
[2025-12-22 17:58:33] ✅ Contagem VICTORIA concluída: 7.VICTORIA/2.RENOMEADOS -> 0 páginas
[2025-12-23 13:04:21] Starting page count...
[2025-12-23 13:04:21] 📂 Pasta raiz configurada para contagem: G:/My Drive/XABLAU/
[2025-12-23 13:04:21] 📁 Pastas detectadas para contagem: 7
[2025-12-23 13:04:21] 🔎 Iniciando contagem da pasta: 3.BRUNO (G:/My Drive/XABLAU/3.BRUNO)
[2025-12-23 13:04:21] 🔎 Iniciando contagem da pasta: 1.LEIANES (G:/My Drive/XABLAU/1.LEIANES)
[2025-12-23 13:04:21] 🔎 Iniciando contagem da pasta: 2.EROS (G:/My Drive/XABLAU/2.EROS)
[2025-12-23 13:04:21] 🔎 Iniciando contagem da pasta: 4.MAYA (G:/My Drive/XABLAU/4.MAYA)
[2025-12-23 13:04:21] 🔎 Iniciando contagem da pasta: 5.CUSH (G:/My Drive/XABLAU/5.CUSH)
[2025-12-23 13:04:21] 🔎 Iniciando contagem da pasta: 6.ELIS (G:/My Drive/XABLAU/6.ELIS)
[2025-12-23 13:04:21] ✅ Contagem concluída: 1.LEIANES -> 0 páginas
[2025-12-23 13:04:26] ✅ Contagem concluída: 4.MAYA -> 1198 páginas
[2025-12-23 13:04:32] ✅ Contagem concluída: 6.ELIS -> 1027 páginas
[2025-12-23 13:04:46] ✅ Contagem concluída: 2.EROS -> 6533 páginas
[2025-12-23 13:04:54] ✅ Contagem concluída: 3.BRUNO -> 7395 páginas
[2025-12-23 13:04:59] ✅ Contagem concluída: 5.CUSH -> 8988 páginas
[2025-12-23 13:04:59] 🔎 Iniciando contagem da pasta VICTORIA: 7.VICTORIA/1.RENOMEANDO (G:/My Drive/XABLAU/7.VICTORIA\1.RENOMEANDO)
[2025-12-23 13:04:59] 🔎 Iniciando contagem da pasta VICTORIA: 7.VICTORIA/2.RENOMEADOS (G:/My Drive/XABLAU/7.VICTORIA\2.RENOMEADOS)
[2025-12-23 13:04:59] ✅ Contagem VICTORIA concluída: 7.VICTORIA/1.RENOMEANDO -> 0 páginas
[2025-12-23 13:04:59] ✅ Contagem VICTORIA concluída: 7.VICTORIA/2.RENOMEADOS -> 0 páginas
[2025-12-24 03:20:14] Starting page count...
[2025-12-24 03:20:14] 📂 Pasta raiz configurada para contagem: G:/My Drive/XABLAU/
[2025-12-24 03:20:14] 📁 Pastas detectadas para contagem: 7
[2025-12-24 03:20:14] 🔎 Iniciando contagem da pasta: 3.BRUNO (G:/My Drive/XABLAU/3.BRUNO)
[2025-12-24 03:20:14] 🔎 Iniciando contagem da pasta: 1.LEIANES (G:/My Drive/XABLAU/1.LEIANES)
[2025-12-24 03:20:14] 🔎 Iniciando contagem da pasta: 2.EROS (G:/My Drive/XABLAU/2.EROS)
[2025-12-24 03:20:14] 🔎 Iniciando contagem da pasta: 4.MAYA (G:/My Drive/XABLAU/4.MAYA)
[2025-12-24 03:20:14] 🔎 Iniciando contagem da pasta: 5.CUSH (G:/My Drive/XABLAU/5.CUSH)
[2025-12-24 03:20:14] 🔎 Iniciando contagem da pasta: 6.ELIS (G:/My Drive/XABLAU/6.ELIS)
[2025-12-24 03:20:14] ✅ Contagem concluída: 1.LEIANES -> 0 páginas
[2025-12-24 03:20:20] ✅ Contagem concluída: 4.MAYA -> 1198 páginas
[2025-12-24 03:20:27] ✅ Contagem concluída: 6.ELIS -> 1027 páginas
[2025-12-24 03:20:42] ✅ Contagem concluída: 2.EROS -> 6533 páginas
[2025-12-24 03:20:50] ✅ Contagem concluída: 3.BRUNO -> 7395 páginas
[2025-12-24 03:20:55] ✅ Contagem concluída: 5.CUSH -> 8988 páginas
[2025-12-24 03:20:55] 🔎 Iniciando contagem da pasta VICTORIA: 7.VICTORIA/1.RENOMEANDO (G:/My Drive/XABLAU/7.VICTORIA\1.RENOMEANDO)
[2025-12-24 03:20:55] 🔎 Iniciando contagem da pasta VICTORIA: 7.VICTORIA/2.RENOMEADOS (G:/My Drive/XABLAU/7.VICTORIA\2.RENOMEADOS)
[2025-12-24 03:20:55] ✅ Contagem VICTORIA concluída: 7.VICTORIA/1.RENOMEANDO -> 0 páginas
[2025-12-24 03:20:55] ✅ Contagem VICTORIA concluída: 7.VICTORIA/2.RENOMEADOS -> 0 páginas
[2025-12-24 15:55:15] Starting page count...
[2025-12-24 15:55:15] 📂 Pasta raiz configurada para contagem: G:/My Drive/XABLAU/
[2025-12-24 15:55:15] 📁 Pastas detectadas para contagem: 7
[2025-12-24 15:55:15] 🔎 Iniciando contagem da pasta: 3.BRUNO (G:/My Drive/XABLAU/3.BRUNO)
[2025-12-24 15:55:15] 🔎 Iniciando contagem da pasta: 1.LEIANES (G:/My Drive/XABLAU/1.LEIANES)
[2025-12-24 15:55:15] 🔎 Iniciando contagem da pasta: 2.EROS (G:/My Drive/XABLAU/2.EROS)
[2025-12-24 15:55:15] 🔎 Iniciando contagem da pasta: 4.MAYA (G:/My Drive/XABLAU/4.MAYA)
[2025-12-24 15:55:15] 🔎 Iniciando contagem da pasta: 5.CUSH (G:/My Drive/XABLAU/5.CUSH)
[2025-12-24 15:55:15] 🔎 Iniciando contagem da pasta: 6.ELIS (G:/My Drive/XABLAU/6.ELIS)
[2025-12-24 15:55:15] ✅ Contagem concluída: 1.LEIANES -> 0 páginas
[2025-12-24 15:55:20] ✅ Contagem concluída: 4.MAYA -> 1198 páginas
[2025-12-24 15:55:26] ✅ Contagem concluída: 6.ELIS -> 1027 páginas
[2025-12-24 15:55:42] ✅ Contagem concluída: 2.EROS -> 6533 páginas
[2025-12-24 15:55:50] ✅ Contagem concluída: 3.BRUNO -> 7395 páginas
[2025-12-24 15:55:55] ✅ Contagem concluída: 5.CUSH -> 8988 páginas
[2025-12-24 15:55:55] 🔎 Iniciando contagem da pasta VICTORIA: 7.VICTORIA/1.RENOMEANDO (G:/My Drive/XABLAU/7.VICTORIA\1.RENOMEANDO)
[2025-12-24 15:55:55] 🔎 Iniciando contagem da pasta VICTORIA: 7.VICTORIA/2.RENOMEADOS (G:/My Drive/XABLAU/7.VICTORIA\2.RENOMEADOS)
[2025-12-24 15:55:55] ✅ Contagem VICTORIA concluída: 7.VICTORIA/1.RENOMEANDO -> 0 páginas
[2025-12-24 15:55:55] ✅ Contagem VICTORIA concluída: 7.VICTORIA/2.RENOMEADOS -> 0 páginas
[2025-12-26 13:27:39] Starting page count...
[2025-12-26 13:27:39] 📂 Pasta raiz configurada para contagem: G:/My Drive/XABLAU/
[2025-12-26 13:27:39] 📁 Pastas detectadas para contagem: 7
[2025-12-26 13:27:39] 🔎 Iniciando contagem da pasta: 3.BRUNO (G:/My Drive/XABLAU/3.BRUNO)
[2025-12-26 13:27:39] 🔎 Iniciando contagem da pasta: 1.LEIANES (G:/My Drive/XABLAU/1.LEIANES)
[2025-12-26 13:27:39] 🔎 Iniciando contagem da pasta: 2.EROS (G:/My Drive/XABLAU/2.EROS)
[2025-12-26 13:27:39] 🔎 Iniciando contagem da pasta: 4.MAYA (G:/My Drive/XABLAU/4.MAYA)
[2025-12-26 13:27:39] 🔎 Iniciando contagem da pasta: 5.CUSH (G:/My Drive/XABLAU/5.CUSH)
[2025-12-26 13:27:39] 🔎 Iniciando contagem da pasta: 6.ELIS (G:/My Drive/XABLAU/6.ELIS)
[2025-12-26 13:27:39] ✅ Contagem concluída: 1.LEIANES -> 0 páginas
[2025-12-26 13:27:44] ✅ Contagem concluída: 4.MAYA -> 1198 páginas
[2025-12-26 13:27:49] ✅ Contagem concluída: 6.ELIS -> 1027 páginas
[2025-12-26 13:28:06] ✅ Contagem concluída: 2.EROS -> 7324 páginas
[2025-12-26 13:28:11] ✅ Contagem concluída: 3.BRUNO -> 7395 páginas
[2025-12-26 13:28:15] ✅ Contagem concluída: 5.CUSH -> 8988 páginas
[2025-12-26 13:28:15] 🔎 Iniciando contagem da pasta VICTORIA: 7.VICTORIA/1.RENOMEANDO (G:/My Drive/XABLAU/7.VICTORIA\1.RENOMEANDO)
[2025-12-26 13:28:15] 🔎 Iniciando contagem da pasta VICTORIA: 7.VICTORIA/2.RENOMEADOS (G:/My Drive/XABLAU/7.VICTORIA\2.RENOMEADOS)
[2025-12-26 13:28:15] ✅ Contagem VICTORIA concluída: 7.VICTORIA/1.RENOMEANDO -> 0 páginas
[2025-12-26 13:28:15] ✅ Contagem VICTORIA concluída: 7.VICTORIA/2.RENOMEADOS -> 0 páginas
[2025-12-26 13:28:15] ✅ Mensagem liberada para envio: Message differs and cooldown passed
[2025-12-26 13:28:15] 📨 Destino WhatsApp: tipo=group alvo=XABLAU UPDATES
[2025-12-26 13:28:15] Enviando resultados para WhatsApp...
[2025-12-26 13:28:15] ℹ️ Tamanho da mensagem: 470 caracteres
[2025-12-26 13:28:28] Message sent successfully to WhatsApp!
[2025-12-26 13:28:28] ℹ️ Saída do envio: WhatsApp connected!
Sending message to group: XABLAU UPDATES (id: 120363421676358028@g.us)
Message sent successfully! msgId: true_120363421676358028@g.us_3EB05993132C2A0A892E96_174462209097938@lid chatId: 120363421676358028@g.us
Ack de entrega recebido (pelo menos chegou ao servidor).
[2025-12-26 14:29:46] Starting page count...
[2025-12-26 14:29:46] 📂 Pasta raiz configurada para contagem: G:/My Drive/XABLAU/
[2025-12-26 14:29:46] 📁 Pastas detectadas para contagem: 7
[2025-12-26 14:29:46] 🔎 Iniciando contagem da pasta: 3.BRUNO (G:/My Drive/XABLAU/3.BRUNO)
[2025-12-26 14:29:46] 🔎 Iniciando contagem da pasta: 1.LEIANES (G:/My Drive/XABLAU/1.LEIANES)
[2025-12-26 14:29:46] 🔎 Iniciando contagem da pasta: 2.EROS (G:/My Drive/XABLAU/2.EROS)
[2025-12-26 14:29:46] 🔎 Iniciando contagem da pasta: 4.MAYA (G:/My Drive/XABLAU/4.MAYA)
[2025-12-26 14:29:46] 🔎 Iniciando contagem da pasta: 5.CUSH (G:/My Drive/XABLAU/5.CUSH)
[2025-12-26 14:29:46] 🔎 Iniciando contagem da pasta: 6.ELIS (G:/My Drive/XABLAU/6.ELIS)
[2025-12-26 14:29:46] ✅ Contagem concluída: 1.LEIANES -> 0 páginas
[2025-12-26 14:29:51] ✅ Contagem concluída: 4.MAYA -> 1198 páginas
[2025-12-26 14:29:57] ✅ Contagem concluída: 6.ELIS -> 1027 páginas
[2025-12-26 14:30:15] ✅ Contagem concluída: 2.EROS -> 7324 páginas
[2025-12-26 14:30:19] ✅ Contagem concluída: 3.BRUNO -> 7395 páginas
[2025-12-26 14:30:24] ✅ Contagem concluída: 5.CUSH -> 8988 páginas
[2025-12-26 14:30:24] 🔎 Iniciando contagem da pasta VICTORIA: 7.VICTORIA/1.RENOMEANDO (G:/My Drive/XABLAU/7.VICTORIA\1.RENOMEANDO)
[2025-12-26 14:30:24] 🔎 Iniciando contagem da pasta VICTORIA: 7.VICTORIA/2.RENOMEADOS (G:/My Drive/XABLAU/7.VICTORIA\2.RENOMEADOS)
[2025-12-26 14:30:24] ✅ Contagem VICTORIA concluída: 7.VICTORIA/2.RENOMEADOS -> 0 páginas
[2025-12-26 14:31:06] ✅ Contagem VICTORIA concluída: 7.VICTORIA/1.RENOMEANDO -> 25932 páginas
[2025-12-26 14:31:06] ✅ Mensagem liberada para envio: Message differs and cooldown passed
[2025-12-26 14:31:06] 📨 Destino WhatsApp: tipo=group alvo=XABLAU UPDATES
[2025-12-26 14:31:06] Enviando resultados para WhatsApp...
[2025-12-26 14:31:06] ℹ️ Tamanho da mensagem: 482 caracteres
[2025-12-26 14:31:19] Message sent successfully to WhatsApp!
[2025-12-26 14:31:19] ℹ️ Saída do envio: WhatsApp connected!
Sending message to group: XABLAU UPDATES (id: 120363421676358028@g.us)
Message sent successfully! msgId: true_120363421676358028@g.us_3EB0575769AE3A347545C6_174462209097938@lid chatId: 120363421676358028@g.us
Ack de entrega recebido (pelo menos chegou ao servidor).
[2025-12-26 14:53:31] Starting page count...
[2025-12-26 14:53:31] 📂 Pasta raiz configurada para contagem: G:/My Drive/XABLAU/
[2025-12-26 14:53:31] 📁 Pastas detectadas para contagem: 7
[2025-12-26 14:53:31] 🔎 Iniciando contagem da pasta: 3.BRUNO (G:/My Drive/XABLAU/3.BRUNO)
[2025-12-26 14:53:31] 🔎 Iniciando contagem da pasta: 1.LEIANES (G:/My Drive/XABLAU/1.LEIANES)
[2025-12-26 14:53:31] 🔎 Iniciando contagem da pasta: 2.EROS (G:/My Drive/XABLAU/2.EROS)
[2025-12-26 14:53:31] 🔎 Iniciando contagem da pasta: 4.MAYA (G:/My Drive/XABLAU/4.MAYA)
[2025-12-26 14:53:31] 🔎 Iniciando contagem da pasta: 5.CUSH (G:/My Drive/XABLAU/5.CUSH)
[2025-12-26 14:53:31] 🔎 Iniciando contagem da pasta: 6.ELIS (G:/My Drive/XABLAU/6.ELIS)
[2025-12-26 14:53:31] ✅ Contagem concluída: 1.LEIANES -> 0 páginas
[2025-12-26 14:53:32] ✅ Contagem concluída: 4.MAYA -> 1198 páginas
[2025-12-26 14:53:33] ✅ Contagem concluída: 6.ELIS -> 1027 páginas
[2025-12-26 14:53:37] ✅ Contagem concluída: 2.EROS -> 7324 páginas
[2025-12-26 14:53:38] ✅ Contagem concluída: 3.BRUNO -> 7395 páginas
[2025-12-26 14:53:40] ✅ Contagem concluída: 5.CUSH -> 8988 páginas
[2025-12-26 14:53:40] 🔎 Iniciando contagem da pasta VICTORIA: 7.VICTORIA/1.RENOMEANDO (G:/My Drive/XABLAU/7.VICTORIA\1.RENOMEANDO)
[2025-12-26 14:53:40] 🔎 Iniciando contagem da pasta VICTORIA: 7.VICTORIA/2.RENOMEADOS (G:/My Drive/XABLAU/7.VICTORIA\2.RENOMEADOS)
[2025-12-26 14:53:40] ✅ Contagem VICTORIA concluída: 7.VICTORIA/2.RENOMEADOS -> 0 páginas
[2025-12-26 14:53:53] ✅ Contagem VICTORIA concluída: 7.VICTORIA/1.RENOMEANDO -> 25932 páginas
[2025-12-26 15:30:14] Starting page count...
[2025-12-26 15:30:14] 📂 Pasta raiz configurada para contagem: G:/My Drive/XABLAU/
[2025-12-26 15:30:14] 📁 Pastas detectadas para contagem: 7
[2025-12-26 15:30:14] 🔎 Iniciando contagem da pasta: 3.BRUNO (G:/My Drive/XABLAU/3.BRUNO)
[2025-12-26 15:30:14] 🔎 Iniciando contagem da pasta: 1.LEIANES (G:/My Drive/XABLAU/1.LEIANES)
[2025-12-26 15:30:14] 🔎 Iniciando contagem da pasta: 2.EROS (G:/My Drive/XABLAU/2.EROS)
[2025-12-26 15:30:14] 🔎 Iniciando contagem da pasta: 4.MAYA (G:/My Drive/XABLAU/4.MAYA)
[2025-12-26 15:30:14] 🔎 Iniciando contagem da pasta: 5.CUSH (G:/My Drive/XABLAU/5.CUSH)
[2025-12-26 15:30:14] 🔎 Iniciando contagem da pasta: 6.ELIS (G:/My Drive/XABLAU/6.ELIS)
[2025-12-26 15:30:14] ✅ Contagem concluída: 1.LEIANES -> 0 páginas
[2025-12-26 15:30:15] ✅ Contagem concluída: 4.MAYA -> 1198 páginas
[2025-12-26 15:30:17] ✅ Contagem concluída: 6.ELIS -> 1027 páginas
[2025-12-26 15:30:21] ✅ Contagem concluída: 2.EROS -> 7324 páginas
[2025-12-26 15:30:22] ✅ Contagem concluída: 3.BRUNO -> 7395 páginas
[2025-12-26 15:30:23] ✅ Contagem concluída: 5.CUSH -> 8988 páginas
[2025-12-26 15:30:23] 🔎 Iniciando contagem da pasta VICTORIA: 7.VICTORIA/1.RENOMEANDO (G:/My Drive/XABLAU/7.VICTORIA\1.RENOMEANDO)
[2025-12-26 15:30:23] 🔎 Iniciando contagem da pasta VICTORIA: 7.VICTORIA/2.RENOMEADOS (G:/My Drive/XABLAU/7.VICTORIA\2.RENOMEADOS)
[2025-12-26 15:30:23] ✅ Contagem VICTORIA concluída: 7.VICTORIA/2.RENOMEADOS -> 0 páginas
[2025-12-26 15:30:36] ✅ Contagem VICTORIA concluída: 7.VICTORIA/1.RENOMEANDO -> 25932 páginas
[2025-12-26 15:44:09] Starting page count...
[2025-12-26 15:44:09] 📂 Pasta raiz configurada para contagem: G:/My Drive/XABLAU/
[2025-12-26 15:44:09] 📁 Pastas detectadas para contagem: 7
[2025-12-26 15:44:09] 🔎 Iniciando contagem da pasta: 3.BRUNO (G:/My Drive/XABLAU/3.BRUNO)
[2025-12-26 15:44:09] 🔎 Iniciando contagem da pasta: 1.LEIANES (G:/My Drive/XABLAU/1.LEIANES)
[2025-12-26 15:44:09] 🔎 Iniciando contagem da pasta: 2.EROS (G:/My Drive/XABLAU/2.EROS)
[2025-12-26 15:44:09] 🔎 Iniciando contagem da pasta: 4.MAYA (G:/My Drive/XABLAU/4.MAYA)
[2025-12-26 15:44:09] 🔎 Iniciando contagem da pasta: 5.CUSH (G:/My Drive/XABLAU/5.CUSH)
[2025-12-26 15:44:09] 🔎 Iniciando contagem da pasta: 6.ELIS (G:/My Drive/XABLAU/6.ELIS)
[2025-12-26 15:44:09] ✅ Contagem concluída: 1.LEIANES -> 0 páginas
[2025-12-26 15:44:10] ✅ Contagem concluída: 4.MAYA -> 1198 páginas
[2025-12-26 15:44:11] ✅ Contagem concluída: 6.ELIS -> 1027 páginas
[2025-12-26 15:44:15] ✅ Contagem concluída: 2.EROS -> 7324 páginas
[2025-12-26 15:44:16] ✅ Contagem concluída: 3.BRUNO -> 7395 páginas
[2025-12-26 15:44:18] ✅ Contagem concluída: 5.CUSH -> 8988 páginas
[2025-12-26 15:44:18] 🔎 Iniciando contagem da pasta VICTORIA: 7.VICTORIA/1.RENOMEANDO (G:/My Drive/XABLAU/7.VICTORIA\1.RENOMEANDO)
[2025-12-26 15:44:18] 🔎 Iniciando contagem da pasta VICTORIA: 7.VICTORIA/2.RENOMEADOS (G:/My Drive/XABLAU/7.VICTORIA\2.RENOMEADOS)
[2025-12-26 15:44:18] ✅ Contagem VICTORIA concluída: 7.VICTORIA/2.RENOMEADOS -> 919 páginas
[2025-12-26 15:44:31] ✅ Contagem VICTORIA concluída: 7.VICTORIA/1.RENOMEANDO -> 25013 páginas
[2025-12-26 15:44:31] ✅ Mensagem liberada para envio: Message differs and cooldown passed
[2025-12-26 15:44:31] 📨 Destino WhatsApp: tipo=group alvo=XABLAU UPDATES
[2025-12-26 15:44:31] Enviando resultados para WhatsApp...
[2025-12-26 15:44:31] ℹ️ Tamanho da mensagem: 462 caracteres
[2025-12-26 15:44:38] Message sent successfully to WhatsApp!
[2025-12-26 15:44:38] ℹ️ Saída do envio: WhatsApp connected!
Sending message to group: XABLAU UPDATES (id: 120363421676358028@g.us)
Message sent successfully! msgId: true_120363421676358028@g.us_3EB0FBACFEA0576C4DD573_174462209097938@lid chatId: 120363421676358028@g.us
Ack de entrega recebido (pelo menos chegou ao servidor).
[2025-12-26 16:00:52] Starting page count...
[2025-12-26 16:00:52] 📂 Pasta raiz configurada para contagem: G:/My Drive/XABLAU/
[2025-12-26 16:00:52] 📁 Pastas detectadas para contagem: 7
[2025-12-26 16:00:52] 🔎 Iniciando contagem da pasta: 3.BRUNO (G:/My Drive/XABLAU/3.BRUNO)
[2025-12-26 16:00:52] 🔎 Iniciando contagem da pasta: 1.LEIANES (G:/My Drive/XABLAU/1.LEIANES)
[2025-12-26 16:00:52] 🔎 Iniciando contagem da pasta: 2.EROS (G:/My Drive/XABLAU/2.EROS)
[2025-12-26 16:00:52] 🔎 Iniciando contagem da pasta: 4.MAYA (G:/My Drive/XABLAU/4.MAYA)
[2025-12-26 16:00:52] 🔎 Iniciando contagem da pasta: 5.CUSH (G:/My Drive/XABLAU/5.CUSH)
[2025-12-26 16:00:52] 🔎 Iniciando contagem da pasta: 6.ELIS (G:/My Drive/XABLAU/6.ELIS)
[2025-12-26 16:00:52] ✅ Contagem concluída: 1.LEIANES -> 0 páginas
[2025-12-26 16:00:53] ✅ Contagem concluída: 4.MAYA -> 1198 páginas
[2025-12-26 16:00:55] ✅ Contagem concluída: 6.ELIS -> 1027 páginas
[2025-12-26 16:00:59] ✅ Contagem concluída: 2.EROS -> 7324 páginas
[2025-12-26 16:01:00] ✅ Contagem concluída: 3.BRUNO -> 7395 páginas
[2025-12-26 16:01:01] ✅ Contagem concluída: 5.CUSH -> 8988 páginas
[2025-12-26 16:01:01] 🔎 Iniciando contagem da pasta VICTORIA: 7.VICTORIA/1.RENOMEANDO (G:/My Drive/XABLAU/7.VICTORIA\1.RENOMEANDO)
[2025-12-26 16:01:01] 🔎 Iniciando contagem da pasta VICTORIA: 7.VICTORIA/2.RENOMEADOS (G:/My Drive/XABLAU/7.VICTORIA\2.RENOMEADOS)
[2025-12-26 16:01:02] ✅ Contagem VICTORIA concluída: 7.VICTORIA/2.RENOMEADOS -> 919 páginas
[2025-12-26 16:01:15] ✅ Contagem VICTORIA concluída: 7.VICTORIA/1.RENOMEANDO -> 25013 páginas
[2025-12-26 16:17:27] Starting page count...
[2025-12-26 16:17:27] 📂 Pasta raiz configurada para contagem: G:/My Drive/XABLAU/
[2025-12-26 16:17:27] 📁 Pastas detectadas para contagem: 7
[2025-12-26 16:17:27] 🔎 Iniciando contagem da pasta: 3.BRUNO (G:/My Drive/XABLAU/3.BRUNO)
[2025-12-26 16:17:27] 🔎 Iniciando contagem da pasta: 1.LEIANES (G:/My Drive/XABLAU/1.LEIANES)
[2025-12-26 16:17:27] 🔎 Iniciando contagem da pasta: 2.EROS (G:/My Drive/XABLAU/2.EROS)
[2025-12-26 16:17:27] 🔎 Iniciando contagem da pasta: 4.MAYA (G:/My Drive/XABLAU/4.MAYA)
[2025-12-26 16:17:27] 🔎 Iniciando contagem da pasta: 5.CUSH (G:/My Drive/XABLAU/5.CUSH)
[2025-12-26 16:17:27] 🔎 Iniciando contagem da pasta: 6.ELIS (G:/My Drive/XABLAU/6.ELIS)
[2025-12-26 16:17:27] ✅ Contagem concluída: 1.LEIANES -> 0 páginas
[2025-12-26 16:17:28] ✅ Contagem concluída: 4.MAYA -> 1198 páginas
[2025-12-26 16:17:29] ✅ Contagem concluída: 6.ELIS -> 1027 páginas
[2025-12-26 16:17:33] ✅ Contagem concluída: 2.EROS -> 7324 páginas
[2025-12-26 16:17:34] ✅ Contagem concluída: 3.BRUNO -> 7395 páginas
[2025-12-26 16:17:36] ✅ Contagem concluída: 5.CUSH -> 8988 páginas
[2025-12-26 16:17:36] 🔎 Iniciando contagem da pasta VICTORIA: 7.VICTORIA/1.RENOMEANDO (G:/My Drive/XABLAU/7.VICTORIA\1.RENOMEANDO)
[2025-12-26 16:17:36] 🔎 Iniciando contagem da pasta VICTORIA: 7.VICTORIA/2.RENOMEADOS (G:/My Drive/XABLAU/7.VICTORIA\2.RENOMEADOS)
[2025-12-26 16:17:37] ✅ Contagem VICTORIA concluída: 7.VICTORIA/2.RENOMEADOS -> 1968 páginas
[2025-12-26 16:17:49] ✅ Contagem VICTORIA concluída: 7.VICTORIA/1.RENOMEANDO -> 23657 páginas
[2025-12-26 16:17:49] ✅ Mensagem liberada para envio: Message differs and cooldown passed
[2025-12-26 16:17:49] 📨 Destino WhatsApp: tipo=group alvo=XABLAU UPDATES
[2025-12-26 16:17:49] Enviando resultados para WhatsApp...
[2025-12-26 16:17:49] ℹ️ Tamanho da mensagem: 490 caracteres
[2025-12-26 16:17:56] Message sent successfully to WhatsApp!
[2025-12-26 16:17:56] ℹ️ Saída do envio: WhatsApp connected!
Sending message to group: XABLAU UPDATES (id: 120363421676358028@g.us)
Message sent successfully! msgId: true_120363421676358028@g.us_3EB07B1ECB6C75C7BC7460_174462209097938@lid chatId: 120363421676358028@g.us
Ack de entrega recebido (pelo menos chegou ao servidor).
[2025-12-26 16:20:37] Starting page count...
[2025-12-26 16:20:37] 📂 Pasta raiz configurada para contagem: G:/My Drive/XABLAU/
[2025-12-26 16:20:37] 📁 Pastas detectadas para contagem: 7
[2025-12-26 16:20:37] 🔎 Iniciando contagem da pasta: 3.BRUNO (G:/My Drive/XABLAU/3.BRUNO)
[2025-12-26 16:20:37] 🔎 Iniciando contagem da pasta: 1.LEIANES (G:/My Drive/XABLAU/1.LEIANES)
[2025-12-26 16:20:37] 🔎 Iniciando contagem da pasta: 2.EROS (G:/My Drive/XABLAU/2.EROS)
[2025-12-26 16:20:37] 🔎 Iniciando contagem da pasta: 4.MAYA (G:/My Drive/XABLAU/4.MAYA)
[2025-12-26 16:20:37] 🔎 Iniciando contagem da pasta: 5.CUSH (G:/My Drive/XABLAU/5.CUSH)
[2025-12-26 16:20:37] 🔎 Iniciando contagem da pasta: 6.ELIS (G:/My Drive/XABLAU/6.ELIS)
[2025-12-26 16:20:37] ✅ Contagem concluída: 1.LEIANES -> 0 páginas
[2025-12-26 16:20:38] ✅ Contagem concluída: 4.MAYA -> 1198 páginas
[2025-12-26 16:20:39] ✅ Contagem concluída: 6.ELIS -> 1027 páginas
[2025-12-26 16:20:44] ✅ Contagem concluída: 2.EROS -> 7324 páginas
[2025-12-26 16:20:44] ✅ Contagem concluída: 3.BRUNO -> 7395 páginas
[2025-12-26 16:20:46] ✅ Contagem concluída: 5.CUSH -> 8988 páginas
[2025-12-26 16:20:46] 🔎 Iniciando contagem da pasta VICTORIA: 7.VICTORIA/1.RENOMEANDO (G:/My Drive/XABLAU/7.VICTORIA\1.RENOMEANDO)
[2025-12-26 16:20:46] 🔎 Iniciando contagem da pasta VICTORIA: 7.VICTORIA/2.RENOMEADOS (G:/My Drive/XABLAU/7.VICTORIA\2.RENOMEADOS)
[2025-12-26 16:20:47] ✅ Contagem VICTORIA concluída: 7.VICTORIA/2.RENOMEADOS -> 2275 páginas
[2025-12-26 16:20:59] ✅ Contagem VICTORIA concluída: 7.VICTORIA/1.RENOMEANDO -> 23657 páginas
[2025-12-26 16:20:59] ✅ Mensagem liberada para envio: Message differs and cooldown passed
[2025-12-26 16:20:59] 📨 Destino WhatsApp: tipo=group alvo=XABLAU UPDATES
[2025-12-26 16:20:59] Enviando resultados para WhatsApp...
[2025-12-26 16:20:59] ℹ️ Tamanho da mensagem: 481 caracteres
[2025-12-26 16:21:06] Message sent successfully to WhatsApp!
[2025-12-26 16:21:06] ℹ️ Saída do envio: WhatsApp connected!
Sending message to group: XABLAU UPDATES (id: 120363421676358028@g.us)
Message sent successfully! msgId: true_120363421676358028@g.us_3EB0D5721EADE24CBBDE19_174462209097938@lid chatId: 120363421676358028@g.us
Ack de entrega recebido (pelo menos chegou ao servidor).
[2025-12-26 16:38:17] Starting page count...
[2025-12-26 16:38:17] 📂 Pasta raiz configurada para contagem: G:/My Drive/XABLAU/
[2025-12-26 16:38:17] 📁 Pastas detectadas para contagem: 7
[2025-12-26 16:38:17] 🔎 Iniciando contagem da pasta: 3.BRUNO (G:/My Drive/XABLAU/3.BRUNO)
[2025-12-26 16:38:17] 🔎 Iniciando contagem da pasta: 1.LEIANES (G:/My Drive/XABLAU/1.LEIANES)
[2025-12-26 16:38:17] 🔎 Iniciando contagem da pasta: 2.EROS (G:/My Drive/XABLAU/2.EROS)
[2025-12-26 16:38:17] 🔎 Iniciando contagem da pasta: 4.MAYA (G:/My Drive/XABLAU/4.MAYA)
[2025-12-26 16:38:17] 🔎 Iniciando contagem da pasta: 5.CUSH (G:/My Drive/XABLAU/5.CUSH)
[2025-12-26 16:38:17] 🔎 Iniciando contagem da pasta: 6.ELIS (G:/My Drive/XABLAU/6.ELIS)
[2025-12-26 16:38:17] ✅ Contagem concluída: 1.LEIANES -> 0 páginas
[2025-12-26 16:38:18] ✅ Contagem concluída: 4.MAYA -> 1198 páginas
[2025-12-26 16:38:19] ✅ Contagem concluída: 6.ELIS -> 1027 páginas
[2025-12-26 16:38:23] ✅ Contagem concluída: 2.EROS -> 7324 páginas
[2025-12-26 16:38:24] ✅ Contagem concluída: 3.BRUNO -> 7395 páginas
[2025-12-26 16:38:26] ✅ Contagem concluída: 5.CUSH -> 8988 páginas
[2025-12-26 16:38:26] 🔎 Iniciando contagem da pasta VICTORIA: 7.VICTORIA/1.RENOMEANDO (G:/My Drive/XABLAU/7.VICTORIA\1.RENOMEANDO)
[2025-12-26 16:38:26] 🔎 Iniciando contagem da pasta VICTORIA: 7.VICTORIA/2.RENOMEADOS (G:/My Drive/XABLAU/7.VICTORIA\2.RENOMEADOS)
[2025-12-26 16:38:27] ✅ Contagem VICTORIA concluída: 7.VICTORIA/2.RENOMEADOS -> 2275 páginas
[2025-12-26 16:38:39] ✅ Contagem VICTORIA concluída: 7.VICTORIA/1.RENOMEANDO -> 23657 páginas
[2025-12-26 16:53:35] Starting page count...
[2025-12-26 16:53:35] 📂 Pasta raiz configurada para contagem: G:/My Drive/XABLAU/
[2025-12-26 16:53:35] 📁 Pastas detectadas para contagem: 7
[2025-12-26 16:53:35] 🔎 Iniciando contagem da pasta: 3.BRUNO (G:/My Drive/XABLAU/3.BRUNO)
[2025-12-26 16:53:35] 🔎 Iniciando contagem da pasta: 1.LEIANES (G:/My Drive/XABLAU/1.LEIANES)
[2025-12-26 16:53:35] 🔎 Iniciando contagem da pasta: 2.EROS (G:/My Drive/XABLAU/2.EROS)
[2025-12-26 16:53:35] 🔎 Iniciando contagem da pasta: 4.MAYA (G:/My Drive/XABLAU/4.MAYA)
[2025-12-26 16:53:35] 🔎 Iniciando contagem da pasta: 5.CUSH (G:/My Drive/XABLAU/5.CUSH)
[2025-12-26 16:53:35] 🔎 Iniciando contagem da pasta: 6.ELIS (G:/My Drive/XABLAU/6.ELIS)
[2025-12-26 16:53:35] ✅ Contagem concluída: 1.LEIANES -> 0 páginas
[2025-12-26 16:53:36] ✅ Contagem concluída: 4.MAYA -> 1198 páginas
[2025-12-26 16:53:37] ✅ Contagem concluída: 6.ELIS -> 1027 páginas
[2025-12-26 16:53:41] ✅ Contagem concluída: 2.EROS -> 7324 páginas
[2025-12-26 16:53:42] ✅ Contagem concluída: 3.BRUNO -> 7395 páginas
[2025-12-26 16:53:44] ✅ Contagem concluída: 5.CUSH -> 8988 páginas
[2025-12-26 16:53:44] 🔎 Iniciando contagem da pasta VICTORIA: 7.VICTORIA/1.RENOMEANDO (G:/My Drive/XABLAU/7.VICTORIA\1.RENOMEANDO)
[2025-12-26 16:53:44] 🔎 Iniciando contagem da pasta VICTORIA: 7.VICTORIA/2.RENOMEADOS (G:/My Drive/XABLAU/7.VICTORIA\2.RENOMEADOS)
[2025-12-26 16:53:46] ✅ Contagem VICTORIA concluída: 7.VICTORIA/2.RENOMEADOS -> 3247 páginas
[2025-12-26 16:53:56] ✅ Contagem VICTORIA concluída: 7.VICTORIA/1.RENOMEANDO -> 22685 páginas
[2025-12-26 16:53:56] ✅ Mensagem liberada para envio: Message differs and cooldown passed
[2025-12-26 16:53:56] 📨 Destino WhatsApp: tipo=group alvo=XABLAU UPDATES
[2025-12-26 16:53:56] Enviando resultados para WhatsApp...
[2025-12-26 16:53:56] ℹ️ Tamanho da mensagem: 463 caracteres
[2025-12-26 16:54:04] Message sent successfully to WhatsApp!
[2025-12-26 16:54:04] ℹ️ Saída do envio: WhatsApp connected!
Sending message to group: XABLAU UPDATES (id: 120363421676358028@g.us)
Message sent successfully! msgId: true_120363421676358028@g.us_3EB0F89723220670CE1BEC_174462209097938@lid chatId: 120363421676358028@g.us
Ack de entrega recebido (pelo menos chegou ao servidor).
[2025-12-26 16:58:31] Starting page count...
[2025-12-26 16:58:31] 📂 Pasta raiz configurada para contagem: G:/My Drive/XABLAU/
[2025-12-26 16:58:31] 📁 Pastas detectadas para contagem: 7
[2025-12-26 16:58:31] 🔎 Iniciando contagem da pasta: 3.BRUNO (G:/My Drive/XABLAU/3.BRUNO)
[2025-12-26 16:58:31] 🔎 Iniciando contagem da pasta: 1.LEIANES (G:/My Drive/XABLAU/1.LEIANES)
[2025-12-26 16:58:31] 🔎 Iniciando contagem da pasta: 2.EROS (G:/My Drive/XABLAU/2.EROS)
[2025-12-26 16:58:31] 🔎 Iniciando contagem da pasta: 4.MAYA (G:/My Drive/XABLAU/4.MAYA)
[2025-12-26 16:58:31] 🔎 Iniciando contagem da pasta: 5.CUSH (G:/My Drive/XABLAU/5.CUSH)
[2025-12-26 16:58:31] 🔎 Iniciando contagem da pasta: 6.ELIS (G:/My Drive/XABLAU/6.ELIS)
[2025-12-26 16:58:31] ✅ Contagem concluída: 1.LEIANES -> 0 páginas
[2025-12-26 16:58:32] ✅ Contagem concluída: 4.MAYA -> 1198 páginas
[2025-12-26 16:58:33] ✅ Contagem concluída: 6.ELIS -> 1027 páginas
[2025-12-26 16:58:37] ✅ Contagem concluída: 2.EROS -> 7324 páginas
[2025-12-26 16:58:38] ✅ Contagem concluída: 3.BRUNO -> 7395 páginas
[2025-12-26 16:58:40] ✅ Contagem concluída: 5.CUSH -> 8988 páginas
[2025-12-26 16:58:40] 🔎 Iniciando contagem da pasta VICTORIA: 7.VICTORIA/1.RENOMEANDO (G:/My Drive/XABLAU/7.VICTORIA\1.RENOMEANDO)
[2025-12-26 16:58:40] 🔎 Iniciando contagem da pasta VICTORIA: 7.VICTORIA/2.RENOMEADOS (G:/My Drive/XABLAU/7.VICTORIA\2.RENOMEADOS)
[2025-12-26 16:58:42] ✅ Contagem VICTORIA concluída: 7.VICTORIA/2.RENOMEADOS -> 3247 páginas
[2025-12-26 16:58:52] ✅ Contagem VICTORIA concluída: 7.VICTORIA/1.RENOMEANDO -> 22685 páginas
[2025-12-26 17:11:19] Starting page count...
[2025-12-26 17:11:19] 📂 Pasta raiz configurada para contagem: G:/My Drive/XABLAU/
[2025-12-26 17:11:19] 📁 Pastas detectadas para contagem: 7
[2025-12-26 17:11:19] 🔎 Iniciando contagem da pasta: 3.BRUNO (G:/My Drive/XABLAU/3.BRUNO)
[2025-12-26 17:11:19] 🔎 Iniciando contagem da pasta: 1.LEIANES (G:/My Drive/XABLAU/1.LEIANES)
[2025-12-26 17:11:19] 🔎 Iniciando contagem da pasta: 2.EROS (G:/My Drive/XABLAU/2.EROS)
[2025-12-26 17:11:19] 🔎 Iniciando contagem da pasta: 4.MAYA (G:/My Drive/XABLAU/4.MAYA)
[2025-12-26 17:11:19] 🔎 Iniciando contagem da pasta: 5.CUSH (G:/My Drive/XABLAU/5.CUSH)
[2025-12-26 17:11:19] 🔎 Iniciando contagem da pasta: 6.ELIS (G:/My Drive/XABLAU/6.ELIS)
[2025-12-26 17:11:19] ✅ Contagem concluída: 1.LEIANES -> 0 páginas
[2025-12-26 17:11:20] ✅ Contagem concluída: 4.MAYA -> 1198 páginas
[2025-12-26 17:11:22] ✅ Contagem concluída: 6.ELIS -> 1027 páginas
[2025-12-26 17:11:26] ✅ Contagem concluída: 2.EROS -> 7324 páginas
[2025-12-26 17:11:27] ✅ Contagem concluída: 3.BRUNO -> 7395 páginas
[2025-12-26 17:11:28] ✅ Contagem concluída: 5.CUSH -> 8988 páginas
[2025-12-26 17:11:28] 🔎 Iniciando contagem da pasta VICTORIA: 7.VICTORIA/1.RENOMEANDO (G:/My Drive/XABLAU/7.VICTORIA\1.RENOMEANDO)
[2025-12-26 17:11:28] 🔎 Iniciando contagem da pasta VICTORIA: 7.VICTORIA/2.RENOMEADOS (G:/My Drive/XABLAU/7.VICTORIA\2.RENOMEADOS)
[2025-12-26 17:11:30] ✅ Contagem VICTORIA concluída: 7.VICTORIA/2.RENOMEADOS -> 3247 páginas
[2025-12-26 17:11:41] ✅ Contagem VICTORIA concluída: 7.VICTORIA/1.RENOMEANDO -> 22685 páginas
[2025-12-26 17:21:43] Starting page count...
[2025-12-26 17:21:43] 📂 Pasta raiz configurada para contagem: G:/My Drive/XABLAU/
[2025-12-26 17:21:43] 📁 Pastas detectadas para contagem: 7
[2025-12-26 17:21:43] 🔎 Iniciando contagem da pasta: 3.BRUNO (G:/My Drive/XABLAU/3.BRUNO)
[2025-12-26 17:21:43] 🔎 Iniciando contagem da pasta: 1.LEIANES (G:/My Drive/XABLAU/1.LEIANES)
[2025-12-26 17:21:43] 🔎 Iniciando contagem da pasta: 2.EROS (G:/My Drive/XABLAU/2.EROS)
[2025-12-26 17:21:43] 🔎 Iniciando contagem da pasta: 4.MAYA (G:/My Drive/XABLAU/4.MAYA)
[2025-12-26 17:21:43] 🔎 Iniciando contagem da pasta: 5.CUSH (G:/My Drive/XABLAU/5.CUSH)
[2025-12-26 17:21:43] 🔎 Iniciando contagem da pasta: 6.ELIS (G:/My Drive/XABLAU/6.ELIS)
[2025-12-26 17:21:43] ✅ Contagem concluída: 1.LEIANES -> 0 páginas
[2025-12-26 17:21:44] ✅ Contagem concluída: 4.MAYA -> 1198 páginas
[2025-12-26 17:21:45] ✅ Contagem concluída: 6.ELIS -> 1027 páginas
[2025-12-26 17:21:50] ✅ Contagem concluída: 2.EROS -> 7324 páginas
[2025-12-26 17:21:50] ✅ Contagem concluída: 3.BRUNO -> 7395 páginas
[2025-12-26 17:21:52] ✅ Contagem concluída: 5.CUSH -> 8988 páginas
[2025-12-26 17:21:52] 🔎 Iniciando contagem da pasta VICTORIA: 7.VICTORIA/1.RENOMEANDO (G:/My Drive/XABLAU/7.VICTORIA\1.RENOMEANDO)
[2025-12-26 17:21:52] 🔎 Iniciando contagem da pasta VICTORIA: 7.VICTORIA/2.RENOMEADOS (G:/My Drive/XABLAU/7.VICTORIA\2.RENOMEADOS)
[2025-12-26 17:21:54] ✅ Contagem VICTORIA concluída: 7.VICTORIA/2.RENOMEADOS -> 4105 páginas
[2025-12-26 17:22:04] ✅ Contagem VICTORIA concluída: 7.VICTORIA/1.RENOMEANDO -> 21827 páginas
[2025-12-26 17:22:04] ✅ Mensagem liberada para envio: Message differs and cooldown passed
[2025-12-26 17:22:04] 📨 Destino WhatsApp: tipo=group alvo=XABLAU UPDATES
[2025-12-26 17:22:04] Enviando resultados para WhatsApp...
[2025-12-26 17:22:04] ℹ️ Tamanho da mensagem: 463 caracteres
[2025-12-26 17:22:11] Message sent successfully to WhatsApp!
[2025-12-26 17:22:11] ℹ️ Saída do envio: WhatsApp connected!
Sending message to group: XABLAU UPDATES (id: 120363421676358028@g.us)
Message sent successfully! msgId: true_120363421676358028@g.us_3EB0683141A62FB9B9B8BD_174462209097938@lid chatId: 120363421676358028@g.us
Ack de entrega recebido (pelo menos chegou ao servidor).
[2025-12-26 18:38:43] Starting page count...
[2025-12-26 18:38:43] 📂 Pasta raiz configurada para contagem: G:/My Drive/XABLAU/
[2025-12-26 18:38:43] 📁 Pastas detectadas para contagem: 7
[2025-12-26 18:38:43] 🔎 Iniciando contagem da pasta: 3.BRUNO (G:/My Drive/XABLAU/3.BRUNO)
[2025-12-26 18:38:43] 🔎 Iniciando contagem da pasta: 1.LEIANES (G:/My Drive/XABLAU/1.LEIANES)
[2025-12-26 18:38:43] 🔎 Iniciando contagem da pasta: 2.EROS (G:/My Drive/XABLAU/2.EROS)
[2025-12-26 18:38:43] 🔎 Iniciando contagem da pasta: 4.MAYA (G:/My Drive/XABLAU/4.MAYA)
[2025-12-26 18:38:43] 🔎 Iniciando contagem da pasta: 5.CUSH (G:/My Drive/XABLAU/5.CUSH)
[2025-12-26 18:38:43] 🔎 Iniciando contagem da pasta: 6.ELIS (G:/My Drive/XABLAU/6.ELIS)
[2025-12-26 18:38:43] ✅ Contagem concluída: 1.LEIANES -> 0 páginas
[2025-12-26 18:38:45] ✅ Contagem concluída: 4.MAYA -> 1198 páginas
[2025-12-26 18:38:46] ✅ Contagem concluída: 6.ELIS -> 1027 páginas
[2025-12-26 18:38:51] ✅ Contagem concluída: 2.EROS -> 8052 páginas
[2025-12-26 18:38:51] ✅ Contagem concluída: 3.BRUNO -> 7395 páginas
[2025-12-26 18:38:53] ✅ Contagem concluída: 5.CUSH -> 8988 páginas
[2025-12-26 18:38:53] 🔎 Iniciando contagem da pasta VICTORIA: 7.VICTORIA/1.RENOMEANDO (G:/My Drive/XABLAU/7.VICTORIA\1.RENOMEANDO)
[2025-12-26 18:38:53] 🔎 Iniciando contagem da pasta VICTORIA: 7.VICTORIA/2.RENOMEADOS (G:/My Drive/XABLAU/7.VICTORIA\2.RENOMEADOS)
[2025-12-26 18:38:55] ✅ Contagem VICTORIA concluída: 7.VICTORIA/2.RENOMEADOS -> 4105 páginas
[2025-12-26 18:39:05] ✅ Contagem VICTORIA concluída: 7.VICTORIA/1.RENOMEANDO -> 21827 páginas
[2025-12-26 18:39:05] ✅ Mensagem liberada para envio: Message differs and cooldown passed
[2025-12-26 18:39:05] 📨 Destino WhatsApp: tipo=group alvo=XABLAU UPDATES
[2025-12-26 18:39:05] Enviando resultados para WhatsApp...
[2025-12-26 18:39:05] ℹ️ Tamanho da mensagem: 477 caracteres
[2025-12-26 18:39:12] Message sent successfully to WhatsApp!
[2025-12-26 18:39:12] ℹ️ Saída do envio: WhatsApp connected!
Sending message to group: XABLAU UPDATES (id: 120363421676358028@g.us)
Message sent successfully! msgId: true_120363421676358028@g.us_3EB09FD28DC59817A64398_174462209097938@lid chatId: 120363421676358028@g.us
Ack de entrega recebido (pelo menos chegou ao servidor).
[2025-12-26 20:31:50] Starting page count...
[2025-12-26 20:31:50] 📂 Pasta raiz configurada para contagem: G:/My Drive/XABLAU/
[2025-12-26 20:31:50] 📁 Pastas detectadas para contagem: 7
[2025-12-26 20:31:50] 🔎 Iniciando contagem da pasta: 3.BRUNO (G:/My Drive/XABLAU/3.BRUNO)
[2025-12-26 20:31:50] 🔎 Iniciando contagem da pasta: 1.LEIANES (G:/My Drive/XABLAU/1.LEIANES)
[2025-12-26 20:31:50] 🔎 Iniciando contagem da pasta: 2.EROS (G:/My Drive/XABLAU/2.EROS)
[2025-12-26 20:31:50] 🔎 Iniciando contagem da pasta: 4.MAYA (G:/My Drive/XABLAU/4.MAYA)
[2025-12-26 20:31:50] 🔎 Iniciando contagem da pasta: 5.CUSH (G:/My Drive/XABLAU/5.CUSH)
[2025-12-26 20:31:50] 🔎 Iniciando contagem da pasta: 6.ELIS (G:/My Drive/XABLAU/6.ELIS)
[2025-12-26 20:31:51] ✅ Contagem concluída: 4.MAYA -> 1198 páginas
[2025-12-26 20:31:52] ✅ Contagem concluída: 1.LEIANES -> 717 páginas
[2025-12-26 20:31:53] ✅ Contagem concluída: 6.ELIS -> 1027 páginas
[2025-12-26 20:31:58] ✅ Contagem concluída: 2.EROS -> 8052 páginas
[2025-12-26 20:31:58] ✅ Contagem concluída: 3.BRUNO -> 7395 páginas
[2025-12-26 20:32:00] ✅ Contagem concluída: 5.CUSH -> 8988 páginas
[2025-12-26 20:32:00] 🔎 Iniciando contagem da pasta VICTORIA: 7.VICTORIA/1.RENOMEANDO (G:/My Drive/XABLAU/7.VICTORIA\1.RENOMEANDO)
[2025-12-26 20:32:00] 🔎 Iniciando contagem da pasta VICTORIA: 7.VICTORIA/2.RENOMEADOS (G:/My Drive/XABLAU/7.VICTORIA\2.RENOMEADOS)
[2025-12-26 20:32:03] ✅ Contagem VICTORIA concluída: 7.VICTORIA/2.RENOMEADOS -> 4105 páginas
[2025-12-26 20:32:12] ✅ Contagem VICTORIA concluída: 7.VICTORIA/1.RENOMEANDO -> 21827 páginas
[2025-12-26 20:32:12] ✅ Mensagem liberada para envio: Message differs and cooldown passed
[2025-12-26 20:32:12] 📨 Destino WhatsApp: tipo=group alvo=XABLAU UPDATES
[2025-12-26 20:32:12] Enviando resultados para WhatsApp...
[2025-12-26 20:32:12] ℹ️ Tamanho da mensagem: 482 caracteres
[2025-12-26 20:32:20] Message sent successfully to WhatsApp!
[2025-12-26 20:32:20] ℹ️ Saída do envio: WhatsApp connected!
Sending message to group: XABLAU UPDATES (id: 120363421676358028@g.us)
Message sent successfully! msgId: true_120363421676358028@g.us_3EB03FEEFA40C140C8EAB7_174462209097938@lid chatId: 120363421676358028@g.us
Ack de entrega recebido (pelo menos chegou ao servidor).
[2025-12-26 21:34:18] Starting page count...
[2025-12-26 21:34:18] 📂 Pasta raiz configurada para contagem: G:/My Drive/XABLAU/
[2025-12-26 21:34:18] 📁 Pastas detectadas para contagem: 7
[2025-12-26 21:34:18] 🔎 Iniciando contagem da pasta: 3.BRUNO (G:/My Drive/XABLAU/3.BRUNO)
[2025-12-26 21:34:18] 🔎 Iniciando contagem da pasta: 1.LEIANES (G:/My Drive/XABLAU/1.LEIANES)
[2025-12-26 21:34:18] 🔎 Iniciando contagem da pasta: 2.EROS (G:/My Drive/XABLAU/2.EROS)
[2025-12-26 21:34:18] 🔎 Iniciando contagem da pasta: 4.MAYA (G:/My Drive/XABLAU/4.MAYA)
[2025-12-26 21:34:18] 🔎 Iniciando contagem da pasta: 5.CUSH (G:/My Drive/XABLAU/5.CUSH)
[2025-12-26 21:34:18] 🔎 Iniciando contagem da pasta: 6.ELIS (G:/My Drive/XABLAU/6.ELIS)
[2025-12-26 21:34:19] ✅ Contagem concluída: 4.MAYA -> 1198 páginas
[2025-12-26 21:34:19] ✅ Contagem concluída: 1.LEIANES -> 735 páginas
[2025-12-26 21:34:20] ✅ Contagem concluída: 6.ELIS -> 1027 páginas
[2025-12-26 21:34:25] ✅ Contagem concluída: 2.EROS -> 8052 páginas
[2025-12-26 21:34:26] ✅ Contagem concluída: 3.BRUNO -> 7395 páginas
[2025-12-26 21:34:27] ✅ Contagem concluída: 5.CUSH -> 8988 páginas
[2025-12-26 21:34:27] 🔎 Iniciando contagem da pasta VICTORIA: 7.VICTORIA/1.RENOMEANDO (G:/My Drive/XABLAU/7.VICTORIA\1.RENOMEANDO)
[2025-12-26 21:34:27] 🔎 Iniciando contagem da pasta VICTORIA: 7.VICTORIA/2.RENOMEADOS (G:/My Drive/XABLAU/7.VICTORIA\2.RENOMEADOS)
[2025-12-26 21:34:30] ✅ Contagem VICTORIA concluída: 7.VICTORIA/2.RENOMEADOS -> 4105 páginas
[2025-12-26 21:34:40] ✅ Contagem VICTORIA concluída: 7.VICTORIA/1.RENOMEANDO -> 21827 páginas
[2025-12-26 21:34:40] ✅ Mensagem liberada para envio: Message differs and cooldown passed
[2025-12-26 21:34:40] 📨 Destino WhatsApp: tipo=group alvo=XABLAU UPDATES
[2025-12-26 21:34:40] Enviando resultados para WhatsApp...
[2025-12-26 21:34:40] ℹ️ Tamanho da mensagem: 480 caracteres
[2025-12-26 21:34:46] Message sent successfully to WhatsApp!
[2025-12-26 21:34:46] ℹ️ Saída do envio: WhatsApp connected!
Sending message to group: XABLAU UPDATES (id: 120363421676358028@g.us)
Message sent successfully! msgId: true_120363421676358028@g.us_3EB0A0F0D63EC6F5C34932_174462209097938@lid chatId: 120363421676358028@g.us
Ack de entrega recebido (pelo menos chegou ao servidor).
[2025-12-27 17:35:55] Starting page count...
[2025-12-27 17:35:55] 📂 Pasta raiz configurada para contagem: G:/My Drive/XABLAU/
[2025-12-27 17:35:55] 📁 Pastas detectadas para contagem: 7
[2025-12-27 17:35:55] 🔎 Iniciando contagem da pasta: 3.BRUNO (G:/My Drive/XABLAU/3.BRUNO)
[2025-12-27 17:35:55] 🔎 Iniciando contagem da pasta: 1.LEIANES (G:/My Drive/XABLAU/1.LEIANES)
[2025-12-27 17:35:55] 🔎 Iniciando contagem da pasta: 2.EROS (G:/My Drive/XABLAU/2.EROS)
[2025-12-27 17:35:55] 🔎 Iniciando contagem da pasta: 4.MAYA (G:/My Drive/XABLAU/4.MAYA)
[2025-12-27 17:35:55] 🔎 Iniciando contagem da pasta: 5.CUSH (G:/My Drive/XABLAU/5.CUSH)
[2025-12-27 17:35:55] 🔎 Iniciando contagem da pasta: 6.ELIS (G:/My Drive/XABLAU/6.ELIS)
[2025-12-27 17:36:01] ✅ Contagem concluída: 1.LEIANES -> 735 páginas
[2025-12-27 17:36:02] ✅ Contagem concluída: 4.MAYA -> 1198 páginas
[2025-12-27 17:36:09] ✅ Contagem concluída: 6.ELIS -> 1027 páginas
[2025-12-27 17:36:34] ✅ Contagem concluída: 2.EROS -> 8052 páginas
[2025-12-27 17:36:37] ✅ Contagem concluída: 3.BRUNO -> 7395 páginas
[2025-12-27 17:36:44] ✅ Contagem concluída: 5.CUSH -> 8988 páginas
[2025-12-27 17:36:44] 🔎 Iniciando contagem da pasta VICTORIA: 7.VICTORIA/1.RENOMEANDO (G:/My Drive/XABLAU/7.VICTORIA\1.RENOMEANDO)
[2025-12-27 17:36:44] 🔎 Iniciando contagem da pasta VICTORIA: 7.VICTORIA/2.RENOMEADOS (G:/My Drive/XABLAU/7.VICTORIA\2.RENOMEADOS)
[2025-12-27 17:36:56] ✅ Contagem VICTORIA concluída: 7.VICTORIA/2.RENOMEADOS -> 4105 páginas
[2025-12-27 17:37:32] ✅ Contagem VICTORIA concluída: 7.VICTORIA/1.RENOMEANDO -> 21827 páginas
[2025-12-27 17:56:23] Starting page count...
[2025-12-27 17:56:23] 📂 Pasta raiz configurada para contagem: G:/My Drive/XABLAU/
[2025-12-27 17:56:23] 📁 Pastas detectadas para contagem: 7
[2025-12-27 17:56:23] 🔎 Iniciando contagem da pasta: 3.BRUNO (G:/My Drive/XABLAU/3.BRUNO)
[2025-12-27 17:56:23] 🔎 Iniciando contagem da pasta: 1.LEIANES (G:/My Drive/XABLAU/1.LEIANES)
[2025-12-27 17:56:23] 🔎 Iniciando contagem da pasta: 2.EROS (G:/My Drive/XABLAU/2.EROS)
[2025-12-27 17:56:23] 🔎 Iniciando contagem da pasta: 4.MAYA (G:/My Drive/XABLAU/4.MAYA)
[2025-12-27 17:56:23] 🔎 Iniciando contagem da pasta: 5.CUSH (G:/My Drive/XABLAU/5.CUSH)
[2025-12-27 17:56:23] 🔎 Iniciando contagem da pasta: 6.ELIS (G:/My Drive/XABLAU/6.ELIS)
[2025-12-27 17:56:28] ✅ Contagem concluída: 1.LEIANES -> 735 páginas
[2025-12-27 17:56:29] ✅ Contagem concluída: 4.MAYA -> 1198 páginas
[2025-12-27 17:56:35] ✅ Contagem concluída: 6.ELIS -> 1027 páginas
[2025-12-27 17:56:58] ✅ Contagem concluída: 2.EROS -> 8052 páginas
[2025-12-27 17:57:01] ✅ Contagem concluída: 3.BRUNO -> 7395 páginas
[2025-12-27 17:57:08] ✅ Contagem concluída: 5.CUSH -> 10141 páginas
[2025-12-27 17:57:08] 🔎 Iniciando contagem da pasta VICTORIA: 7.VICTORIA/1.RENOMEANDO (G:/My Drive/XABLAU/7.VICTORIA\1.RENOMEANDO)
[2025-12-27 17:57:08] 🔎 Iniciando contagem da pasta VICTORIA: 7.VICTORIA/2.RENOMEADOS (G:/My Drive/XABLAU/7.VICTORIA\2.RENOMEADOS)
[2025-12-27 17:57:30] ✅ Contagem VICTORIA concluída: 7.VICTORIA/2.RENOMEADOS -> 8522 páginas
[2025-12-27 17:57:52] ✅ Contagem VICTORIA concluída: 7.VICTORIA/1.RENOMEANDO -> 17410 páginas
[2025-12-27 17:57:52] ✅ Mensagem liberada para envio: Message differs and cooldown passed
[2025-12-27 17:57:52] 📨 Destino WhatsApp: tipo=group alvo=XABLAU UPDATES
[2025-12-27 17:57:52] Enviando resultados para WhatsApp...
[2025-12-27 17:57:52] ℹ️ Tamanho da mensagem: 498 caracteres
[2025-12-27 17:58:05] Message sent successfully to WhatsApp!
[2025-12-27 17:58:05] ℹ️ Saída do envio: WhatsApp connected!
Sending message to group: XABLAU UPDATES (id: 120363421676358028@g.us)
Message sent successfully! msgId: true_120363421676358028@g.us_3EB085ED4E2663CD106C56_174462209097938@lid chatId: 120363421676358028@g.us
Ack de entrega recebido (pelo menos chegou ao servidor).
[2025-12-29 14:34:39] Starting page count...
[2025-12-29 14:34:39] 📂 Pasta raiz configurada para contagem: G:/My Drive/XABLAU/
[2025-12-29 14:34:39] 📁 Pastas detectadas para contagem: 7
[2025-12-29 14:34:39] 🔎 Iniciando contagem da pasta: 3.BRUNO (G:/My Drive/XABLAU/3.BRUNO)
[2025-12-29 14:34:39] 🔎 Iniciando contagem da pasta: 1.LEIANES (G:/My Drive/XABLAU/1.LEIANES)
[2025-12-29 14:34:39] 🔎 Iniciando contagem da pasta: 2.EROS (G:/My Drive/XABLAU/2.EROS)
[2025-12-29 14:34:39] 🔎 Iniciando contagem da pasta: 4.MAYA (G:/My Drive/XABLAU/4.MAYA)
[2025-12-29 14:34:39] 🔎 Iniciando contagem da pasta: 5.CUSH (G:/My Drive/XABLAU/5.CUSH)
[2025-12-29 14:34:39] 🔎 Iniciando contagem da pasta: 6.ELIS (G:/My Drive/XABLAU/6.ELIS)
[2025-12-29 14:34:44] ✅ Contagem concluída: 1.LEIANES -> 735 páginas
[2025-12-29 14:34:44] ✅ Contagem concluída: 4.MAYA -> 1198 páginas
[2025-12-29 14:34:50] ✅ Contagem concluída: 6.ELIS -> 1027 páginas
[2025-12-29 14:35:13] ✅ Contagem concluída: 2.EROS -> 8052 páginas
[2025-12-29 14:35:15] ✅ Contagem concluída: 3.BRUNO -> 7395 páginas
[2025-12-29 14:35:23] ✅ Contagem concluída: 5.CUSH -> 10141 páginas
[2025-12-29 14:35:23] 🔎 Iniciando contagem da pasta VICTORIA: 7.VICTORIA/1.RENOMEANDO (G:/My Drive/XABLAU/7.VICTORIA\1.RENOMEANDO)
[2025-12-29 14:35:23] 🔎 Iniciando contagem da pasta VICTORIA: 7.VICTORIA/2.RENOMEADOS (G:/My Drive/XABLAU/7.VICTORIA\2.RENOMEADOS)
[2025-12-29 14:35:48] ✅ Contagem VICTORIA concluída: 7.VICTORIA/2.RENOMEADOS -> 8522 páginas
[2025-12-29 14:36:12] ✅ Contagem VICTORIA concluída: 7.VICTORIA/1.RENOMEANDO -> 17410 páginas
[2025-12-29 15:46:06] Starting page count...
[2025-12-29 15:46:06] 📂 Pasta raiz configurada para contagem: G:/My Drive/XABLAU/
[2025-12-29 15:46:06] 📁 Pastas detectadas para contagem: 7
[2025-12-29 15:46:06] 🔎 Iniciando contagem da pasta: 3.BRUNO (G:/My Drive/XABLAU/3.BRUNO)
[2025-12-29 15:46:06] 🔎 Iniciando contagem da pasta: 1.LEIANES (G:/My Drive/XABLAU/1.LEIANES)
[2025-12-29 15:46:06] 🔎 Iniciando contagem da pasta: 2.EROS (G:/My Drive/XABLAU/2.EROS)
[2025-12-29 15:46:06] 🔎 Iniciando contagem da pasta: 4.MAYA (G:/My Drive/XABLAU/4.MAYA)
[2025-12-29 15:46:06] 🔎 Iniciando contagem da pasta: 5.CUSH (G:/My Drive/XABLAU/5.CUSH)
[2025-12-29 15:46:06] 🔎 Iniciando contagem da pasta: 6.ELIS (G:/My Drive/XABLAU/6.ELIS)
[2025-12-29 15:46:07] ✅ Contagem concluída: 4.MAYA -> 1198 páginas
[2025-12-29 15:46:07] ✅ Contagem concluída: 1.LEIANES -> 735 páginas
[2025-12-29 15:46:08] ✅ Contagem concluída: 6.ELIS -> 1027 páginas
[2025-12-29 15:46:14] ✅ Contagem concluída: 2.EROS -> 8052 páginas
[2025-12-29 15:46:14] ✅ Contagem concluída: 3.BRUNO -> 7395 páginas
[2025-12-29 15:46:17] ✅ Contagem concluída: 5.CUSH -> 10141 páginas
[2025-12-29 15:46:17] 🔎 Iniciando contagem da pasta VICTORIA: 7.VICTORIA/1.RENOMEANDO (G:/My Drive/XABLAU/7.VICTORIA\1.RENOMEANDO)
[2025-12-29 15:46:17] 🔎 Iniciando contagem da pasta VICTORIA: 7.VICTORIA/2.RENOMEADOS (G:/My Drive/XABLAU/7.VICTORIA\2.RENOMEADOS)
[2025-12-29 15:46:22] ✅ Contagem VICTORIA concluída: 7.VICTORIA/2.RENOMEADOS -> 8531 páginas
[2025-12-29 15:46:28] ✅ Contagem VICTORIA concluída: 7.VICTORIA/1.RENOMEANDO -> 17401 páginas
[2025-12-29 15:46:28] ✅ Mensagem liberada para envio: Message differs and cooldown passed
[2025-12-29 15:46:28] 📨 Destino WhatsApp: tipo=group alvo=XABLAU UPDATES
[2025-12-29 15:46:28] Enviando resultados para WhatsApp...
[2025-12-29 15:46:28] ℹ️ Tamanho da mensagem: 462 caracteres
[2025-12-29 15:46:43] Message sent successfully to WhatsApp!
[2025-12-29 15:46:43] ℹ️ Saída do envio: WhatsApp connected!
Sending message to group: XABLAU UPDATES (id: 120363421676358028@g.us)
Message sent successfully! msgId: true_120363421676358028@g.us_3EB0A019F724F70112CD88_174462209097938@lid chatId: 120363421676358028@g.us
Ack de entrega recebido (pelo menos chegou ao servidor).
[2025-12-29 16:03:07] Starting page count...
[2025-12-29 16:03:07] 📂 Pasta raiz configurada para contagem: G:/My Drive/XABLAU/
[2025-12-29 16:03:07] 📁 Pastas detectadas para contagem: 7
[2025-12-29 16:03:07] 🔎 Iniciando contagem da pasta: 3.BRUNO (G:/My Drive/XABLAU/3.BRUNO)
[2025-12-29 16:03:07] 🔎 Iniciando contagem da pasta: 1.LEIANES (G:/My Drive/XABLAU/1.LEIANES)
[2025-12-29 16:03:07] 🔎 Iniciando contagem da pasta: 2.EROS (G:/My Drive/XABLAU/2.EROS)
[2025-12-29 16:03:07] 🔎 Iniciando contagem da pasta: 4.MAYA (G:/My Drive/XABLAU/4.MAYA)
[2025-12-29 16:03:07] 🔎 Iniciando contagem da pasta: 5.CUSH (G:/My Drive/XABLAU/5.CUSH)
[2025-12-29 16:03:07] 🔎 Iniciando contagem da pasta: 6.ELIS (G:/My Drive/XABLAU/6.ELIS)
[2025-12-29 16:03:09] ✅ Contagem concluída: 4.MAYA -> 1198 páginas
[2025-12-29 16:03:09] ✅ Contagem concluída: 1.LEIANES -> 735 páginas
[2025-12-29 16:03:10] ✅ Contagem concluída: 6.ELIS -> 1027 páginas
[2025-12-29 16:03:16] ✅ Contagem concluída: 2.EROS -> 8052 páginas
[2025-12-29 16:03:16] ✅ Contagem concluída: 3.BRUNO -> 7395 páginas
[2025-12-29 16:03:19] ✅ Contagem concluída: 5.CUSH -> 10141 páginas
[2025-12-29 16:03:19] 🔎 Iniciando contagem da pasta VICTORIA: 7.VICTORIA/1.RENOMEANDO (G:/My Drive/XABLAU/7.VICTORIA\1.RENOMEANDO)
[2025-12-29 16:03:19] 🔎 Iniciando contagem da pasta VICTORIA: 7.VICTORIA/2.RENOMEADOS (G:/My Drive/XABLAU/7.VICTORIA\2.RENOMEADOS)
[2025-12-29 16:03:25] ✅ Contagem VICTORIA concluída: 7.VICTORIA/2.RENOMEADOS -> 8531 páginas
[2025-12-29 16:03:31] ✅ Contagem VICTORIA concluída: 7.VICTORIA/1.RENOMEANDO -> 17401 páginas
[2025-12-29 16:23:54] Starting page count...
[2025-12-29 16:23:54] 📂 Pasta raiz configurada para contagem: G:/My Drive/XABLAU/
[2025-12-29 16:23:54] 📁 Pastas detectadas para contagem: 7
[2025-12-29 16:23:54] 🔎 Iniciando contagem da pasta: 3.BRUNO (G:/My Drive/XABLAU/3.BRUNO)
[2025-12-29 16:23:54] 🔎 Iniciando contagem da pasta: 1.LEIANES (G:/My Drive/XABLAU/1.LEIANES)
[2025-12-29 16:23:54] 🔎 Iniciando contagem da pasta: 2.EROS (G:/My Drive/XABLAU/2.EROS)
[2025-12-29 16:23:54] 🔎 Iniciando contagem da pasta: 4.MAYA (G:/My Drive/XABLAU/4.MAYA)
[2025-12-29 16:23:54] 🔎 Iniciando contagem da pasta: 5.CUSH (G:/My Drive/XABLAU/5.CUSH)
[2025-12-29 16:23:54] 🔎 Iniciando contagem da pasta: 6.ELIS (G:/My Drive/XABLAU/6.ELIS)
[2025-12-29 16:23:55] ✅ Contagem concluída: 4.MAYA -> 1198 páginas
[2025-12-29 16:23:56] ✅ Contagem concluída: 1.LEIANES -> 735 páginas
[2025-12-29 16:23:57] ✅ Contagem concluída: 6.ELIS -> 1027 páginas
[2025-12-29 16:24:02] ✅ Contagem concluída: 2.EROS -> 8052 páginas
[2025-12-29 16:24:02] ✅ Contagem concluída: 3.BRUNO -> 7395 páginas
[2025-12-29 16:24:05] ✅ Contagem concluída: 5.CUSH -> 10141 páginas
[2025-12-29 16:24:05] 🔎 Iniciando contagem da pasta VICTORIA: 7.VICTORIA/1.RENOMEANDO (G:/My Drive/XABLAU/7.VICTORIA\1.RENOMEANDO)
[2025-12-29 16:24:05] 🔎 Iniciando contagem da pasta VICTORIA: 7.VICTORIA/2.RENOMEADOS (G:/My Drive/XABLAU/7.VICTORIA\2.RENOMEADOS)
[2025-12-29 16:24:12] ✅ Contagem VICTORIA concluída: 7.VICTORIA/2.RENOMEADOS -> 10123 páginas
[2025-12-29 16:24:16] ✅ Contagem VICTORIA concluída: 7.VICTORIA/1.RENOMEANDO -> 15809 páginas
[2025-12-29 16:24:16] ✅ Mensagem liberada para envio: Message differs and cooldown passed
[2025-12-29 16:24:16] 📨 Destino WhatsApp: tipo=group alvo=XABLAU UPDATES
[2025-12-29 16:24:16] Enviando resultados para WhatsApp...
[2025-12-29 16:24:16] ℹ️ Tamanho da mensagem: 469 caracteres
[2025-12-29 16:24:23] Message sent successfully to WhatsApp!
[2025-12-29 16:24:23] ℹ️ Saída do envio: WhatsApp connected!
Sending message to group: XABLAU UPDATES (id: 120363421676358028@g.us)
Message sent successfully! msgId: true_120363421676358028@g.us_3EB070E6CA3F7DB93382FA_174462209097938@lid chatId: 120363421676358028@g.us
Ack de entrega recebido (pelo menos chegou ao servidor).
[2025-12-29 16:46:34] Starting page count...
[2025-12-29 16:46:34] 📂 Pasta raiz configurada para contagem: G:/My Drive/XABLAU/
[2025-12-29 16:46:34] 📁 Pastas detectadas para contagem: 7
[2025-12-29 16:46:34] 🔎 Iniciando contagem da pasta: 3.BRUNO (G:/My Drive/XABLAU/3.BRUNO)
[2025-12-29 16:46:34] 🔎 Iniciando contagem da pasta: 1.LEIANES (G:/My Drive/XABLAU/1.LEIANES)
[2025-12-29 16:46:34] 🔎 Iniciando contagem da pasta: 2.EROS (G:/My Drive/XABLAU/2.EROS)
[2025-12-29 16:46:34] 🔎 Iniciando contagem da pasta: 4.MAYA (G:/My Drive/XABLAU/4.MAYA)
[2025-12-29 16:46:34] 🔎 Iniciando contagem da pasta: 5.CUSH (G:/My Drive/XABLAU/5.CUSH)
[2025-12-29 16:46:34] 🔎 Iniciando contagem da pasta: 6.ELIS (G:/My Drive/XABLAU/6.ELIS)
[2025-12-29 16:46:35] ✅ Contagem concluída: 4.MAYA -> 1198 páginas
[2025-12-29 16:46:35] ✅ Contagem concluída: 1.LEIANES -> 735 páginas
[2025-12-29 16:46:36] ✅ Contagem concluída: 6.ELIS -> 1027 páginas
[2025-12-29 16:46:42] ✅ Contagem concluída: 2.EROS -> 8052 páginas
[2025-12-29 16:46:42] ✅ Contagem concluída: 3.BRUNO -> 7395 páginas
[2025-12-29 16:46:45] ✅ Contagem concluída: 5.CUSH -> 10141 páginas
[2025-12-29 16:46:45] 🔎 Iniciando contagem da pasta VICTORIA: 7.VICTORIA/1.RENOMEANDO (G:/My Drive/XABLAU/7.VICTORIA\1.RENOMEANDO)
[2025-12-29 16:46:45] 🔎 Iniciando contagem da pasta VICTORIA: 7.VICTORIA/2.RENOMEADOS (G:/My Drive/XABLAU/7.VICTORIA\2.RENOMEADOS)
[2025-12-29 16:46:52] ✅ Contagem VICTORIA concluída: 7.VICTORIA/2.RENOMEADOS -> 10787 páginas
[2025-12-29 16:46:56] ✅ Contagem VICTORIA concluída: 7.VICTORIA/1.RENOMEANDO -> 15145 páginas
[2025-12-29 16:46:56] ✅ Mensagem liberada para envio: Message differs and cooldown passed
[2025-12-29 16:46:56] 📨 Destino WhatsApp: tipo=group alvo=XABLAU UPDATES
[2025-12-29 16:46:56] Enviando resultados para WhatsApp...
[2025-12-29 16:46:56] ℹ️ Tamanho da mensagem: 467 caracteres
[2025-12-29 16:47:03] Message sent successfully to WhatsApp!
[2025-12-29 16:47:03] ℹ️ Saída do envio: WhatsApp connected!
Sending message to group: XABLAU UPDATES (id: 120363421676358028@g.us)
Message sent successfully! msgId: true_120363421676358028@g.us_3EB0A29771A75D2B1822B7_174462209097938@lid chatId: 120363421676358028@g.us
Ack de entrega recebido (pelo menos chegou ao servidor).
[2025-12-29 17:00:54] Starting page count...
[2025-12-29 17:00:54] 📂 Pasta raiz configurada para contagem: G:/My Drive/XABLAU/
[2025-12-29 17:00:54] 📁 Pastas detectadas para contagem: 7
[2025-12-29 17:00:54] 🔎 Iniciando contagem da pasta: 3.BRUNO (G:/My Drive/XABLAU/3.BRUNO)
[2025-12-29 17:00:54] 🔎 Iniciando contagem da pasta: 1.LEIANES (G:/My Drive/XABLAU/1.LEIANES)
[2025-12-29 17:00:54] 🔎 Iniciando contagem da pasta: 2.EROS (G:/My Drive/XABLAU/2.EROS)
[2025-12-29 17:00:54] 🔎 Iniciando contagem da pasta: 4.MAYA (G:/My Drive/XABLAU/4.MAYA)
[2025-12-29 17:00:54] 🔎 Iniciando contagem da pasta: 5.CUSH (G:/My Drive/XABLAU/5.CUSH)
[2025-12-29 17:00:54] 🔎 Iniciando contagem da pasta: 6.ELIS (G:/My Drive/XABLAU/6.ELIS)
[2025-12-29 17:00:55] ✅ Contagem concluída: 4.MAYA -> 1198 páginas
[2025-12-29 17:00:55] ✅ Contagem concluída: 1.LEIANES -> 735 páginas
[2025-12-29 17:00:57] ✅ Contagem concluída: 6.ELIS -> 1027 páginas
[2025-12-29 17:01:02] ✅ Contagem concluída: 3.BRUNO -> 7395 páginas
[2025-12-29 17:01:03] ✅ Contagem concluída: 2.EROS -> 8934 páginas
[2025-12-29 17:01:05] ✅ Contagem concluída: 5.CUSH -> 10141 páginas
[2025-12-29 17:01:05] 🔎 Iniciando contagem da pasta VICTORIA: 7.VICTORIA/1.RENOMEANDO (G:/My Drive/XABLAU/7.VICTORIA\1.RENOMEANDO)
[2025-12-29 17:01:05] 🔎 Iniciando contagem da pasta VICTORIA: 7.VICTORIA/2.RENOMEADOS (G:/My Drive/XABLAU/7.VICTORIA\2.RENOMEADOS)
[2025-12-29 17:01:14] ✅ Contagem VICTORIA concluída: 7.VICTORIA/2.RENOMEADOS -> 11840 páginas
[2025-12-29 17:01:16] ✅ Contagem VICTORIA concluída: 7.VICTORIA/1.RENOMEANDO -> 14092 páginas
[2025-12-29 17:01:16] ✅ Mensagem liberada para envio: Message differs and cooldown passed
[2025-12-29 17:01:16] 📨 Destino WhatsApp: tipo=group alvo=XABLAU UPDATES
[2025-12-29 17:01:16] Enviando resultados para WhatsApp...
[2025-12-29 17:01:16] ℹ️ Tamanho da mensagem: 497 caracteres
[2025-12-29 17:01:24] Message sent successfully to WhatsApp!
[2025-12-29 17:01:24] ℹ️ Saída do envio: WhatsApp connected!
Sending message to group: XABLAU UPDATES (id: 120363421676358028@g.us)
Message sent successfully! msgId: true_120363421676358028@g.us_3EB0D05F097742E7226C93_174462209097938@lid chatId: 120363421676358028@g.us
Ack de entrega recebido (pelo menos chegou ao servidor).
[2025-12-29 17:03:55] Starting page count...
[2025-12-29 17:03:55] 📂 Pasta raiz configurada para contagem: G:/My Drive/XABLAU/
[2025-12-29 17:03:55] 📁 Pastas detectadas para contagem: 7
[2025-12-29 17:03:55] 🔎 Iniciando contagem da pasta: 3.BRUNO (G:/My Drive/XABLAU/3.BRUNO)
[2025-12-29 17:03:55] 🔎 Iniciando contagem da pasta: 1.LEIANES (G:/My Drive/XABLAU/1.LEIANES)
[2025-12-29 17:03:55] 🔎 Iniciando contagem da pasta: 2.EROS (G:/My Drive/XABLAU/2.EROS)
[2025-12-29 17:03:55] 🔎 Iniciando contagem da pasta: 4.MAYA (G:/My Drive/XABLAU/4.MAYA)
[2025-12-29 17:03:55] 🔎 Iniciando contagem da pasta: 5.CUSH (G:/My Drive/XABLAU/5.CUSH)
[2025-12-29 17:03:55] 🔎 Iniciando contagem da pasta: 6.ELIS (G:/My Drive/XABLAU/6.ELIS)
[2025-12-29 17:03:56] ✅ Contagem concluída: 4.MAYA -> 1198 páginas
[2025-12-29 17:03:56] ✅ Contagem concluída: 1.LEIANES -> 735 páginas
[2025-12-29 17:03:57] ✅ Contagem concluída: 6.ELIS -> 1027 páginas
[2025-12-29 17:04:03] ✅ Contagem concluída: 3.BRUNO -> 7395 páginas
[2025-12-29 17:04:03] ✅ Contagem concluída: 2.EROS -> 8934 páginas
[2025-12-29 17:04:06] ✅ Contagem concluída: 5.CUSH -> 10141 páginas
[2025-12-29 17:04:06] 🔎 Iniciando contagem da pasta VICTORIA: 7.VICTORIA/1.RENOMEANDO (G:/My Drive/XABLAU/7.VICTORIA\1.RENOMEANDO)
[2025-12-29 17:04:06] 🔎 Iniciando contagem da pasta VICTORIA: 7.VICTORIA/2.RENOMEADOS (G:/My Drive/XABLAU/7.VICTORIA\2.RENOMEADOS)
[2025-12-29 17:04:14] ✅ Contagem VICTORIA concluída: 7.VICTORIA/2.RENOMEADOS -> 11840 páginas
[2025-12-29 17:04:17] ✅ Contagem VICTORIA concluída: 7.VICTORIA/1.RENOMEANDO -> 14092 páginas
[2025-12-29 17:14:53] Starting page count...
[2025-12-29 17:14:53] 📂 Pasta raiz configurada para contagem: G:/My Drive/XABLAU/
[2025-12-29 17:14:53] 📁 Pastas detectadas para contagem: 7
[2025-12-29 17:14:53] 🔎 Iniciando contagem da pasta: 3.BRUNO (G:/My Drive/XABLAU/3.BRUNO)
[2025-12-29 17:14:53] 🔎 Iniciando contagem da pasta: 1.LEIANES (G:/My Drive/XABLAU/1.LEIANES)
[2025-12-29 17:14:53] 🔎 Iniciando contagem da pasta: 2.EROS (G:/My Drive/XABLAU/2.EROS)
[2025-12-29 17:14:53] 🔎 Iniciando contagem da pasta: 4.MAYA (G:/My Drive/XABLAU/4.MAYA)
[2025-12-29 17:14:53] 🔎 Iniciando contagem da pasta: 5.CUSH (G:/My Drive/XABLAU/5.CUSH)
[2025-12-29 17:14:53] 🔎 Iniciando contagem da pasta: 6.ELIS (G:/My Drive/XABLAU/6.ELIS)
[2025-12-29 17:14:54] ✅ Contagem concluída: 4.MAYA -> 1198 páginas
[2025-12-29 17:14:54] ✅ Contagem concluída: 1.LEIANES -> 735 páginas
[2025-12-29 17:14:55] ✅ Contagem concluída: 6.ELIS -> 1027 páginas
[2025-12-29 17:15:01] ✅ Contagem concluída: 3.BRUNO -> 7395 páginas
[2025-12-29 17:15:01] ✅ Contagem concluída: 2.EROS -> 8934 páginas
[2025-12-29 17:15:04] ✅ Contagem concluída: 5.CUSH -> 10141 páginas
[2025-12-29 17:15:04] 🔎 Iniciando contagem da pasta VICTORIA: 7.VICTORIA/1.RENOMEANDO (G:/My Drive/XABLAU/7.VICTORIA\1.RENOMEANDO)
[2025-12-29 17:15:04] 🔎 Iniciando contagem da pasta VICTORIA: 7.VICTORIA/2.RENOMEADOS (G:/My Drive/XABLAU/7.VICTORIA\2.RENOMEADOS)
[2025-12-29 17:15:12] ✅ Contagem VICTORIA concluída: 7.VICTORIA/2.RENOMEADOS -> 11840 páginas
[2025-12-29 17:15:15] ✅ Contagem VICTORIA concluída: 7.VICTORIA/1.RENOMEANDO -> 14092 páginas
[2025-12-29 17:19:01] Starting page count...
[2025-12-29 17:19:01] 📂 Pasta raiz configurada para contagem: G:/My Drive/XABLAU/
[2025-12-29 17:19:01] 📁 Pastas detectadas para contagem: 7
[2025-12-29 17:19:01] 🔎 Iniciando contagem da pasta: 3.BRUNO (G:/My Drive/XABLAU/3.BRUNO)
[2025-12-29 17:19:01] 🔎 Iniciando contagem da pasta: 1.LEIANES (G:/My Drive/XABLAU/1.LEIANES)
[2025-12-29 17:19:01] 🔎 Iniciando contagem da pasta: 2.EROS (G:/My Drive/XABLAU/2.EROS)
[2025-12-29 17:19:01] 🔎 Iniciando contagem da pasta: 4.MAYA (G:/My Drive/XABLAU/4.MAYA)
[2025-12-29 17:19:01] 🔎 Iniciando contagem da pasta: 5.CUSH (G:/My Drive/XABLAU/5.CUSH)
[2025-12-29 17:19:01] 🔎 Iniciando contagem da pasta: 6.ELIS (G:/My Drive/XABLAU/6.ELIS)
[2025-12-29 17:19:02] ✅ Contagem concluída: 4.MAYA -> 1198 páginas
[2025-12-29 17:19:02] ✅ Contagem concluída: 1.LEIANES -> 735 páginas
[2025-12-29 17:19:04] ✅ Contagem concluída: 6.ELIS -> 1027 páginas
[2025-12-29 17:19:10] ✅ Contagem concluída: 3.BRUNO -> 7395 páginas
[2025-12-29 17:19:10] ✅ Contagem concluída: 2.EROS -> 8934 páginas
[2025-12-29 17:19:12] ✅ Contagem concluída: 5.CUSH -> 10141 páginas
[2025-12-29 17:19:12] 🔎 Iniciando contagem da pasta VICTORIA: 7.VICTORIA/1.RENOMEANDO (G:/My Drive/XABLAU/7.VICTORIA\1.RENOMEANDO)
[2025-12-29 17:19:12] 🔎 Iniciando contagem da pasta VICTORIA: 7.VICTORIA/2.RENOMEADOS (G:/My Drive/XABLAU/7.VICTORIA\2.RENOMEADOS)
[2025-12-29 17:19:21] ✅ Contagem VICTORIA concluída: 7.VICTORIA/2.RENOMEADOS -> 12054 páginas
[2025-12-29 17:19:23] ✅ Contagem VICTORIA concluída: 7.VICTORIA/1.RENOMEANDO -> 13878 páginas
[2025-12-29 17:19:23] ✅ Mensagem liberada para envio: Message differs and cooldown passed
[2025-12-29 17:19:23] 📨 Destino WhatsApp: tipo=group alvo=XABLAU UPDATES
[2025-12-29 17:19:23] Enviando resultados para WhatsApp...
[2025-12-29 17:19:23] ℹ️ Tamanho da mensagem: 467 caracteres
[2025-12-29 17:19:30] Message sent successfully to WhatsApp!
[2025-12-29 17:19:30] ℹ️ Saída do envio: WhatsApp connected!
Sending message to group: XABLAU UPDATES (id: 120363421676358028@g.us)
Message sent successfully! msgId: true_120363421676358028@g.us_3EB0712D56DDF5DCF73B00_174462209097938@lid chatId: 120363421676358028@g.us
Ack de entrega recebido (pelo menos chegou ao servidor).
[2025-12-29 17:36:19] Starting page count...
[2025-12-29 17:36:19] 📂 Pasta raiz configurada para contagem: G:/My Drive/XABLAU/
[2025-12-29 17:36:19] 📁 Pastas detectadas para contagem: 7
[2025-12-29 17:36:19] 🔎 Iniciando contagem da pasta: 3.BRUNO (G:/My Drive/XABLAU/3.BRUNO)
[2025-12-29 17:36:19] 🔎 Iniciando contagem da pasta: 1.LEIANES (G:/My Drive/XABLAU/1.LEIANES)
[2025-12-29 17:36:19] 🔎 Iniciando contagem da pasta: 2.EROS (G:/My Drive/XABLAU/2.EROS)
[2025-12-29 17:36:19] 🔎 Iniciando contagem da pasta: 4.MAYA (G:/My Drive/XABLAU/4.MAYA)
[2025-12-29 17:36:19] 🔎 Iniciando contagem da pasta: 5.CUSH (G:/My Drive/XABLAU/5.CUSH)
[2025-12-29 17:36:19] 🔎 Iniciando contagem da pasta: 6.ELIS (G:/My Drive/XABLAU/6.ELIS)
[2025-12-29 17:36:20] ✅ Contagem concluída: 4.MAYA -> 1198 páginas
[2025-12-29 17:36:20] ✅ Contagem concluída: 1.LEIANES -> 735 páginas
[2025-12-29 17:36:22] ✅ Contagem concluída: 6.ELIS -> 1027 páginas
[2025-12-29 17:36:28] ✅ Contagem concluída: 3.BRUNO -> 7395 páginas
[2025-12-29 17:36:28] ✅ Contagem concluída: 2.EROS -> 8934 páginas
[2025-12-29 17:36:30] ✅ Contagem concluída: 5.CUSH -> 10141 páginas
[2025-12-29 17:36:30] 🔎 Iniciando contagem da pasta VICTORIA: 7.VICTORIA/1.RENOMEANDO (G:/My Drive/XABLAU/7.VICTORIA\1.RENOMEANDO)
[2025-12-29 17:36:30] 🔎 Iniciando contagem da pasta VICTORIA: 7.VICTORIA/2.RENOMEADOS (G:/My Drive/XABLAU/7.VICTORIA\2.RENOMEADOS)
[2025-12-29 17:36:40] ✅ Contagem VICTORIA concluída: 7.VICTORIA/2.RENOMEADOS -> 12584 páginas
[2025-12-29 17:36:41] ✅ Contagem VICTORIA concluída: 7.VICTORIA/1.RENOMEANDO -> 13348 páginas
[2025-12-29 17:36:41] ✅ Mensagem liberada para envio: Message differs and cooldown passed
[2025-12-29 17:36:41] 📨 Destino WhatsApp: tipo=group alvo=XABLAU UPDATES
[2025-12-29 17:36:41] Enviando resultados para WhatsApp...
[2025-12-29 17:36:41] ℹ️ Tamanho da mensagem: 467 caracteres
[2025-12-29 17:36:49] Message sent successfully to WhatsApp!
[2025-12-29 17:36:49] ℹ️ Saída do envio: WhatsApp connected!
Sending message to group: XABLAU UPDATES (id: 120363421676358028@g.us)
Message sent successfully! msgId: true_120363421676358028@g.us_3EB09F2CA46591959E24E1_174462209097938@lid chatId: 120363421676358028@g.us
Ack de entrega recebido (pelo menos chegou ao servidor).
[2025-12-30 13:26:24] Starting page count...
[2025-12-30 13:26:24] 📂 Pasta raiz configurada para contagem: G:/My Drive/XABLAU/
[2025-12-30 13:26:24] 📁 Pastas detectadas para contagem: 7
[2025-12-30 13:26:24] 🔎 Iniciando contagem da pasta: 3.BRUNO (G:/My Drive/XABLAU/3.BRUNO)
[2025-12-30 13:26:24] 🔎 Iniciando contagem da pasta: 1.LEIANES (G:/My Drive/XABLAU/1.LEIANES)
[2025-12-30 13:26:24] 🔎 Iniciando contagem da pasta: 2.EROS (G:/My Drive/XABLAU/2.EROS)
[2025-12-30 13:26:24] 🔎 Iniciando contagem da pasta: 4.MAYA (G:/My Drive/XABLAU/4.MAYA)
[2025-12-30 13:26:24] 🔎 Iniciando contagem da pasta: 5.CUSH (G:/My Drive/XABLAU/5.CUSH)
[2025-12-30 13:26:24] 🔎 Iniciando contagem da pasta: 6.ELIS (G:/My Drive/XABLAU/6.ELIS)
[2025-12-30 13:26:29] ✅ Contagem concluída: 1.LEIANES -> 735 páginas
[2025-12-30 13:26:30] ✅ Contagem concluída: 4.MAYA -> 1198 páginas
[2025-12-30 13:26:37] ✅ Contagem concluída: 6.ELIS -> 1027 páginas
[2025-12-30 13:27:06] ✅ Contagem concluída: 3.BRUNO -> 7395 páginas
[2025-12-30 13:27:06] ✅ Contagem concluída: 2.EROS -> 8934 páginas
[2025-12-30 13:27:15] ✅ Contagem concluída: 5.CUSH -> 10141 páginas
[2025-12-30 13:27:15] 🔎 Iniciando contagem da pasta VICTORIA: 7.VICTORIA/1.RENOMEANDO (G:/My Drive/XABLAU/7.VICTORIA\1.RENOMEANDO)
[2025-12-30 13:27:15] 🔎 Iniciando contagem da pasta VICTORIA: 7.VICTORIA/2.RENOMEADOS (G:/My Drive/XABLAU/7.VICTORIA\2.RENOMEADOS)
[2025-12-30 13:27:54] ✅ Contagem VICTORIA concluída: 7.VICTORIA/2.RENOMEADOS -> 12584 páginas
[2025-12-30 13:27:58] ✅ Contagem VICTORIA concluída: 7.VICTORIA/1.RENOMEANDO -> 13348 páginas
[2025-12-31 15:27:52] Starting page count...
[2025-12-31 15:27:52] 📂 Pasta raiz configurada para contagem: G:/My Drive/XABLAU/
[2025-12-31 15:27:52] 📁 Pastas detectadas para contagem: 7
[2025-12-31 15:27:52] 🔎 Iniciando contagem da pasta: 3.BRUNO (G:/My Drive/XABLAU/3.BRUNO)
[2025-12-31 15:27:52] 🔎 Iniciando contagem da pasta: 1.LEIANES (G:/My Drive/XABLAU/1.LEIANES)
[2025-12-31 15:27:52] 🔎 Iniciando contagem da pasta: 2.EROS (G:/My Drive/XABLAU/2.EROS)
[2025-12-31 15:27:52] 🔎 Iniciando contagem da pasta: 4.MAYA (G:/My Drive/XABLAU/4.MAYA)
[2025-12-31 15:27:52] 🔎 Iniciando contagem da pasta: 5.CUSH (G:/My Drive/XABLAU/5.CUSH)
[2025-12-31 15:27:52] 🔎 Iniciando contagem da pasta: 6.ELIS (G:/My Drive/XABLAU/6.ELIS)
[2025-12-31 15:27:58] ✅ Contagem concluída: 4.MAYA -> 1198 páginas
[2025-12-31 15:28:03] ✅ Contagem concluída: 1.LEIANES -> 2379 páginas
[2025-12-31 15:28:10] ✅ Contagem concluída: 6.ELIS -> 1027 páginas
[2025-12-31 15:28:31] ✅ Contagem concluída: 3.BRUNO -> 7395 páginas
[2025-12-31 15:28:32] ✅ Contagem concluída: 2.EROS -> 8934 páginas
[2025-12-31 15:28:39] ✅ Contagem concluída: 5.CUSH -> 10141 páginas
[2025-12-31 15:28:39] 🔎 Iniciando contagem da pasta VICTORIA: 7.VICTORIA/1.RENOMEANDO (G:/My Drive/XABLAU/7.VICTORIA\1.RENOMEANDO)
[2025-12-31 15:28:39] 🔎 Iniciando contagem da pasta VICTORIA: 7.VICTORIA/2.RENOMEADOS (G:/My Drive/XABLAU/7.VICTORIA\2.RENOMEADOS)
[2025-12-31 15:29:18] ✅ Contagem VICTORIA concluída: 7.VICTORIA/2.RENOMEADOS -> 12584 páginas
[2025-12-31 15:29:22] ✅ Contagem VICTORIA concluída: 7.VICTORIA/1.RENOMEANDO -> 13348 páginas
[2025-12-31 15:29:22] ✅ Mensagem liberada para envio: Message differs and cooldown passed
[2025-12-31 15:29:22] 📨 Destino WhatsApp: tipo=group alvo=XABLAU UPDATES
[2025-12-31 15:29:22] Enviando resultados para WhatsApp...
[2025-12-31 15:29:22] ℹ️ Tamanho da mensagem: 487 caracteres
[2025-12-31 15:29:38] Message sent successfully to WhatsApp!
[2025-12-31 15:29:38] ℹ️ Saída do envio: WhatsApp connected!
Sending message to group: XABLAU UPDATES (id: 120363421676358028@g.us)
Message sent successfully! msgId: true_120363421676358028@g.us_3EB062BE61C05D427F9B8B_174462209097938@lid chatId: 120363421676358028@g.us
Ack de entrega recebido (pelo menos chegou ao servidor).
[2025-12-31 15:30:47] Starting page count...
[2025-12-31 15:30:47] 📂 Pasta raiz configurada para contagem: G:/My Drive/XABLAU/
[2025-12-31 15:30:47] 📁 Pastas detectadas para contagem: 7
[2025-12-31 15:30:47] 🔎 Iniciando contagem da pasta: 3.BRUNO (G:/My Drive/XABLAU/3.BRUNO)
[2025-12-31 15:30:47] 🔎 Iniciando contagem da pasta: 1.LEIANES (G:/My Drive/XABLAU/1.LEIANES)
[2025-12-31 15:30:47] 🔎 Iniciando contagem da pasta: 2.EROS (G:/My Drive/XABLAU/2.EROS)
[2025-12-31 15:30:47] 🔎 Iniciando contagem da pasta: 4.MAYA (G:/My Drive/XABLAU/4.MAYA)
[2025-12-31 15:30:47] 🔎 Iniciando contagem da pasta: 5.CUSH (G:/My Drive/XABLAU/5.CUSH)
[2025-12-31 15:30:47] 🔎 Iniciando contagem da pasta: 6.ELIS (G:/My Drive/XABLAU/6.ELIS)
[2025-12-31 15:30:48] ✅ Contagem concluída: 4.MAYA -> 1198 páginas
[2025-12-31 15:30:49] ✅ Contagem concluída: 1.LEIANES -> 2379 páginas
[2025-12-31 15:30:51] ✅ Contagem concluída: 6.ELIS -> 1027 páginas
[2025-12-31 15:30:55] ✅ Contagem concluída: 3.BRUNO -> 7395 páginas
[2025-12-31 15:30:55] ✅ Contagem concluída: 2.EROS -> 8934 páginas
[2025-12-31 15:30:58] ✅ Contagem concluída: 5.CUSH -> 10141 páginas
[2025-12-31 15:30:58] 🔎 Iniciando contagem da pasta VICTORIA: 7.VICTORIA/1.RENOMEANDO (G:/My Drive/XABLAU/7.VICTORIA\1.RENOMEANDO)
[2025-12-31 15:30:58] 🔎 Iniciando contagem da pasta VICTORIA: 7.VICTORIA/2.RENOMEADOS (G:/My Drive/XABLAU/7.VICTORIA\2.RENOMEADOS)
[2025-12-31 15:31:07] ✅ Contagem VICTORIA concluída: 7.VICTORIA/2.RENOMEADOS -> 12584 páginas
[2025-12-31 15:31:08] ✅ Contagem VICTORIA concluída: 7.VICTORIA/1.RENOMEANDO -> 13348 páginas
[2026-01-02 10:20:50] Starting page count...
[2026-01-02 10:20:50] 📂 Pasta raiz configurada para contagem: G:/My Drive/XABLAU/
[2026-01-02 10:20:50] 📁 Pastas detectadas para contagem: 7
[2026-01-02 10:20:50] 🔎 Iniciando contagem da pasta: 3.BRUNO (G:/My Drive/XABLAU/3.BRUNO)
[2026-01-02 10:20:50] 🔎 Iniciando contagem da pasta: 1.LEIANES (G:/My Drive/XABLAU/1.LEIANES)
[2026-01-02 10:20:50] 🔎 Iniciando contagem da pasta: 2.EROS (G:/My Drive/XABLAU/2.EROS)
[2026-01-02 10:20:50] 🔎 Iniciando contagem da pasta: 4.MAYA (G:/My Drive/XABLAU/4.MAYA)
[2026-01-02 10:20:50] 🔎 Iniciando contagem da pasta: 5.CUSH (G:/My Drive/XABLAU/5.CUSH)
[2026-01-02 10:20:50] 🔎 Iniciando contagem da pasta: 6.ELIS (G:/My Drive/XABLAU/6.ELIS)
[2026-01-02 10:20:56] ✅ Contagem concluída: 4.MAYA -> 1198 páginas
[2026-01-02 10:21:03] ✅ Contagem concluída: 1.LEIANES -> 2379 páginas
[2026-01-02 10:21:09] ✅ Contagem concluída: 6.ELIS -> 1027 páginas
[2026-01-02 10:21:31] ✅ Contagem concluída: 3.BRUNO -> 7395 páginas
[2026-01-02 10:21:31] ✅ Contagem concluída: 2.EROS -> 8934 páginas
[2026-01-02 10:21:39] ✅ Contagem concluída: 5.CUSH -> 10141 páginas
[2026-01-02 10:21:39] 🔎 Iniciando contagem da pasta VICTORIA: 7.VICTORIA/1.RENOMEANDO (G:/My Drive/XABLAU/7.VICTORIA\1.RENOMEANDO)
[2026-01-02 10:21:39] 🔎 Iniciando contagem da pasta VICTORIA: 7.VICTORIA/2.RENOMEADOS (G:/My Drive/XABLAU/7.VICTORIA\2.RENOMEADOS)
[2026-01-02 10:22:17] ✅ Contagem VICTORIA concluída: 7.VICTORIA/2.RENOMEADOS -> 12584 páginas
[2026-01-02 10:22:22] ✅ Contagem VICTORIA concluída: 7.VICTORIA/1.RENOMEANDO -> 13348 páginas
[2026-01-02 10:25:30] Starting page count...
[2026-01-02 10:25:30] 📂 Pasta raiz configurada para contagem: G:/My Drive/XABLAU/
[2026-01-02 10:25:30] 📁 Pastas detectadas para contagem: 7
[2026-01-02 10:25:30] 🔎 Iniciando contagem da pasta: 3.BRUNO (G:/My Drive/XABLAU/3.BRUNO)
[2026-01-02 10:25:30] 🔎 Iniciando contagem da pasta: 1.LEIANES (G:/My Drive/XABLAU/1.LEIANES)
[2026-01-02 10:25:30] 🔎 Iniciando contagem da pasta: 2.EROS (G:/My Drive/XABLAU/2.EROS)
[2026-01-02 10:25:30] 🔎 Iniciando contagem da pasta: 4.MAYA (G:/My Drive/XABLAU/4.MAYA)
[2026-01-02 10:25:30] 🔎 Iniciando contagem da pasta: 5.CUSH (G:/My Drive/XABLAU/5.CUSH)
[2026-01-02 10:25:30] 🔎 Iniciando contagem da pasta: 6.ELIS (G:/My Drive/XABLAU/6.ELIS)
[2026-01-02 10:25:31] ✅ Contagem concluída: 4.MAYA -> 1198 páginas
[2026-01-02 10:25:33] ✅ Contagem concluída: 1.LEIANES -> 2379 páginas
[2026-01-02 10:25:34] ✅ Contagem concluída: 6.ELIS -> 1027 páginas
[2026-01-02 10:25:39] ✅ Contagem concluída: 3.BRUNO -> 7395 páginas
[2026-01-02 10:25:39] ✅ Contagem concluída: 2.EROS -> 8934 páginas
[2026-01-02 10:25:42] ✅ Contagem concluída: 5.CUSH -> 10141 páginas
[2026-01-02 10:25:42] 🔎 Iniciando contagem da pasta VICTORIA: 7.VICTORIA/1.RENOMEANDO (G:/My Drive/XABLAU/7.VICTORIA\1.RENOMEANDO)
[2026-01-02 10:25:42] 🔎 Iniciando contagem da pasta VICTORIA: 7.VICTORIA/2.RENOMEADOS (G:/My Drive/XABLAU/7.VICTORIA\2.RENOMEADOS)
[2026-01-02 10:25:51] ✅ Contagem VICTORIA concluída: 7.VICTORIA/2.RENOMEADOS -> 12584 páginas
[2026-01-02 10:25:53] ✅ Contagem VICTORIA concluída: 7.VICTORIA/1.RENOMEANDO -> 13348 páginas
[2026-01-02 11:27:09] Starting page count...
[2026-01-02 11:27:09] 📂 Pasta raiz configurada para contagem: G:/My Drive/XABLAU/
[2026-01-02 11:27:10] 📁 Pastas detectadas para contagem: 7
[2026-01-02 11:27:10] 🔎 Iniciando contagem da pasta: 3.BRUNO (G:/My Drive/XABLAU/3.BRUNO)
[2026-01-02 11:27:10] 🔎 Iniciando contagem da pasta: 1.LEIANES (G:/My Drive/XABLAU/1.LEIANES)
[2026-01-02 11:27:10] 🔎 Iniciando contagem da pasta: 2.EROS (G:/My Drive/XABLAU/2.EROS)
[2026-01-02 11:27:10] 🔎 Iniciando contagem da pasta: 4.MAYA (G:/My Drive/XABLAU/4.MAYA)
[2026-01-02 11:27:10] 🔎 Iniciando contagem da pasta: 5.CUSH (G:/My Drive/XABLAU/5.CUSH)
[2026-01-02 11:27:10] 🔎 Iniciando contagem da pasta: 6.ELIS (G:/My Drive/XABLAU/6.ELIS)
[2026-01-02 11:27:11] ✅ Contagem concluída: 4.MAYA -> 1198 páginas
[2026-01-02 11:27:12] ✅ Contagem concluída: 1.LEIANES -> 2379 páginas
[2026-01-02 11:27:14] ✅ Contagem concluída: 6.ELIS -> 1027 páginas
[2026-01-02 11:27:18] ✅ Contagem concluída: 3.BRUNO -> 7395 páginas
[2026-01-02 11:27:18] ✅ Contagem concluída: 2.EROS -> 8934 páginas
[2026-01-02 11:27:21] ✅ Contagem concluída: 5.CUSH -> 10141 páginas
[2026-01-02 11:27:21] 🔎 Iniciando contagem da pasta VICTORIA: 7.VICTORIA/1.RENOMEANDO (G:/My Drive/XABLAU/7.VICTORIA\1.RENOMEANDO)
[2026-01-02 11:27:21] 🔎 Iniciando contagem da pasta VICTORIA: 7.VICTORIA/2.RENOMEADOS (G:/My Drive/XABLAU/7.VICTORIA\2.RENOMEADOS)
[2026-01-02 11:27:30] ✅ Contagem VICTORIA concluída: 7.VICTORIA/1.RENOMEANDO -> 10724 páginas
[2026-01-02 11:27:31] ✅ Contagem VICTORIA concluída: 7.VICTORIA/2.RENOMEADOS -> 15208 páginas
[2026-01-02 11:27:31] ✅ Mensagem liberada para envio: Message differs and cooldown passed
[2026-01-02 11:27:31] 📨 Destino WhatsApp: tipo=group alvo=XABLAU UPDATES
[2026-01-02 11:27:31] Enviando resultados para WhatsApp...
[2026-01-02 11:27:31] ℹ️ Tamanho da mensagem: 470 caracteres
[2026-01-02 11:27:46] Message sent successfully to WhatsApp!
[2026-01-02 11:27:46] ℹ️ Saída do envio: WhatsApp connected!
Sending message to group: XABLAU UPDATES (id: 120363421676358028@g.us)
Message sent successfully! msgId: true_120363421676358028@g.us_3EB0F311F9CFAB551F1F76_174462209097938@lid chatId: 120363421676358028@g.us
Ack de entrega recebido (pelo menos chegou ao servidor).
[2026-01-05 11:42:09] Starting page count...
[2026-01-05 11:42:10] 📂 Pasta raiz configurada para contagem: G:/My Drive/XABLAU/
[2026-01-05 11:42:10] 📁 Pastas detectadas para contagem: 7
[2026-01-05 11:42:10] 🔎 Iniciando contagem da pasta: 3.BRUNO (G:/My Drive/XABLAU/3.BRUNO)
[2026-01-05 11:42:10] 🔎 Iniciando contagem da pasta: 1.LEIANES (G:/My Drive/XABLAU/1.LEIANES)
[2026-01-05 11:42:10] 🔎 Iniciando contagem da pasta: 2.EROS (G:/My Drive/XABLAU/2.EROS)
[2026-01-05 11:42:10] 🔎 Iniciando contagem da pasta: 4.MAYA (G:/My Drive/XABLAU/4.MAYA)
[2026-01-05 11:42:10] 🔎 Iniciando contagem da pasta: 5.CUSH (G:/My Drive/XABLAU/5.CUSH)
[2026-01-05 11:42:10] 🔎 Iniciando contagem da pasta: 6.ELIS (G:/My Drive/XABLAU/6.ELIS)
[2026-01-05 11:42:15] ✅ Contagem concluída: 4.MAYA -> 1198 páginas
[2026-01-05 11:42:21] ✅ Contagem concluída: 1.LEIANES -> 2379 páginas
[2026-01-05 11:42:27] ✅ Contagem concluída: 6.ELIS -> 1027 páginas
[2026-01-05 11:42:48] ✅ Contagem concluída: 3.BRUNO -> 7395 páginas
[2026-01-05 11:42:49] ✅ Contagem concluída: 2.EROS -> 8934 páginas
[2026-01-05 11:42:56] ✅ Contagem concluída: 5.CUSH -> 10141 páginas
[2026-01-05 11:42:56] 🔎 Iniciando contagem da pasta VICTORIA: 7.VICTORIA/1.RENOMEANDO (G:/My Drive/XABLAU/7.VICTORIA\1.RENOMEANDO)
[2026-01-05 11:42:56] 🔎 Iniciando contagem da pasta VICTORIA: 7.VICTORIA/2.RENOMEADOS (G:/My Drive/XABLAU/7.VICTORIA\2.RENOMEADOS)
[2026-01-05 11:43:33] ✅ Contagem VICTORIA concluída: 7.VICTORIA/1.RENOMEANDO -> 10724 páginas
[2026-01-05 11:43:36] ✅ Contagem VICTORIA concluída: 7.VICTORIA/2.RENOMEADOS -> 15208 páginas
[2026-01-05 22:49:34] Starting page count...
[2026-01-05 22:49:34] 📂 Pasta raiz configurada para contagem: G:/My Drive/XABLAU/
[2026-01-05 22:49:34] 📁 Pastas detectadas para contagem: 7
[2026-01-05 22:49:34] 🔎 Iniciando contagem da pasta: 3.BRUNO (G:/My Drive/XABLAU/3.BRUNO)
[2026-01-05 22:49:34] 🔎 Iniciando contagem da pasta: 1.LEIANES (G:/My Drive/XABLAU/1.LEIANES)
[2026-01-05 22:49:34] 🔎 Iniciando contagem da pasta: 2.EROS (G:/My Drive/XABLAU/2.EROS)
[2026-01-05 22:49:34] 🔎 Iniciando contagem da pasta: 4.MAYA (G:/My Drive/XABLAU/4.MAYA)
[2026-01-05 22:49:34] 🔎 Iniciando contagem da pasta: 5.CUSH (G:/My Drive/XABLAU/5.CUSH)
[2026-01-05 22:49:34] 🔎 Iniciando contagem da pasta: 6.ELIS (G:/My Drive/XABLAU/6.ELIS)
[2026-01-05 22:49:40] ✅ Contagem concluída: 4.MAYA -> 1198 páginas
[2026-01-05 22:49:46] ✅ Contagem concluída: 1.LEIANES -> 2379 páginas
[2026-01-05 22:49:53] ✅ Contagem concluída: 6.ELIS -> 1027 páginas
[2026-01-05 22:50:14] ✅ Contagem concluída: 3.BRUNO -> 7395 páginas
[2026-01-05 22:50:15] ✅ Contagem concluída: 2.EROS -> 8934 páginas
[2026-01-05 22:50:24] ✅ Contagem concluída: 5.CUSH -> 10141 páginas
[2026-01-05 22:50:24] 🔎 Iniciando contagem da pasta VICTORIA: 7.VICTORIA/1.RENOMEANDO (G:/My Drive/XABLAU/7.VICTORIA\1.RENOMEANDO)
[2026-01-05 22:50:24] 🔎 Iniciando contagem da pasta VICTORIA: 7.VICTORIA/2.RENOMEADOS (G:/My Drive/XABLAU/7.VICTORIA\2.RENOMEADOS)
[2026-01-05 22:51:02] ✅ Contagem VICTORIA concluída: 7.VICTORIA/1.RENOMEANDO -> 10724 páginas
[2026-01-05 22:51:05] ✅ Contagem VICTORIA concluída: 7.VICTORIA/2.RENOMEADOS -> 15208 páginas
[2026-01-05 23:56:41] Starting page count...
[2026-01-05 23:56:41] 📂 Pasta raiz configurada para contagem: G:/My Drive/XABLAU/
[2026-01-05 23:56:41] 📁 Pastas detectadas para contagem: 7
[2026-01-05 23:56:41] 🔎 Iniciando contagem da pasta: 3.BRUNO (G:/My Drive/XABLAU/3.BRUNO)
[2026-01-05 23:56:41] 🔎 Iniciando contagem da pasta: 1.LEIANES (G:/My Drive/XABLAU/1.LEIANES)
[2026-01-05 23:56:41] 🔎 Iniciando contagem da pasta: 2.EROS (G:/My Drive/XABLAU/2.EROS)
[2026-01-05 23:56:41] 🔎 Iniciando contagem da pasta: 4.MAYA (G:/My Drive/XABLAU/4.MAYA)
[2026-01-05 23:56:41] 🔎 Iniciando contagem da pasta: 5.CUSH (G:/My Drive/XABLAU/5.CUSH)
[2026-01-05 23:56:41] 🔎 Iniciando contagem da pasta: 6.ELIS (G:/My Drive/XABLAU/6.ELIS)
[2026-01-05 23:56:47] ✅ Contagem concluída: 4.MAYA -> 1198 páginas
[2026-01-05 23:56:53] ✅ Contagem concluída: 1.LEIANES -> 2379 páginas
[2026-01-05 23:56:59] ✅ Contagem concluída: 6.ELIS -> 1027 páginas
[2026-01-05 23:57:20] ✅ Contagem concluída: 3.BRUNO -> 7395 páginas
[2026-01-05 23:57:21] ✅ Contagem concluída: 2.EROS -> 8934 páginas
[2026-01-05 23:57:29] ✅ Contagem concluída: 5.CUSH -> 10141 páginas
[2026-01-05 23:57:29] 🔎 Iniciando contagem da pasta VICTORIA: 7.VICTORIA/1.RENOMEANDO (G:/My Drive/XABLAU/7.VICTORIA\1.RENOMEANDO)
[2026-01-05 23:57:29] 🔎 Iniciando contagem da pasta VICTORIA: 7.VICTORIA/2.RENOMEADOS (G:/My Drive/XABLAU/7.VICTORIA\2.RENOMEADOS)
[2026-01-05 23:58:05] ✅ Contagem VICTORIA concluída: 7.VICTORIA/1.RENOMEANDO -> 10724 páginas
[2026-01-05 23:58:08] ✅ Contagem VICTORIA concluída: 7.VICTORIA/2.RENOMEADOS -> 15208 páginas
[2026-01-06 14:23:32] Starting page count...
[2026-01-06 14:23:32] 📂 Pasta raiz configurada para contagem: G:/My Drive/XABLAU/
[2026-01-06 14:23:32] 📁 Pastas detectadas para contagem: 7
[2026-01-06 14:23:32] 🔎 Iniciando contagem da pasta: 3.BRUNO (G:/My Drive/XABLAU/3.BRUNO)
[2026-01-06 14:23:32] 🔎 Iniciando contagem da pasta: 1.LEIANES (G:/My Drive/XABLAU/1.LEIANES)
[2026-01-06 14:23:32] 🔎 Iniciando contagem da pasta: 2.EROS (G:/My Drive/XABLAU/2.EROS)
[2026-01-06 14:23:32] 🔎 Iniciando contagem da pasta: 4.MAYA (G:/My Drive/XABLAU/4.MAYA)
[2026-01-06 14:23:32] 🔎 Iniciando contagem da pasta: 5.CUSH (G:/My Drive/XABLAU/5.CUSH)
[2026-01-06 14:23:32] 🔎 Iniciando contagem da pasta: 6.ELIS (G:/My Drive/XABLAU/6.ELIS)
[2026-01-06 14:23:38] ✅ Contagem concluída: 4.MAYA -> 1198 páginas
[2026-01-06 14:23:45] ✅ Contagem concluída: 1.LEIANES -> 2379 páginas
[2026-01-06 14:23:52] ✅ Contagem concluída: 6.ELIS -> 1027 páginas
[2026-01-06 14:24:14] ✅ Contagem concluída: 3.BRUNO -> 7395 páginas
[2026-01-06 14:24:14] ✅ Contagem concluída: 2.EROS -> 8934 páginas
[2026-01-06 14:24:23] ✅ Contagem concluída: 5.CUSH -> 10141 páginas
[2026-01-06 14:24:23] 🔎 Iniciando contagem da pasta VICTORIA: 7.VICTORIA/1.RENOMEANDO (G:/My Drive/XABLAU/7.VICTORIA\1.RENOMEANDO)
[2026-01-06 14:24:23] 🔎 Iniciando contagem da pasta VICTORIA: 7.VICTORIA/2.RENOMEADOS (G:/My Drive/XABLAU/7.VICTORIA\2.RENOMEADOS)
[2026-01-06 14:25:03] ✅ Contagem VICTORIA concluída: 7.VICTORIA/1.RENOMEANDO -> 10724 páginas
[2026-01-06 14:25:07] ✅ Contagem VICTORIA concluída: 7.VICTORIA/2.RENOMEADOS -> 15208 páginas
[2026-01-06 14:25:49] Starting page count...
[2026-01-06 14:25:49] 📂 Pasta raiz configurada para contagem: G:/My Drive/XABLAU/
[2026-01-06 14:25:49] 📁 Pastas detectadas para contagem: 7
[2026-01-06 14:25:49] 🔎 Iniciando contagem da pasta: 3.BRUNO (G:/My Drive/XABLAU/3.BRUNO)
[2026-01-06 14:25:49] 🔎 Iniciando contagem da pasta: 1.LEIANES (G:/My Drive/XABLAU/1.LEIANES)
[2026-01-06 14:25:49] 🔎 Iniciando contagem da pasta: 2.EROS (G:/My Drive/XABLAU/2.EROS)
[2026-01-06 14:25:49] 🔎 Iniciando contagem da pasta: 4.MAYA (G:/My Drive/XABLAU/4.MAYA)
[2026-01-06 14:25:49] 🔎 Iniciando contagem da pasta: 5.CUSH (G:/My Drive/XABLAU/5.CUSH)
[2026-01-06 14:25:49] 🔎 Iniciando contagem da pasta: 6.ELIS (G:/My Drive/XABLAU/6.ELIS)
[2026-01-06 14:25:51] ✅ Contagem concluída: 4.MAYA -> 1198 páginas
[2026-01-06 14:25:52] ✅ Contagem concluída: 1.LEIANES -> 2379 páginas
[2026-01-06 14:25:54] ✅ Contagem concluída: 6.ELIS -> 1027 páginas
[2026-01-06 14:25:58] ✅ Contagem concluída: 3.BRUNO -> 7395 páginas
[2026-01-06 14:25:59] ✅ Contagem concluída: 2.EROS -> 8934 páginas
[2026-01-06 14:26:01] ✅ Contagem concluída: 5.CUSH -> 10141 páginas
[2026-01-06 14:26:01] 🔎 Iniciando contagem da pasta VICTORIA: 7.VICTORIA/1.RENOMEANDO (G:/My Drive/XABLAU/7.VICTORIA\1.RENOMEANDO)
[2026-01-06 14:26:01] 🔎 Iniciando contagem da pasta VICTORIA: 7.VICTORIA/2.RENOMEADOS (G:/My Drive/XABLAU/7.VICTORIA\2.RENOMEADOS)
[2026-01-06 14:26:11] ✅ Contagem VICTORIA concluída: 7.VICTORIA/1.RENOMEANDO -> 10724 páginas
[2026-01-06 14:26:12] ✅ Contagem VICTORIA concluída: 7.VICTORIA/2.RENOMEADOS -> 15208 páginas
[2026-01-06 14:29:41] Starting page count...
[2026-01-06 14:29:41] 📂 Pasta raiz configurada para contagem: G:/My Drive/XABLAU/
[2026-01-06 14:29:41] 📁 Pastas detectadas para contagem: 7
[2026-01-06 14:29:41] 🔎 Iniciando contagem da pasta: 3.BRUNO (G:/My Drive/XABLAU/3.BRUNO)
[2026-01-06 14:29:41] 🔎 Iniciando contagem da pasta: 1.LEIANES (G:/My Drive/XABLAU/1.LEIANES)
[2026-01-06 14:29:41] 🔎 Iniciando contagem da pasta: 2.EROS (G:/My Drive/XABLAU/2.EROS)
[2026-01-06 14:29:41] 🔎 Iniciando contagem da pasta: 4.MAYA (G:/My Drive/XABLAU/4.MAYA)
[2026-01-06 14:29:41] 🔎 Iniciando contagem da pasta: 5.CUSH (G:/My Drive/XABLAU/5.CUSH)
[2026-01-06 14:29:41] 🔎 Iniciando contagem da pasta: 6.ELIS (G:/My Drive/XABLAU/6.ELIS)
[2026-01-06 14:29:42] ✅ Contagem concluída: 4.MAYA -> 1198 páginas
[2026-01-06 14:29:44] ✅ Contagem concluída: 1.LEIANES -> 2379 páginas
[2026-01-06 14:29:46] ✅ Contagem concluída: 6.ELIS -> 1027 páginas
[2026-01-06 14:29:51] ✅ Contagem concluída: 3.BRUNO -> 7395 páginas
[2026-01-06 14:29:51] ✅ Contagem concluída: 2.EROS -> 8934 páginas
[2026-01-06 14:29:54] ✅ Contagem concluída: 5.CUSH -> 10141 páginas
[2026-01-06 14:29:54] 🔎 Iniciando contagem da pasta VICTORIA: 7.VICTORIA/1.RENOMEANDO (G:/My Drive/XABLAU/7.VICTORIA\1.RENOMEANDO)
[2026-01-06 14:29:54] 🔎 Iniciando contagem da pasta VICTORIA: 7.VICTORIA/2.RENOMEADOS (G:/My Drive/XABLAU/7.VICTORIA\2.RENOMEADOS)
[2026-01-06 14:30:04] ✅ Contagem VICTORIA concluída: 7.VICTORIA/1.RENOMEANDO -> 10724 páginas
[2026-01-06 14:30:04] ✅ Contagem VICTORIA concluída: 7.VICTORIA/2.RENOMEADOS -> 15208 páginas
[2026-01-06 14:45:35] Starting page count...
[2026-01-06 14:45:35] 📂 Pasta raiz configurada para contagem: G:/My Drive/XABLAU/
[2026-01-06 14:45:35] 📁 Pastas detectadas para contagem: 7
[2026-01-06 14:45:35] 🔎 Iniciando contagem da pasta: 3.BRUNO (G:/My Drive/XABLAU/3.BRUNO)
[2026-01-06 14:45:35] 🔎 Iniciando contagem da pasta: 1.LEIANES (G:/My Drive/XABLAU/1.LEIANES)
[2026-01-06 14:45:35] 🔎 Iniciando contagem da pasta: 2.EROS (G:/My Drive/XABLAU/2.EROS)
[2026-01-06 14:45:35] 🔎 Iniciando contagem da pasta: 4.MAYA (G:/My Drive/XABLAU/4.MAYA)
[2026-01-06 14:45:35] 🔎 Iniciando contagem da pasta: 5.CUSH (G:/My Drive/XABLAU/5.CUSH)
[2026-01-06 14:45:35] 🔎 Iniciando contagem da pasta: 6.ELIS (G:/My Drive/XABLAU/6.ELIS)
[2026-01-06 14:45:36] ✅ Contagem concluída: 4.MAYA -> 1198 páginas
[2026-01-06 14:45:38] ✅ Contagem concluída: 1.LEIANES -> 2379 páginas
[2026-01-06 14:45:39] ✅ Contagem concluída: 6.ELIS -> 1027 páginas
[2026-01-06 14:45:44] ✅ Contagem concluída: 3.BRUNO -> 7395 páginas
[2026-01-06 14:45:44] ✅ Contagem concluída: 2.EROS -> 8934 páginas
[2026-01-06 14:45:47] ✅ Contagem concluída: 5.CUSH -> 10141 páginas
[2026-01-06 14:45:47] 🔎 Iniciando contagem da pasta VICTORIA: 7.VICTORIA/1.RENOMEANDO (G:/My Drive/XABLAU/7.VICTORIA\1.RENOMEANDO)
[2026-01-06 14:45:47] 🔎 Iniciando contagem da pasta VICTORIA: 7.VICTORIA/2.RENOMEADOS (G:/My Drive/XABLAU/7.VICTORIA\2.RENOMEADOS)
[2026-01-06 14:45:56] ✅ Contagem VICTORIA concluída: 7.VICTORIA/1.RENOMEANDO -> 10015 páginas
[2026-01-06 14:45:58] ✅ Contagem VICTORIA concluída: 7.VICTORIA/2.RENOMEADOS -> 15917 páginas
[2026-01-06 14:45:58] ✅ Mensagem liberada para envio: Message differs and cooldown passed
[2026-01-06 14:45:58] 📨 Destino WhatsApp: tipo=group alvo=XABLAU UPDATES
[2026-01-06 14:45:58] Enviando resultados para WhatsApp...
[2026-01-06 14:45:58] ℹ️ Tamanho da mensagem: 468 caracteres
[2026-01-06 14:46:13] Message sent successfully to WhatsApp!
[2026-01-06 14:46:13] ℹ️ Saída do envio: WhatsApp connected!
Sending message to group: XABLAU UPDATES (id: 120363421676358028@g.us)
Message sent successfully! msgId: true_120363421676358028@g.us_3EB0F2FB3197D9D4924287_174462209097938@lid chatId: 120363421676358028@g.us
Ack de entrega recebido (pelo menos chegou ao servidor).
[2026-01-06 14:57:04] Starting page count...
[2026-01-06 14:57:04] 📂 Pasta raiz configurada para contagem: G:/My Drive/XABLAU/
[2026-01-06 14:57:04] 📁 Pastas detectadas para contagem: 7
[2026-01-06 14:57:04] 🔎 Iniciando contagem da pasta: 3.BRUNO (G:/My Drive/XABLAU/3.BRUNO)
[2026-01-06 14:57:04] 🔎 Iniciando contagem da pasta: 1.LEIANES (G:/My Drive/XABLAU/1.LEIANES)
[2026-01-06 14:57:04] 🔎 Iniciando contagem da pasta: 2.EROS (G:/My Drive/XABLAU/2.EROS)
[2026-01-06 14:57:04] 🔎 Iniciando contagem da pasta: 4.MAYA (G:/My Drive/XABLAU/4.MAYA)
[2026-01-06 14:57:04] 🔎 Iniciando contagem da pasta: 5.CUSH (G:/My Drive/XABLAU/5.CUSH)
[2026-01-06 14:57:04] 🔎 Iniciando contagem da pasta: 6.ELIS (G:/My Drive/XABLAU/6.ELIS)
[2026-01-06 14:57:05] ✅ Contagem concluída: 4.MAYA -> 1198 páginas
[2026-01-06 14:57:07] ✅ Contagem concluída: 1.LEIANES -> 2379 páginas
[2026-01-06 14:57:08] ✅ Contagem concluída: 6.ELIS -> 1027 páginas
[2026-01-06 14:57:13] ✅ Contagem concluída: 3.BRUNO -> 7395 páginas
[2026-01-06 14:57:13] ✅ Contagem concluída: 2.EROS -> 8934 páginas
[2026-01-06 14:57:16] ✅ Contagem concluída: 5.CUSH -> 10141 páginas
[2026-01-06 14:57:16] 🔎 Iniciando contagem da pasta VICTORIA: 7.VICTORIA/1.RENOMEANDO (G:/My Drive/XABLAU/7.VICTORIA\1.RENOMEANDO)
[2026-01-06 14:57:16] 🔎 Iniciando contagem da pasta VICTORIA: 7.VICTORIA/2.RENOMEADOS (G:/My Drive/XABLAU/7.VICTORIA\2.RENOMEADOS)
[2026-01-06 14:57:25] ✅ Contagem VICTORIA concluída: 7.VICTORIA/1.RENOMEANDO -> 10015 páginas
[2026-01-06 14:57:27] ✅ Contagem VICTORIA concluída: 7.VICTORIA/2.RENOMEADOS -> 15917 páginas
[2026-01-06 15:00:09] Starting page count...
[2026-01-06 15:00:09] 📂 Pasta raiz configurada para contagem: G:/My Drive/XABLAU/
[2026-01-06 15:00:09] 📁 Pastas detectadas para contagem: 7
[2026-01-06 15:00:09] 🔎 Iniciando contagem da pasta: 3.BRUNO (G:/My Drive/XABLAU/3.BRUNO)
[2026-01-06 15:00:09] 🔎 Iniciando contagem da pasta: 1.LEIANES (G:/My Drive/XABLAU/1.LEIANES)
[2026-01-06 15:00:09] 🔎 Iniciando contagem da pasta: 2.EROS (G:/My Drive/XABLAU/2.EROS)
[2026-01-06 15:00:09] 🔎 Iniciando contagem da pasta: 4.MAYA (G:/My Drive/XABLAU/4.MAYA)
[2026-01-06 15:00:09] 🔎 Iniciando contagem da pasta: 5.CUSH (G:/My Drive/XABLAU/5.CUSH)
[2026-01-06 15:00:09] 🔎 Iniciando contagem da pasta: 6.ELIS (G:/My Drive/XABLAU/6.ELIS)
[2026-01-06 15:00:11] ✅ Contagem concluída: 4.MAYA -> 1198 páginas
[2026-01-06 15:00:12] ✅ Contagem concluída: 1.LEIANES -> 2379 páginas
[2026-01-06 15:00:14] ✅ Contagem concluída: 6.ELIS -> 1027 páginas
[2026-01-06 15:00:18] ✅ Contagem concluída: 3.BRUNO -> 7395 páginas
[2026-01-06 15:00:19] ✅ Contagem concluída: 2.EROS -> 8934 páginas
[2026-01-06 15:00:21] ✅ Contagem concluída: 5.CUSH -> 10141 páginas
[2026-01-06 15:00:21] 🔎 Iniciando contagem da pasta VICTORIA: 7.VICTORIA/1.RENOMEANDO (G:/My Drive/XABLAU/7.VICTORIA\1.RENOMEANDO)
[2026-01-06 15:00:21] 🔎 Iniciando contagem da pasta VICTORIA: 7.VICTORIA/2.RENOMEADOS (G:/My Drive/XABLAU/7.VICTORIA\2.RENOMEADOS)
[2026-01-06 15:00:31] ✅ Contagem VICTORIA concluída: 7.VICTORIA/1.RENOMEANDO -> 10015 páginas
[2026-01-06 15:00:33] ✅ Contagem VICTORIA concluída: 7.VICTORIA/2.RENOMEADOS -> 15917 páginas
[2026-01-06 15:03:33] Starting page count...
[2026-01-06 15:03:33] 📂 Pasta raiz configurada para contagem: G:/My Drive/XABLAU/
[2026-01-06 15:03:33] 📁 Pastas detectadas para contagem: 7
[2026-01-06 15:03:33] 🔎 Iniciando contagem da pasta: 3.BRUNO (G:/My Drive/XABLAU/3.BRUNO)
[2026-01-06 15:03:33] 🔎 Iniciando contagem da pasta: 1.LEIANES (G:/My Drive/XABLAU/1.LEIANES)
[2026-01-06 15:03:33] 🔎 Iniciando contagem da pasta: 2.EROS (G:/My Drive/XABLAU/2.EROS)
[2026-01-06 15:03:33] 🔎 Iniciando contagem da pasta: 4.MAYA (G:/My Drive/XABLAU/4.MAYA)
[2026-01-06 15:03:33] 🔎 Iniciando contagem da pasta: 5.CUSH (G:/My Drive/XABLAU/5.CUSH)
[2026-01-06 15:03:33] 🔎 Iniciando contagem da pasta: 6.ELIS (G:/My Drive/XABLAU/6.ELIS)
[2026-01-06 15:03:35] ✅ Contagem concluída: 4.MAYA -> 1198 páginas
[2026-01-06 15:03:36] ✅ Contagem concluída: 1.LEIANES -> 2379 páginas
[2026-01-06 15:03:38] ✅ Contagem concluída: 6.ELIS -> 1027 páginas
[2026-01-06 15:03:42] ✅ Contagem concluída: 3.BRUNO -> 7395 páginas
[2026-01-06 15:03:43] ✅ Contagem concluída: 2.EROS -> 8934 páginas
[2026-01-06 15:03:45] ✅ Contagem concluída: 5.CUSH -> 10141 páginas
[2026-01-06 15:03:45] 🔎 Iniciando contagem da pasta VICTORIA: 7.VICTORIA/1.RENOMEANDO (G:/My Drive/XABLAU/7.VICTORIA\1.RENOMEANDO)
[2026-01-06 15:03:45] 🔎 Iniciando contagem da pasta VICTORIA: 7.VICTORIA/2.RENOMEADOS (G:/My Drive/XABLAU/7.VICTORIA\2.RENOMEADOS)
[2026-01-06 15:03:55] ✅ Contagem VICTORIA concluída: 7.VICTORIA/1.RENOMEANDO -> 10015 páginas
[2026-01-06 15:03:56] ✅ Contagem VICTORIA concluída: 7.VICTORIA/2.RENOMEADOS -> 15917 páginas
[2026-01-06 15:53:54] Starting page count...
[2026-01-06 15:53:54] 📂 Pasta raiz configurada para contagem: G:/My Drive/XABLAU/
[2026-01-06 15:53:54] 📁 Pastas detectadas para contagem: 7
[2026-01-06 15:53:54] 🔎 Iniciando contagem da pasta: 3.BRUNO (G:/My Drive/XABLAU/3.BRUNO)
[2026-01-06 15:53:54] 🔎 Iniciando contagem da pasta: 1.LEIANES (G:/My Drive/XABLAU/1.LEIANES)
[2026-01-06 15:53:54] 🔎 Iniciando contagem da pasta: 2.EROS (G:/My Drive/XABLAU/2.EROS)
[2026-01-06 15:53:54] 🔎 Iniciando contagem da pasta: 4.MAYA (G:/My Drive/XABLAU/4.MAYA)
[2026-01-06 15:53:54] 🔎 Iniciando contagem da pasta: 5.CUSH (G:/My Drive/XABLAU/5.CUSH)
[2026-01-06 15:53:54] 🔎 Iniciando contagem da pasta: 6.ELIS (G:/My Drive/XABLAU/6.ELIS)
[2026-01-06 15:54:00] ✅ Contagem concluída: 4.MAYA -> 1198 páginas
[2026-01-06 15:54:07] ✅ Contagem concluída: 1.LEIANES -> 2379 páginas
[2026-01-06 15:54:14] ✅ Contagem concluída: 6.ELIS -> 1027 páginas
[2026-01-06 15:54:21] ✅ Contagem concluída: 3.BRUNO -> 7395 páginas
[2026-01-06 15:54:21] ✅ Contagem concluída: 2.EROS -> 8934 páginas
[2026-01-06 15:54:24] ✅ Contagem concluída: 5.CUSH -> 10141 páginas
[2026-01-06 15:54:24] 🔎 Iniciando contagem da pasta VICTORIA: 7.VICTORIA/1.RENOMEANDO (G:/My Drive/XABLAU/7.VICTORIA\1.RENOMEANDO)
[2026-01-06 15:54:24] 🔎 Iniciando contagem da pasta VICTORIA: 7.VICTORIA/2.RENOMEADOS (G:/My Drive/XABLAU/7.VICTORIA\2.RENOMEADOS)
[2026-01-06 15:54:34] ✅ Contagem VICTORIA concluída: 7.VICTORIA/1.RENOMEANDO -> 9146 páginas
[2026-01-06 15:54:38] ✅ Contagem VICTORIA concluída: 7.VICTORIA/2.RENOMEADOS -> 16786 páginas
[2026-01-06 15:54:38] ✅ Mensagem liberada para envio: Message differs and cooldown passed
[2026-01-06 15:54:38] 📨 Destino WhatsApp: tipo=group alvo=XABLAU UPDATES
[2026-01-06 15:54:38] Enviando resultados para WhatsApp...
[2026-01-06 15:54:38] ℹ️ Tamanho da mensagem: 467 caracteres
[2026-01-06 15:55:00] Message sent successfully to WhatsApp!
[2026-01-06 15:55:00] ℹ️ Saída do envio: WhatsApp connected!
Sending message to group: XABLAU UPDATES (id: 120363421676358028@g.us)
Message sent successfully! msgId: true_120363421676358028@g.us_3EB003BEB9F93F99522B72_174462209097938@lid chatId: 120363421676358028@g.us
Ack de entrega recebido (pelo menos chegou ao servidor).
[2026-01-06 16:00:22] Starting page count...
[2026-01-06 16:00:22] 📂 Pasta raiz configurada para contagem: G:/My Drive/XABLAU/
[2026-01-06 16:00:22] 📁 Pastas detectadas para contagem: 7
[2026-01-06 16:00:22] 🔎 Iniciando contagem da pasta: 3.BRUNO (G:/My Drive/XABLAU/3.BRUNO)
[2026-01-06 16:00:22] 🔎 Iniciando contagem da pasta: 1.LEIANES (G:/My Drive/XABLAU/1.LEIANES)
[2026-01-06 16:00:22] 🔎 Iniciando contagem da pasta: 2.EROS (G:/My Drive/XABLAU/2.EROS)
[2026-01-06 16:00:22] 🔎 Iniciando contagem da pasta: 4.MAYA (G:/My Drive/XABLAU/4.MAYA)
[2026-01-06 16:00:22] 🔎 Iniciando contagem da pasta: 5.CUSH (G:/My Drive/XABLAU/5.CUSH)
[2026-01-06 16:00:22] 🔎 Iniciando contagem da pasta: 6.ELIS (G:/My Drive/XABLAU/6.ELIS)
[2026-01-06 16:00:23] ✅ Contagem concluída: 4.MAYA -> 1198 páginas
[2026-01-06 16:00:25] ✅ Contagem concluída: 1.LEIANES -> 2379 páginas
[2026-01-06 16:00:26] ✅ Contagem concluída: 6.ELIS -> 1027 páginas
[2026-01-06 16:00:31] ✅ Contagem concluída: 3.BRUNO -> 7395 páginas
[2026-01-06 16:00:31] ✅ Contagem concluída: 2.EROS -> 8934 páginas
[2026-01-06 16:00:33] ✅ Contagem concluída: 5.CUSH -> 10141 páginas
[2026-01-06 16:00:33] 🔎 Iniciando contagem da pasta VICTORIA: 7.VICTORIA/1.RENOMEANDO (G:/My Drive/XABLAU/7.VICTORIA\1.RENOMEANDO)
[2026-01-06 16:00:33] 🔎 Iniciando contagem da pasta VICTORIA: 7.VICTORIA/2.RENOMEADOS (G:/My Drive/XABLAU/7.VICTORIA\2.RENOMEADOS)
[2026-01-06 16:00:40] ✅ Contagem VICTORIA concluída: 7.VICTORIA/1.RENOMEANDO -> 8158 páginas
[2026-01-06 16:00:45] ✅ Contagem VICTORIA concluída: 7.VICTORIA/2.RENOMEADOS -> 17774 páginas
[2026-01-06 16:00:45] ✅ Mensagem liberada para envio: Message differs and cooldown passed
[2026-01-06 16:00:45] 📨 Destino WhatsApp: tipo=group alvo=XABLAU UPDATES
[2026-01-06 16:00:45] Enviando resultados para WhatsApp...
[2026-01-06 16:00:45] ℹ️ Tamanho da mensagem: 467 caracteres
[2026-01-06 16:00:52] Message sent successfully to WhatsApp!
[2026-01-06 16:00:52] ℹ️ Saída do envio: WhatsApp connected!
Sending message to group: XABLAU UPDATES (id: 120363421676358028@g.us)
Message sent successfully! msgId: true_120363421676358028@g.us_3EB0E9891BB71F6CEDA9AD_174462209097938@lid chatId: 120363421676358028@g.us
Ack de entrega recebido (pelo menos chegou ao servidor).
[2026-01-06 17:57:24] Starting page count...
[2026-01-06 17:57:24] 📂 Pasta raiz configurada para contagem: G:/My Drive/XABLAU/
[2026-01-06 17:57:24] 📁 Pastas detectadas para contagem: 7
[2026-01-06 17:57:24] 🔎 Iniciando contagem da pasta: 3.BRUNO (G:/My Drive/XABLAU/3.BRUNO)
[2026-01-06 17:57:24] 🔎 Iniciando contagem da pasta: 1.LEIANES (G:/My Drive/XABLAU/1.LEIANES)
[2026-01-06 17:57:24] 🔎 Iniciando contagem da pasta: 2.EROS (G:/My Drive/XABLAU/2.EROS)
[2026-01-06 17:57:24] 🔎 Iniciando contagem da pasta: 4.MAYA (G:/My Drive/XABLAU/4.MAYA)
[2026-01-06 17:57:24] 🔎 Iniciando contagem da pasta: 5.CUSH (G:/My Drive/XABLAU/5.CUSH)
[2026-01-06 17:57:24] 🔎 Iniciando contagem da pasta: 6.ELIS (G:/My Drive/XABLAU/6.ELIS)
[2026-01-06 17:57:31] ✅ Contagem concluída: 4.MAYA -> 1198 páginas
[2026-01-06 17:57:40] ✅ Contagem concluída: 1.LEIANES -> 2379 páginas
[2026-01-06 17:57:47] ✅ Contagem concluída: 6.ELIS -> 1027 páginas
[2026-01-06 17:57:56] ✅ Contagem concluída: 3.BRUNO -> 7395 páginas
[2026-01-06 17:57:56] ✅ Contagem concluída: 2.EROS -> 8934 páginas
[2026-01-06 17:57:59] ✅ Contagem concluída: 5.CUSH -> 10141 páginas
[2026-01-06 17:57:59] 🔎 Iniciando contagem da pasta VICTORIA: 7.VICTORIA/1.RENOMEANDO (G:/My Drive/XABLAU/7.VICTORIA\1.RENOMEANDO)
[2026-01-06 17:57:59] 🔎 Iniciando contagem da pasta VICTORIA: 7.VICTORIA/2.RENOMEADOS (G:/My Drive/XABLAU/7.VICTORIA\2.RENOMEADOS)
[2026-01-06 17:58:07] ✅ Contagem VICTORIA concluída: 7.VICTORIA/1.RENOMEANDO -> 6330 páginas
[2026-01-06 17:58:15] ✅ Contagem VICTORIA concluída: 7.VICTORIA/2.RENOMEADOS -> 19602 páginas
[2026-01-06 17:58:15] ✅ Mensagem liberada para envio: Message differs and cooldown passed
[2026-01-06 17:58:15] 📨 Destino WhatsApp: tipo=group alvo=XABLAU UPDATES
[2026-01-06 17:58:15] Enviando resultados para WhatsApp...
[2026-01-06 17:58:15] ℹ️ Tamanho da mensagem: 469 caracteres
[2026-01-06 17:58:22] Message sent successfully to WhatsApp!
[2026-01-06 17:58:22] ℹ️ Saída do envio: WhatsApp connected!
Sending message to group: XABLAU UPDATES (id: 120363421676358028@g.us)
Message sent successfully! msgId: true_120363421676358028@g.us_3EB0D46DD07684A4FDDFB3_174462209097938@lid chatId: 120363421676358028@g.us
Ack de entrega recebido (pelo menos chegou ao servidor).
[2026-01-06 18:14:14] Starting page count...
[2026-01-06 18:14:14] 📂 Pasta raiz configurada para contagem: G:/My Drive/XABLAU/
[2026-01-06 18:14:14] 📁 Pastas detectadas para contagem: 7
[2026-01-06 18:14:14] 🔎 Iniciando contagem da pasta: 3.BRUNO (G:/My Drive/XABLAU/3.BRUNO)
[2026-01-06 18:14:14] 🔎 Iniciando contagem da pasta: 1.LEIANES (G:/My Drive/XABLAU/1.LEIANES)
[2026-01-06 18:14:14] 🔎 Iniciando contagem da pasta: 2.EROS (G:/My Drive/XABLAU/2.EROS)
[2026-01-06 18:14:14] 🔎 Iniciando contagem da pasta: 4.MAYA (G:/My Drive/XABLAU/4.MAYA)
[2026-01-06 18:14:14] 🔎 Iniciando contagem da pasta: 5.CUSH (G:/My Drive/XABLAU/5.CUSH)
[2026-01-06 18:14:14] 🔎 Iniciando contagem da pasta: 6.ELIS (G:/My Drive/XABLAU/6.ELIS)
[2026-01-06 18:14:15] ✅ Contagem concluída: 4.MAYA -> 1198 páginas
[2026-01-06 18:14:17] ✅ Contagem concluída: 1.LEIANES -> 2379 páginas
[2026-01-06 18:14:19] ✅ Contagem concluída: 6.ELIS -> 1027 páginas
[2026-01-06 18:14:24] ✅ Contagem concluída: 3.BRUNO -> 7395 páginas
[2026-01-06 18:14:25] ✅ Contagem concluída: 2.EROS -> 8934 páginas
[2026-01-06 18:14:28] ✅ Contagem concluída: 5.CUSH -> 10141 páginas
[2026-01-06 18:14:28] 🔎 Iniciando contagem da pasta VICTORIA: 7.VICTORIA/1.RENOMEANDO (G:/My Drive/XABLAU/7.VICTORIA\1.RENOMEANDO)
[2026-01-06 18:14:28] 🔎 Iniciando contagem da pasta VICTORIA: 7.VICTORIA/2.RENOMEADOS (G:/My Drive/XABLAU/7.VICTORIA\2.RENOMEADOS)
[2026-01-06 18:14:35] ✅ Contagem VICTORIA concluída: 7.VICTORIA/1.RENOMEANDO -> 6330 páginas
[2026-01-06 18:14:43] ✅ Contagem VICTORIA concluída: 7.VICTORIA/2.RENOMEADOS -> 19602 páginas
[2026-01-06 18:21:46] Starting page count...
[2026-01-06 18:21:46] 📂 Pasta raiz configurada para contagem: G:/My Drive/XABLAU/
[2026-01-06 18:21:46] 📁 Pastas detectadas para contagem: 7
[2026-01-06 18:21:46] 🔎 Iniciando contagem da pasta: 3.BRUNO (G:/My Drive/XABLAU/3.BRUNO)
[2026-01-06 18:21:46] 🔎 Iniciando contagem da pasta: 1.LEIANES (G:/My Drive/XABLAU/1.LEIANES)
[2026-01-06 18:21:46] 🔎 Iniciando contagem da pasta: 2.EROS (G:/My Drive/XABLAU/2.EROS)
[2026-01-06 18:21:46] 🔎 Iniciando contagem da pasta: 4.MAYA (G:/My Drive/XABLAU/4.MAYA)
[2026-01-06 18:21:46] 🔎 Iniciando contagem da pasta: 5.CUSH (G:/My Drive/XABLAU/5.CUSH)
[2026-01-06 18:21:46] 🔎 Iniciando contagem da pasta: 6.ELIS (G:/My Drive/XABLAU/6.ELIS)
[2026-01-06 18:21:48] ✅ Contagem concluída: 4.MAYA -> 1198 páginas
[2026-01-06 18:21:49] ✅ Contagem concluída: 1.LEIANES -> 2379 páginas
[2026-01-06 18:21:51] ✅ Contagem concluída: 6.ELIS -> 1027 páginas
[2026-01-06 18:21:56] ✅ Contagem concluída: 3.BRUNO -> 7395 páginas
[2026-01-06 18:21:56] ✅ Contagem concluída: 2.EROS -> 8934 páginas
[2026-01-06 18:21:59] ✅ Contagem concluída: 5.CUSH -> 10141 páginas
[2026-01-06 18:21:59] 🔎 Iniciando contagem da pasta VICTORIA: 7.VICTORIA/1.RENOMEANDO (G:/My Drive/XABLAU/7.VICTORIA\1.RENOMEANDO)
[2026-01-06 18:21:59] 🔎 Iniciando contagem da pasta VICTORIA: 7.VICTORIA/2.RENOMEADOS (G:/My Drive/XABLAU/7.VICTORIA\2.RENOMEADOS)
[2026-01-06 18:22:05] ✅ Contagem VICTORIA concluída: 7.VICTORIA/1.RENOMEANDO -> 6330 páginas
[2026-01-06 18:22:12] ✅ Contagem VICTORIA concluída: 7.VICTORIA/2.RENOMEADOS -> 19602 páginas
[2026-01-06 18:25:17] Starting page count...
[2026-01-06 18:25:17] 📂 Pasta raiz configurada para contagem: G:/My Drive/XABLAU/
[2026-01-06 18:25:17] 📁 Pastas detectadas para contagem: 7
[2026-01-06 18:25:17] 🔎 Iniciando contagem da pasta: 3.BRUNO (G:/My Drive/XABLAU/3.BRUNO)
[2026-01-06 18:25:17] 🔎 Iniciando contagem da pasta: 1.LEIANES (G:/My Drive/XABLAU/1.LEIANES)
[2026-01-06 18:25:17] 🔎 Iniciando contagem da pasta: 2.EROS (G:/My Drive/XABLAU/2.EROS)
[2026-01-06 18:25:17] 🔎 Iniciando contagem da pasta: 4.MAYA (G:/My Drive/XABLAU/4.MAYA)
[2026-01-06 18:25:17] 🔎 Iniciando contagem da pasta: 5.CUSH (G:/My Drive/XABLAU/5.CUSH)
[2026-01-06 18:25:17] 🔎 Iniciando contagem da pasta: 6.ELIS (G:/My Drive/XABLAU/6.ELIS)
[2026-01-06 18:25:19] ✅ Contagem concluída: 4.MAYA -> 1198 páginas
[2026-01-06 18:25:20] ✅ Contagem concluída: 1.LEIANES -> 2379 páginas
[2026-01-06 18:25:22] ✅ Contagem concluída: 6.ELIS -> 1027 páginas
[2026-01-06 18:25:27] ✅ Contagem concluída: 3.BRUNO -> 7395 páginas
[2026-01-06 18:25:27] ✅ Contagem concluída: 2.EROS -> 8934 páginas
[2026-01-06 18:25:30] ✅ Contagem concluída: 5.CUSH -> 10141 páginas
[2026-01-06 18:25:30] 🔎 Iniciando contagem da pasta VICTORIA: 7.VICTORIA/1.RENOMEANDO (G:/My Drive/XABLAU/7.VICTORIA\1.RENOMEANDO)
[2026-01-06 18:25:30] 🔎 Iniciando contagem da pasta VICTORIA: 7.VICTORIA/2.RENOMEADOS (G:/My Drive/XABLAU/7.VICTORIA\2.RENOMEADOS)
[2026-01-06 18:25:35] ✅ Contagem VICTORIA concluída: 7.VICTORIA/1.RENOMEANDO -> 5271 páginas
[2026-01-06 18:25:43] ✅ Contagem VICTORIA concluída: 7.VICTORIA/2.RENOMEADOS -> 20661 páginas
[2026-01-06 18:25:43] ✅ Mensagem liberada para envio: Message differs and cooldown passed
[2026-01-06 18:25:43] 📨 Destino WhatsApp: tipo=group alvo=XABLAU UPDATES
[2026-01-06 18:25:43] Enviando resultados para WhatsApp...
[2026-01-06 18:25:43] ℹ️ Tamanho da mensagem: 469 caracteres
[2026-01-06 18:25:51] Message sent successfully to WhatsApp!
[2026-01-06 18:25:51] ℹ️ Saída do envio: WhatsApp connected!
Sending message to group: XABLAU UPDATES (id: 120363421676358028@g.us)
Message sent successfully! msgId: true_120363421676358028@g.us_3EB0AEB4C2F9359C4A728F_174462209097938@lid chatId: 120363421676358028@g.us
Ack de entrega recebido (pelo menos chegou ao servidor).
[2026-01-06 18:42:10] Starting page count...
[2026-01-06 18:42:10] 📂 Pasta raiz configurada para contagem: G:/My Drive/XABLAU/
[2026-01-06 18:42:10] 📁 Pastas detectadas para contagem: 7
[2026-01-06 18:42:10] 🔎 Iniciando contagem da pasta: 3.BRUNO (G:/My Drive/XABLAU/3.BRUNO)
[2026-01-06 18:42:10] 🔎 Iniciando contagem da pasta: 1.LEIANES (G:/My Drive/XABLAU/1.LEIANES)
[2026-01-06 18:42:10] 🔎 Iniciando contagem da pasta: 2.EROS (G:/My Drive/XABLAU/2.EROS)
[2026-01-06 18:42:10] 🔎 Iniciando contagem da pasta: 4.MAYA (G:/My Drive/XABLAU/4.MAYA)
[2026-01-06 18:42:10] 🔎 Iniciando contagem da pasta: 5.CUSH (G:/My Drive/XABLAU/5.CUSH)
[2026-01-06 18:42:10] 🔎 Iniciando contagem da pasta: 6.ELIS (G:/My Drive/XABLAU/6.ELIS)
[2026-01-06 18:42:11] ✅ Contagem concluída: 4.MAYA -> 1198 páginas
[2026-01-06 18:42:13] ✅ Contagem concluída: 1.LEIANES -> 2379 páginas
[2026-01-06 18:42:14] ✅ Contagem concluída: 6.ELIS -> 1027 páginas
[2026-01-06 18:42:20] ✅ Contagem concluída: 3.BRUNO -> 7395 páginas
[2026-01-06 18:42:20] ✅ Contagem concluída: 2.EROS -> 8934 páginas
[2026-01-06 18:42:23] ✅ Contagem concluída: 5.CUSH -> 10141 páginas
[2026-01-06 18:42:23] 🔎 Iniciando contagem da pasta VICTORIA: 7.VICTORIA/1.RENOMEANDO (G:/My Drive/XABLAU/7.VICTORIA\1.RENOMEANDO)
[2026-01-06 18:42:23] 🔎 Iniciando contagem da pasta VICTORIA: 7.VICTORIA/2.RENOMEADOS (G:/My Drive/XABLAU/7.VICTORIA\2.RENOMEADOS)
[2026-01-06 18:42:28] ✅ Contagem VICTORIA concluída: 7.VICTORIA/1.RENOMEANDO -> 5271 páginas
[2026-01-06 18:42:36] ✅ Contagem VICTORIA concluída: 7.VICTORIA/2.RENOMEADOS -> 20661 páginas
[2026-01-06 18:46:41] Starting page count...
[2026-01-06 18:46:41] 📂 Pasta raiz configurada para contagem: G:/My Drive/XABLAU/
[2026-01-06 18:46:41] 📁 Pastas detectadas para contagem: 7
[2026-01-06 18:46:41] 🔎 Iniciando contagem da pasta: 3.BRUNO (G:/My Drive/XABLAU/3.BRUNO)
[2026-01-06 18:46:41] 🔎 Iniciando contagem da pasta: 1.LEIANES (G:/My Drive/XABLAU/1.LEIANES)
[2026-01-06 18:46:41] 🔎 Iniciando contagem da pasta: 2.EROS (G:/My Drive/XABLAU/2.EROS)
[2026-01-06 18:46:41] 🔎 Iniciando contagem da pasta: 4.MAYA (G:/My Drive/XABLAU/4.MAYA)
[2026-01-06 18:46:41] 🔎 Iniciando contagem da pasta: 5.CUSH (G:/My Drive/XABLAU/5.CUSH)
[2026-01-06 18:46:41] 🔎 Iniciando contagem da pasta: 6.ELIS (G:/My Drive/XABLAU/6.ELIS)
[2026-01-06 18:46:42] ✅ Contagem concluída: 4.MAYA -> 1198 páginas
[2026-01-06 18:46:44] ✅ Contagem concluída: 1.LEIANES -> 2379 páginas
[2026-01-06 18:46:45] ✅ Contagem concluída: 6.ELIS -> 1027 páginas
[2026-01-06 18:46:50] ✅ Contagem concluída: 3.BRUNO -> 7395 páginas
[2026-01-06 18:46:50] ✅ Contagem concluída: 2.EROS -> 8934 páginas
[2026-01-06 18:46:53] ✅ Contagem concluída: 5.CUSH -> 10141 páginas
[2026-01-06 18:46:53] 🔎 Iniciando contagem da pasta VICTORIA: 7.VICTORIA/1.RENOMEANDO (G:/My Drive/XABLAU/7.VICTORIA\1.RENOMEANDO)
[2026-01-06 18:46:53] 🔎 Iniciando contagem da pasta VICTORIA: 7.VICTORIA/2.RENOMEADOS (G:/My Drive/XABLAU/7.VICTORIA\2.RENOMEADOS)
[2026-01-06 18:46:58] ✅ Contagem VICTORIA concluída: 7.VICTORIA/1.RENOMEANDO -> 5271 páginas
[2026-01-06 18:47:06] ✅ Contagem VICTORIA concluída: 7.VICTORIA/2.RENOMEADOS -> 20661 páginas
[2026-01-06 18:54:59] Starting page count...
[2026-01-06 18:54:59] 📂 Pasta raiz configurada para contagem: G:/My Drive/XABLAU/
[2026-01-06 18:54:59] 📁 Pastas detectadas para contagem: 7
[2026-01-06 18:54:59] 🔎 Iniciando contagem da pasta: 3.BRUNO (G:/My Drive/XABLAU/3.BRUNO)
[2026-01-06 18:54:59] 🔎 Iniciando contagem da pasta: 1.LEIANES (G:/My Drive/XABLAU/1.LEIANES)
[2026-01-06 18:54:59] 🔎 Iniciando contagem da pasta: 2.EROS (G:/My Drive/XABLAU/2.EROS)
[2026-01-06 18:54:59] 🔎 Iniciando contagem da pasta: 4.MAYA (G:/My Drive/XABLAU/4.MAYA)
[2026-01-06 18:54:59] 🔎 Iniciando contagem da pasta: 5.CUSH (G:/My Drive/XABLAU/5.CUSH)
[2026-01-06 18:54:59] 🔎 Iniciando contagem da pasta: 6.ELIS (G:/My Drive/XABLAU/6.ELIS)
[2026-01-06 18:55:01] ✅ Contagem concluída: 4.MAYA -> 1198 páginas
[2026-01-06 18:55:02] ✅ Contagem concluída: 1.LEIANES -> 2379 páginas
[2026-01-06 18:55:04] ✅ Contagem concluída: 6.ELIS -> 1027 páginas
[2026-01-06 18:55:10] ✅ Contagem concluída: 3.BRUNO -> 7395 páginas
[2026-01-06 18:55:10] ✅ Contagem concluída: 2.EROS -> 8934 páginas
[2026-01-06 18:55:13] ✅ Contagem concluída: 5.CUSH -> 10141 páginas
[2026-01-06 18:55:13] 🔎 Iniciando contagem da pasta VICTORIA: 7.VICTORIA/1.RENOMEANDO (G:/My Drive/XABLAU/7.VICTORIA\1.RENOMEANDO)
[2026-01-06 18:55:13] 🔎 Iniciando contagem da pasta VICTORIA: 7.VICTORIA/2.RENOMEADOS (G:/My Drive/XABLAU/7.VICTORIA\2.RENOMEADOS)
[2026-01-06 18:55:18] ✅ Contagem VICTORIA concluída: 7.VICTORIA/1.RENOMEANDO -> 4402 páginas
[2026-01-06 18:55:29] ✅ Contagem VICTORIA concluída: 7.VICTORIA/2.RENOMEADOS -> 21530 páginas
[2026-01-06 18:55:29] ✅ Mensagem liberada para envio: Message differs and cooldown passed
[2026-01-06 18:55:29] 📨 Destino WhatsApp: tipo=group alvo=XABLAU UPDATES
[2026-01-06 18:55:29] Enviando resultados para WhatsApp...
[2026-01-06 18:55:29] ℹ️ Tamanho da mensagem: 467 caracteres
[2026-01-06 18:55:39] Message sent successfully to WhatsApp!
[2026-01-06 18:55:39] ℹ️ Saída do envio: WhatsApp connected!
Sending message to group: XABLAU UPDATES (id: 120363421676358028@g.us)
Message sent successfully! msgId: true_120363421676358028@g.us_3EB0517B19B4B79ABAAC0E_174462209097938@lid chatId: 120363421676358028@g.us
Ack de entrega recebido (pelo menos chegou ao servidor).
[2026-01-06 19:43:59] Starting page count...
[2026-01-06 19:43:59] 📂 Pasta raiz configurada para contagem: G:/My Drive/XABLAU/
[2026-01-06 19:43:59] 📁 Pastas detectadas para contagem: 7
[2026-01-06 19:43:59] 🔎 Iniciando contagem da pasta: 3.BRUNO (G:/My Drive/XABLAU/3.BRUNO)
[2026-01-06 19:43:59] 🔎 Iniciando contagem da pasta: 1.LEIANES (G:/My Drive/XABLAU/1.LEIANES)
[2026-01-06 19:43:59] 🔎 Iniciando contagem da pasta: 2.EROS (G:/My Drive/XABLAU/2.EROS)
[2026-01-06 19:43:59] 🔎 Iniciando contagem da pasta: 4.MAYA (G:/My Drive/XABLAU/4.MAYA)
[2026-01-06 19:43:59] 🔎 Iniciando contagem da pasta: 5.CUSH (G:/My Drive/XABLAU/5.CUSH)
[2026-01-06 19:43:59] 🔎 Iniciando contagem da pasta: 6.ELIS (G:/My Drive/XABLAU/6.ELIS)
[2026-01-06 19:44:00] ✅ Contagem concluída: 4.MAYA -> 1198 páginas
[2026-01-06 19:44:02] ✅ Contagem concluída: 1.LEIANES -> 2379 páginas
[2026-01-06 19:44:04] ✅ Contagem concluída: 6.ELIS -> 1027 páginas
[2026-01-06 19:44:09] ✅ Contagem concluída: 3.BRUNO -> 7395 páginas
[2026-01-06 19:44:09] ✅ Contagem concluída: 2.EROS -> 8934 páginas
[2026-01-06 19:44:12] ✅ Contagem concluída: 5.CUSH -> 10141 páginas
[2026-01-06 19:44:12] 🔎 Iniciando contagem da pasta VICTORIA: 7.VICTORIA/1.RENOMEANDO (G:/My Drive/XABLAU/7.VICTORIA\1.RENOMEANDO)
[2026-01-06 19:44:12] 🔎 Iniciando contagem da pasta VICTORIA: 7.VICTORIA/2.RENOMEADOS (G:/My Drive/XABLAU/7.VICTORIA\2.RENOMEADOS)
[2026-01-06 19:44:15] ✅ Contagem VICTORIA concluída: 7.VICTORIA/1.RENOMEANDO -> 3198 páginas
[2026-01-06 19:44:29] ✅ Contagem VICTORIA concluída: 7.VICTORIA/2.RENOMEADOS -> 22734 páginas
[2026-01-06 19:44:29] ✅ Mensagem liberada para envio: Message differs and cooldown passed
[2026-01-06 19:44:29] 📨 Destino WhatsApp: tipo=group alvo=XABLAU UPDATES
[2026-01-06 19:44:29] Enviando resultados para WhatsApp...
[2026-01-06 19:44:29] ℹ️ Tamanho da mensagem: 469 caracteres
[2026-01-06 19:44:38] Message sent successfully to WhatsApp!
[2026-01-06 19:44:38] ℹ️ Saída do envio: WhatsApp connected!
Sending message to group: XABLAU UPDATES (id: 120363421676358028@g.us)
Message sent successfully! msgId: true_120363421676358028@g.us_3EB07AD7AD06E0FD867C3C_174462209097938@lid chatId: 120363421676358028@g.us
Ack de entrega recebido (pelo menos chegou ao servidor).
[2026-01-06 20:02:06] Starting page count...
[2026-01-06 20:02:06] 📂 Pasta raiz configurada para contagem: G:/My Drive/XABLAU/
[2026-01-06 20:02:06] 📁 Pastas detectadas para contagem: 7
[2026-01-06 20:02:06] 🔎 Iniciando contagem da pasta: 3.BRUNO (G:/My Drive/XABLAU/3.BRUNO)
[2026-01-06 20:02:06] 🔎 Iniciando contagem da pasta: 1.LEIANES (G:/My Drive/XABLAU/1.LEIANES)
[2026-01-06 20:02:06] 🔎 Iniciando contagem da pasta: 2.EROS (G:/My Drive/XABLAU/2.EROS)
[2026-01-06 20:02:06] 🔎 Iniciando contagem da pasta: 4.MAYA (G:/My Drive/XABLAU/4.MAYA)
[2026-01-06 20:02:06] 🔎 Iniciando contagem da pasta: 5.CUSH (G:/My Drive/XABLAU/5.CUSH)
[2026-01-06 20:02:06] 🔎 Iniciando contagem da pasta: 6.ELIS (G:/My Drive/XABLAU/6.ELIS)
[2026-01-06 20:02:07] ✅ Contagem concluída: 4.MAYA -> 1198 páginas
[2026-01-06 20:02:09] ✅ Contagem concluída: 1.LEIANES -> 2379 páginas
[2026-01-06 20:02:11] ✅ Contagem concluída: 6.ELIS -> 1027 páginas
[2026-01-06 20:02:16] ✅ Contagem concluída: 3.BRUNO -> 7395 páginas
[2026-01-06 20:02:16] ✅ Contagem concluída: 2.EROS -> 8934 páginas
[2026-01-06 20:02:19] ✅ Contagem concluída: 5.CUSH -> 10141 páginas
[2026-01-06 20:02:19] 🔎 Iniciando contagem da pasta VICTORIA: 7.VICTORIA/1.RENOMEANDO (G:/My Drive/XABLAU/7.VICTORIA\1.RENOMEANDO)
[2026-01-06 20:02:19] 🔎 Iniciando contagem da pasta VICTORIA: 7.VICTORIA/2.RENOMEADOS (G:/My Drive/XABLAU/7.VICTORIA\2.RENOMEADOS)
[2026-01-06 20:02:27] ✅ Contagem VICTORIA concluída: 7.VICTORIA/1.RENOMEANDO -> 8340 páginas
[2026-01-06 20:02:37] ✅ Contagem VICTORIA concluída: 7.VICTORIA/2.RENOMEADOS -> 22734 páginas
[2026-01-06 20:02:37] ✅ Mensagem liberada para envio: Message differs and cooldown passed
[2026-01-06 20:02:37] 📨 Destino WhatsApp: tipo=group alvo=XABLAU UPDATES
[2026-01-06 20:02:37] Enviando resultados para WhatsApp...
[2026-01-06 20:02:37] ℹ️ Tamanho da mensagem: 487 caracteres
[2026-01-06 20:02:45] Message sent successfully to WhatsApp!
[2026-01-06 20:02:45] ℹ️ Saída do envio: WhatsApp connected!
Sending message to group: XABLAU UPDATES (id: 120363421676358028@g.us)
Message sent successfully! msgId: true_120363421676358028@g.us_3EB0A11DBCA63C55FCD09E_174462209097938@lid chatId: 120363421676358028@g.us
Ack de entrega recebido (pelo menos chegou ao servidor).
[2026-01-06 23:43:50] Starting page count...
[2026-01-06 23:43:50] 📂 Pasta raiz configurada para contagem: G:/My Drive/XABLAU/
[2026-01-06 23:43:50] 📁 Pastas detectadas para contagem: 7
[2026-01-06 23:43:50] 🔎 Iniciando contagem da pasta: 3.BRUNO (G:/My Drive/XABLAU/3.BRUNO)
[2026-01-06 23:43:50] 🔎 Iniciando contagem da pasta: 1.LEIANES (G:/My Drive/XABLAU/1.LEIANES)
[2026-01-06 23:43:50] 🔎 Iniciando contagem da pasta: 2.EROS (G:/My Drive/XABLAU/2.EROS)
[2026-01-06 23:43:50] 🔎 Iniciando contagem da pasta: 4.MAYA (G:/My Drive/XABLAU/4.MAYA)
[2026-01-06 23:43:50] 🔎 Iniciando contagem da pasta: 5.CUSH (G:/My Drive/XABLAU/5.CUSH)
[2026-01-06 23:43:50] 🔎 Iniciando contagem da pasta: 6.ELIS (G:/My Drive/XABLAU/6.ELIS)
[2026-01-06 23:43:52] ✅ Contagem concluída: 4.MAYA -> 1198 páginas
[2026-01-06 23:43:54] ✅ Contagem concluída: 1.LEIANES -> 2379 páginas
[2026-01-06 23:43:56] ✅ Contagem concluída: 6.ELIS -> 1027 páginas
[2026-01-06 23:44:04] ✅ Contagem concluída: 2.EROS -> 8934 páginas
[2026-01-06 23:44:04] ✅ Contagem concluída: 3.BRUNO -> 8120 páginas
[2026-01-06 23:44:07] ✅ Contagem concluída: 5.CUSH -> 10141 páginas
[2026-01-06 23:44:07] 🔎 Iniciando contagem da pasta VICTORIA: 7.VICTORIA/1.RENOMEANDO (G:/My Drive/XABLAU/7.VICTORIA\1.RENOMEANDO)
[2026-01-06 23:44:07] 🔎 Iniciando contagem da pasta VICTORIA: 7.VICTORIA/2.RENOMEADOS (G:/My Drive/XABLAU/7.VICTORIA\2.RENOMEADOS)
[2026-01-06 23:44:15] ✅ Contagem VICTORIA concluída: 7.VICTORIA/1.RENOMEANDO -> 8340 páginas
[2026-01-06 23:44:27] ✅ Contagem VICTORIA concluída: 7.VICTORIA/2.RENOMEADOS -> 22734 páginas
[2026-01-06 23:44:27] ✅ Mensagem liberada para envio: Message differs and cooldown passed
[2026-01-06 23:44:27] 📨 Destino WhatsApp: tipo=group alvo=XABLAU UPDATES
[2026-01-06 23:44:27] Enviando resultados para WhatsApp...
[2026-01-06 23:44:27] ℹ️ Tamanho da mensagem: 482 caracteres
[2026-01-06 23:44:35] Message sent successfully to WhatsApp!
[2026-01-06 23:44:35] ℹ️ Saída do envio: WhatsApp connected!
Sending message to group: XABLAU UPDATES (id: 120363421676358028@g.us)
Message sent successfully! msgId: true_120363421676358028@g.us_3EB0629DC38C10C9B45239_174462209097938@lid chatId: 120363421676358028@g.us
Ack de entrega recebido (pelo menos chegou ao servidor).
[2026-01-06 23:49:16] Starting page count...
[2026-01-06 23:49:16] 📂 Pasta raiz configurada para contagem: G:/My Drive/XABLAU/
[2026-01-06 23:49:16] 📁 Pastas detectadas para contagem: 7
[2026-01-06 23:49:16] 🔎 Iniciando contagem da pasta: 3.BRUNO (G:/My Drive/XABLAU/3.BRUNO)
[2026-01-06 23:49:16] 🔎 Iniciando contagem da pasta: 1.LEIANES (G:/My Drive/XABLAU/1.LEIANES)
[2026-01-06 23:49:16] 🔎 Iniciando contagem da pasta: 2.EROS (G:/My Drive/XABLAU/2.EROS)
[2026-01-06 23:49:16] 🔎 Iniciando contagem da pasta: 4.MAYA (G:/My Drive/XABLAU/4.MAYA)
[2026-01-06 23:49:16] 🔎 Iniciando contagem da pasta: 5.CUSH (G:/My Drive/XABLAU/5.CUSH)
[2026-01-06 23:49:16] 🔎 Iniciando contagem da pasta: 6.ELIS (G:/My Drive/XABLAU/6.ELIS)
[2026-01-06 23:49:17] ✅ Contagem concluída: 4.MAYA -> 1198 páginas
[2026-01-06 23:49:19] ✅ Contagem concluída: 1.LEIANES -> 2379 páginas
[2026-01-06 23:49:21] ✅ Contagem concluída: 6.ELIS -> 1027 páginas
[2026-01-06 23:49:27] ✅ Contagem concluída: 2.EROS -> 8934 páginas
[2026-01-06 23:49:27] ✅ Contagem concluída: 3.BRUNO -> 8120 páginas
[2026-01-06 23:49:30] ✅ Contagem concluída: 5.CUSH -> 10141 páginas
[2026-01-06 23:49:30] 🔎 Iniciando contagem da pasta VICTORIA: 7.VICTORIA/1.RENOMEANDO (G:/My Drive/XABLAU/7.VICTORIA\1.RENOMEANDO)
[2026-01-06 23:49:30] 🔎 Iniciando contagem da pasta VICTORIA: 7.VICTORIA/2.RENOMEADOS (G:/My Drive/XABLAU/7.VICTORIA\2.RENOMEADOS)
[2026-01-06 23:49:38] ✅ Contagem VICTORIA concluída: 7.VICTORIA/1.RENOMEANDO -> 8340 páginas
[2026-01-06 23:49:49] ✅ Contagem VICTORIA concluída: 7.VICTORIA/2.RENOMEADOS -> 22734 páginas
[2026-01-07 10:06:42] Starting page count...
[2026-01-07 10:06:42] 📂 Pasta raiz configurada para contagem: G:/My Drive/XABLAU/
[2026-01-07 10:06:42] 📁 Pastas detectadas para contagem: 7
[2026-01-07 10:06:42] 🔎 Iniciando contagem da pasta: 3.BRUNO (G:/My Drive/XABLAU/3.BRUNO)
[2026-01-07 10:06:42] 🔎 Iniciando contagem da pasta: 1.LEIANES (G:/My Drive/XABLAU/1.LEIANES)
[2026-01-07 10:06:42] 🔎 Iniciando contagem da pasta: 2.EROS (G:/My Drive/XABLAU/2.EROS)
[2026-01-07 10:06:42] 🔎 Iniciando contagem da pasta: 4.MAYA (G:/My Drive/XABLAU/4.MAYA)
[2026-01-07 10:06:42] 🔎 Iniciando contagem da pasta: 5.CUSH (G:/My Drive/XABLAU/5.CUSH)
[2026-01-07 10:06:42] 🔎 Iniciando contagem da pasta: 6.ELIS (G:/My Drive/XABLAU/6.ELIS)
[2026-01-07 10:06:49] ✅ Contagem concluída: 4.MAYA -> 1198 páginas
[2026-01-07 10:06:57] ✅ Contagem concluída: 1.LEIANES -> 2379 páginas
[2026-01-07 10:07:06] ✅ Contagem concluída: 6.ELIS -> 1027 páginas
[2026-01-07 10:07:41] ✅ Contagem concluída: 2.EROS -> 8934 páginas
[2026-01-07 10:07:44] ✅ Contagem concluída: 3.BRUNO -> 8120 páginas
[2026-01-07 10:07:53] ✅ Contagem concluída: 5.CUSH -> 10141 páginas
[2026-01-07 10:07:53] 🔎 Iniciando contagem da pasta VICTORIA: 7.VICTORIA/1.RENOMEANDO (G:/My Drive/XABLAU/7.VICTORIA\1.RENOMEANDO)
[2026-01-07 10:07:53] 🔎 Iniciando contagem da pasta VICTORIA: 7.VICTORIA/2.RENOMEADOS (G:/My Drive/XABLAU/7.VICTORIA\2.RENOMEADOS)
[2026-01-07 10:08:24] ✅ Contagem VICTORIA concluída: 7.VICTORIA/1.RENOMEANDO -> 8340 páginas
[2026-01-07 10:08:59] ✅ Contagem VICTORIA concluída: 7.VICTORIA/2.RENOMEADOS -> 22734 páginas
[2026-01-07 12:08:57] Starting page count...
[2026-01-07 12:08:57] 📂 Pasta raiz configurada para contagem: G:/My Drive/XABLAU/
[2026-01-07 12:08:57] 📁 Pastas detectadas para contagem: 7
[2026-01-07 12:08:57] 🔎 Iniciando contagem da pasta: 3.BRUNO (G:/My Drive/XABLAU/3.BRUNO)
[2026-01-07 12:08:57] 🔎 Iniciando contagem da pasta: 1.LEIANES (G:/My Drive/XABLAU/1.LEIANES)
[2026-01-07 12:08:57] 🔎 Iniciando contagem da pasta: 2.EROS (G:/My Drive/XABLAU/2.EROS)
[2026-01-07 12:08:57] 🔎 Iniciando contagem da pasta: 4.MAYA (G:/My Drive/XABLAU/4.MAYA)
[2026-01-07 12:08:57] 🔎 Iniciando contagem da pasta: 5.CUSH (G:/My Drive/XABLAU/5.CUSH)
[2026-01-07 12:08:57] 🔎 Iniciando contagem da pasta: 6.ELIS (G:/My Drive/XABLAU/6.ELIS)
[2026-01-07 12:09:03] ✅ Contagem concluída: 4.MAYA -> 1198 páginas
[2026-01-07 12:09:11] ✅ Contagem concluída: 1.LEIANES -> 2379 páginas
[2026-01-07 12:09:18] ✅ Contagem concluída: 6.ELIS -> 1027 páginas
[2026-01-07 12:09:42] ✅ Contagem concluída: 2.EROS -> 8934 páginas
[2026-01-07 12:09:44] ✅ Contagem concluída: 3.BRUNO -> 8120 páginas
[2026-01-07 12:09:49] ✅ Contagem concluída: 5.CUSH -> 10141 páginas
[2026-01-07 12:09:49] 🔎 Iniciando contagem da pasta VICTORIA: 7.VICTORIA/1.RENOMEANDO (G:/My Drive/XABLAU/7.VICTORIA\1.RENOMEANDO)
[2026-01-07 12:09:49] 🔎 Iniciando contagem da pasta VICTORIA: 7.VICTORIA/2.RENOMEADOS (G:/My Drive/XABLAU/7.VICTORIA\2.RENOMEADOS)
[2026-01-07 12:10:02] ✅ Contagem VICTORIA concluída: 7.VICTORIA/1.RENOMEANDO -> 6751 páginas
[2026-01-07 12:10:16] ✅ Contagem VICTORIA concluída: 7.VICTORIA/2.RENOMEADOS -> 24318 páginas
[2026-01-07 12:10:16] ✅ Mensagem liberada para envio: Message differs and cooldown passed
[2026-01-07 12:10:16] 📨 Destino WhatsApp: tipo=group alvo=XABLAU UPDATES
[2026-01-07 12:10:16] Enviando resultados para WhatsApp...
[2026-01-07 12:10:16] ℹ️ Tamanho da mensagem: 492 caracteres
[2026-01-07 12:10:30] Message sent successfully to WhatsApp!
[2026-01-07 12:10:30] ℹ️ Saída do envio: WhatsApp connected!
Sending message to group: XABLAU UPDATES (id: 120363421676358028@g.us)
Message sent successfully! msgId: true_120363421676358028@g.us_3EB0733ADB0699E91964BF_174462209097938@lid chatId: 120363421676358028@g.us
Ack de entrega recebido (pelo menos chegou ao servidor).
[2026-01-07 12:27:52] Starting page count...
[2026-01-07 12:27:52] 📂 Pasta raiz configurada para contagem: G:/My Drive/XABLAU/
[2026-01-07 12:27:52] 📁 Pastas detectadas para contagem: 7
[2026-01-07 12:27:52] 🔎 Iniciando contagem da pasta: 3.BRUNO (G:/My Drive/XABLAU/3.BRUNO)
[2026-01-07 12:27:52] 🔎 Iniciando contagem da pasta: 1.LEIANES (G:/My Drive/XABLAU/1.LEIANES)
[2026-01-07 12:27:52] 🔎 Iniciando contagem da pasta: 2.EROS (G:/My Drive/XABLAU/2.EROS)
[2026-01-07 12:27:52] 🔎 Iniciando contagem da pasta: 4.MAYA (G:/My Drive/XABLAU/4.MAYA)
[2026-01-07 12:27:52] 🔎 Iniciando contagem da pasta: 5.CUSH (G:/My Drive/XABLAU/5.CUSH)
[2026-01-07 12:27:52] 🔎 Iniciando contagem da pasta: 6.ELIS (G:/My Drive/XABLAU/6.ELIS)
[2026-01-07 12:27:53] ✅ Contagem concluída: 4.MAYA -> 1198 páginas
[2026-01-07 12:27:55] ✅ Contagem concluída: 1.LEIANES -> 2379 páginas
[2026-01-07 12:27:56] ✅ Contagem concluída: 6.ELIS -> 1027 páginas
[2026-01-07 12:28:03] ✅ Contagem concluída: 2.EROS -> 8934 páginas
[2026-01-07 12:28:03] ✅ Contagem concluída: 3.BRUNO -> 8120 páginas
[2026-01-07 12:28:06] ✅ Contagem concluída: 5.CUSH -> 10141 páginas
[2026-01-07 12:28:06] 🔎 Iniciando contagem da pasta VICTORIA: 7.VICTORIA/1.RENOMEANDO (G:/My Drive/XABLAU/7.VICTORIA\1.RENOMEANDO)
[2026-01-07 12:28:06] 🔎 Iniciando contagem da pasta VICTORIA: 7.VICTORIA/2.RENOMEADOS (G:/My Drive/XABLAU/7.VICTORIA\2.RENOMEADOS)
[2026-01-07 12:28:11] ✅ Contagem VICTORIA concluída: 7.VICTORIA/1.RENOMEANDO -> 5959 páginas
[2026-01-07 12:28:23] ✅ Contagem VICTORIA concluída: 7.VICTORIA/2.RENOMEADOS -> 25115 páginas
[2026-01-07 12:28:23] ✅ Mensagem liberada para envio: Message differs and cooldown passed
[2026-01-07 12:28:23] 📨 Destino WhatsApp: tipo=group alvo=XABLAU UPDATES
[2026-01-07 12:28:23] Enviando resultados para WhatsApp...
[2026-01-07 12:28:23] ℹ️ Tamanho da mensagem: 490 caracteres
[2026-01-07 12:28:29] Message sent successfully to WhatsApp!
[2026-01-07 12:28:29] ℹ️ Saída do envio: WhatsApp connected!
Sending message to group: XABLAU UPDATES (id: 120363421676358028@g.us)
Message sent successfully! msgId: true_120363421676358028@g.us_3EB0AE83AF4C64813EA24F_174462209097938@lid chatId: 120363421676358028@g.us
Ack de entrega recebido (pelo menos chegou ao servidor).
[2026-01-07 13:05:09] Starting page count...
[2026-01-07 13:05:09] 📂 Pasta raiz configurada para contagem: G:/My Drive/XABLAU/
[2026-01-07 13:05:09] 📁 Pastas detectadas para contagem: 7
[2026-01-07 13:05:09] 🔎 Iniciando contagem da pasta: 3.BRUNO (G:/My Drive/XABLAU/3.BRUNO)
[2026-01-07 13:05:09] 🔎 Iniciando contagem da pasta: 1.LEIANES (G:/My Drive/XABLAU/1.LEIANES)
[2026-01-07 13:05:09] 🔎 Iniciando contagem da pasta: 2.EROS (G:/My Drive/XABLAU/2.EROS)
[2026-01-07 13:05:09] 🔎 Iniciando contagem da pasta: 4.MAYA (G:/My Drive/XABLAU/4.MAYA)
[2026-01-07 13:05:09] 🔎 Iniciando contagem da pasta: 5.CUSH (G:/My Drive/XABLAU/5.CUSH)
[2026-01-07 13:05:09] 🔎 Iniciando contagem da pasta: 6.ELIS (G:/My Drive/XABLAU/6.ELIS)
[2026-01-07 13:05:14] ✅ Contagem concluída: 4.MAYA -> 1198 páginas
[2026-01-07 13:05:21] ✅ Contagem concluída: 1.LEIANES -> 2379 páginas
[2026-01-07 13:05:28] ✅ Contagem concluída: 6.ELIS -> 1027 páginas
[2026-01-07 13:05:50] ✅ Contagem concluída: 2.EROS -> 8934 páginas
[2026-01-07 13:05:52] ✅ Contagem concluída: 3.BRUNO -> 8127 páginas
[2026-01-07 13:05:59] ✅ Contagem concluída: 5.CUSH -> 10141 páginas
[2026-01-07 13:05:59] 🔎 Iniciando contagem da pasta VICTORIA: 7.VICTORIA/1.RENOMEANDO (G:/My Drive/XABLAU/7.VICTORIA\1.RENOMEANDO)
[2026-01-07 13:05:59] 🔎 Iniciando contagem da pasta VICTORIA: 7.VICTORIA/2.RENOMEADOS (G:/My Drive/XABLAU/7.VICTORIA\2.RENOMEADOS)
[2026-01-07 13:06:12] ✅ Contagem VICTORIA concluída: 7.VICTORIA/1.RENOMEANDO -> 4351 páginas
[2026-01-07 13:06:54] ✅ Contagem VICTORIA concluída: 7.VICTORIA/2.RENOMEADOS -> 26728 páginas
[2026-01-07 13:06:54] ✅ Mensagem liberada para envio: Message differs and cooldown passed
[2026-01-07 13:06:54] 📨 Destino WhatsApp: tipo=group alvo=XABLAU UPDATES
[2026-01-07 13:06:54] Enviando resultados para WhatsApp...
[2026-01-07 13:06:54] ℹ️ Tamanho da mensagem: 517 caracteres
[2026-01-07 13:07:13] Message sent successfully to WhatsApp!
[2026-01-07 13:07:13] ℹ️ Saída do envio: WhatsApp connected!
Sending message to group: XABLAU UPDATES (id: 120363421676358028@g.us)
Message sent successfully! msgId: true_120363421676358028@g.us_3EB0A6CC2334DBE595899F_174462209097938@lid chatId: 120363421676358028@g.us
Ack de entrega recebido (pelo menos chegou ao servidor).
[2026-01-07 13:28:24] Starting page count...
[2026-01-07 13:28:24] 📂 Pasta raiz configurada para contagem: G:/My Drive/XABLAU/
[2026-01-07 13:28:24] 📁 Pastas detectadas para contagem: 7
[2026-01-07 13:28:24] 🔎 Iniciando contagem da pasta: 3.BRUNO (G:/My Drive/XABLAU/3.BRUNO)
[2026-01-07 13:28:24] 🔎 Iniciando contagem da pasta: 1.LEIANES (G:/My Drive/XABLAU/1.LEIANES)
[2026-01-07 13:28:24] 🔎 Iniciando contagem da pasta: 2.EROS (G:/My Drive/XABLAU/2.EROS)
[2026-01-07 13:28:24] 🔎 Iniciando contagem da pasta: 4.MAYA (G:/My Drive/XABLAU/4.MAYA)
[2026-01-07 13:28:24] 🔎 Iniciando contagem da pasta: 5.CUSH (G:/My Drive/XABLAU/5.CUSH)
[2026-01-07 13:28:24] 🔎 Iniciando contagem da pasta: 6.ELIS (G:/My Drive/XABLAU/6.ELIS)
[2026-01-07 13:28:26] ✅ Contagem concluída: 4.MAYA -> 1198 páginas
[2026-01-07 13:28:27] ✅ Contagem concluída: 1.LEIANES -> 2379 páginas
[2026-01-07 13:28:28] ✅ Contagem concluída: 6.ELIS -> 1027 páginas
[2026-01-07 13:28:33] ✅ Contagem concluída: 2.EROS -> 8934 páginas
[2026-01-07 13:28:34] ✅ Contagem concluída: 3.BRUNO -> 8127 páginas
[2026-01-07 13:28:36] ✅ Contagem concluída: 5.CUSH -> 10141 páginas
[2026-01-07 13:28:36] 🔎 Iniciando contagem da pasta VICTORIA: 7.VICTORIA/1.RENOMEANDO (G:/My Drive/XABLAU/7.VICTORIA\1.RENOMEANDO)
[2026-01-07 13:28:36] 🔎 Iniciando contagem da pasta VICTORIA: 7.VICTORIA/2.RENOMEADOS (G:/My Drive/XABLAU/7.VICTORIA\2.RENOMEADOS)
[2026-01-07 13:28:39] ✅ Contagem VICTORIA concluída: 7.VICTORIA/1.RENOMEANDO -> 4351 páginas
[2026-01-07 13:28:52] ✅ Contagem VICTORIA concluída: 7.VICTORIA/2.RENOMEADOS -> 26728 páginas
[2026-01-07 13:31:21] Starting page count...
[2026-01-07 13:31:21] 📂 Pasta raiz configurada para contagem: G:/My Drive/XABLAU/
[2026-01-07 13:31:21] 📁 Pastas detectadas para contagem: 7
[2026-01-07 13:31:21] 🔎 Iniciando contagem da pasta: 3.BRUNO (G:/My Drive/XABLAU/3.BRUNO)
[2026-01-07 13:31:21] 🔎 Iniciando contagem da pasta: 1.LEIANES (G:/My Drive/XABLAU/1.LEIANES)
[2026-01-07 13:31:21] 🔎 Iniciando contagem da pasta: 2.EROS (G:/My Drive/XABLAU/2.EROS)
[2026-01-07 13:31:21] 🔎 Iniciando contagem da pasta: 4.MAYA (G:/My Drive/XABLAU/4.MAYA)
[2026-01-07 13:31:21] 🔎 Iniciando contagem da pasta: 5.CUSH (G:/My Drive/XABLAU/5.CUSH)
[2026-01-07 13:31:21] 🔎 Iniciando contagem da pasta: 6.ELIS (G:/My Drive/XABLAU/6.ELIS)
[2026-01-07 13:31:22] ✅ Contagem concluída: 4.MAYA -> 1198 páginas
[2026-01-07 13:31:23] ✅ Contagem concluída: 1.LEIANES -> 2379 páginas
[2026-01-07 13:31:25] ✅ Contagem concluída: 6.ELIS -> 1027 páginas
[2026-01-07 13:31:30] ✅ Contagem concluída: 2.EROS -> 8934 páginas
[2026-01-07 13:31:30] ✅ Contagem concluída: 3.BRUNO -> 8127 páginas
[2026-01-07 13:31:32] ✅ Contagem concluída: 5.CUSH -> 10141 páginas
[2026-01-07 13:31:32] 🔎 Iniciando contagem da pasta VICTORIA: 7.VICTORIA/1.RENOMEANDO (G:/My Drive/XABLAU/7.VICTORIA\1.RENOMEANDO)
[2026-01-07 13:31:32] 🔎 Iniciando contagem da pasta VICTORIA: 7.VICTORIA/2.RENOMEADOS (G:/My Drive/XABLAU/7.VICTORIA\2.RENOMEADOS)
[2026-01-07 13:31:35] ✅ Contagem VICTORIA concluída: 7.VICTORIA/1.RENOMEANDO -> 3324 páginas
[2026-01-07 13:31:49] ✅ Contagem VICTORIA concluída: 7.VICTORIA/2.RENOMEADOS -> 27755 páginas
[2026-01-07 13:31:49] ✅ Mensagem liberada para envio: Message differs and cooldown passed
[2026-01-07 13:31:49] 📨 Destino WhatsApp: tipo=group alvo=XABLAU UPDATES
[2026-01-07 13:31:49] Enviando resultados para WhatsApp...
[2026-01-07 13:31:49] ℹ️ Tamanho da mensagem: 469 caracteres
[2026-01-07 13:31:57] Message sent successfully to WhatsApp!
[2026-01-07 13:31:57] ℹ️ Saída do envio: WhatsApp connected!
Sending message to group: XABLAU UPDATES (id: 120363421676358028@g.us)
Message sent successfully! msgId: true_120363421676358028@g.us_3EB0BE2AF233FDAED8E4E0_174462209097938@lid chatId: 120363421676358028@g.us
Ack de entrega recebido (pelo menos chegou ao servidor).
[2026-01-07 14:52:46] Starting page count...
[2026-01-07 14:52:46] 📂 Pasta raiz configurada para contagem: G:/My Drive/XABLAU/
[2026-01-07 14:52:46] 📁 Pastas detectadas para contagem: 7
[2026-01-07 14:52:46] 🔎 Iniciando contagem da pasta: 3.BRUNO (G:/My Drive/XABLAU/3.BRUNO)
[2026-01-07 14:52:46] 🔎 Iniciando contagem da pasta: 1.LEIANES (G:/My Drive/XABLAU/1.LEIANES)
[2026-01-07 14:52:46] 🔎 Iniciando contagem da pasta: 2.EROS (G:/My Drive/XABLAU/2.EROS)
[2026-01-07 14:52:46] 🔎 Iniciando contagem da pasta: 4.MAYA (G:/My Drive/XABLAU/4.MAYA)
[2026-01-07 14:52:46] 🔎 Iniciando contagem da pasta: 5.CUSH (G:/My Drive/XABLAU/5.CUSH)
[2026-01-07 14:52:46] 🔎 Iniciando contagem da pasta: 6.ELIS (G:/My Drive/XABLAU/6.ELIS)
[2026-01-07 14:52:54] ✅ Contagem concluída: 4.MAYA -> 1198 páginas
[2026-01-07 14:53:02] ✅ Contagem concluída: 1.LEIANES -> 2379 páginas
[2026-01-07 14:53:09] ✅ Contagem concluída: 6.ELIS -> 1027 páginas
[2026-01-07 14:53:42] ✅ Contagem concluída: 2.EROS -> 8934 páginas
[2026-01-07 14:53:43] ✅ Contagem concluída: 3.BRUNO -> 8127 páginas
[2026-01-07 14:53:46] ✅ Contagem concluída: 5.CUSH -> 10141 páginas
[2026-01-07 14:53:46] 🔎 Iniciando contagem da pasta VICTORIA: 7.VICTORIA/1.RENOMEANDO (G:/My Drive/XABLAU/7.VICTORIA\1.RENOMEANDO)
[2026-01-07 14:53:46] 🔎 Iniciando contagem da pasta VICTORIA: 7.VICTORIA/2.RENOMEADOS (G:/My Drive/XABLAU/7.VICTORIA\2.RENOMEADOS)
[2026-01-07 14:53:46] ✅ Contagem VICTORIA concluída: 7.VICTORIA/1.RENOMEANDO -> 0 páginas
[2026-01-07 14:54:20] ✅ Contagem VICTORIA concluída: 7.VICTORIA/2.RENOMEADOS -> 31079 páginas
[2026-01-07 14:54:20] ✅ Mensagem liberada para envio: Message differs and cooldown passed
[2026-01-07 14:54:20] 📨 Destino WhatsApp: tipo=group alvo=XABLAU UPDATES
[2026-01-07 14:54:20] Enviando resultados para WhatsApp...
[2026-01-07 14:54:20] ℹ️ Tamanho da mensagem: 466 caracteres
[2026-01-07 14:54:41] Message sent successfully to WhatsApp!
[2026-01-07 14:54:41] ℹ️ Saída do envio: WhatsApp connected!
Sending message to group: XABLAU UPDATES (id: 120363421676358028@g.us)
Message sent successfully! msgId: true_120363421676358028@g.us_3EB0A538DB5E217D474AF7_174462209097938@lid chatId: 120363421676358028@g.us
Ack de entrega recebido (pelo menos chegou ao servidor).
[2026-01-07 17:12:38] Starting page count...
[2026-01-07 17:12:38] 📂 Pasta raiz configurada para contagem: G:/My Drive/XABLAU/
[2026-01-07 17:12:38] 📁 Pastas detectadas para contagem: 7
[2026-01-07 17:12:38] 🔎 Iniciando contagem da pasta: 3.BRUNO (G:/My Drive/XABLAU/3.BRUNO)
[2026-01-07 17:12:38] 🔎 Iniciando contagem da pasta: 1.LEIANES (G:/My Drive/XABLAU/1.LEIANES)
[2026-01-07 17:12:38] 🔎 Iniciando contagem da pasta: 2.EROS (G:/My Drive/XABLAU/2.EROS)
[2026-01-07 17:12:38] 🔎 Iniciando contagem da pasta: 4.MAYA (G:/My Drive/XABLAU/4.MAYA)
[2026-01-07 17:12:38] 🔎 Iniciando contagem da pasta: 5.CUSH (G:/My Drive/XABLAU/5.CUSH)
[2026-01-07 17:12:38] 🔎 Iniciando contagem da pasta: 6.ELIS (G:/My Drive/XABLAU/6.ELIS)
[2026-01-07 17:12:45] ✅ Contagem concluída: 4.MAYA -> 1198 páginas
[2026-01-07 17:12:52] ✅ Contagem concluída: 1.LEIANES -> 2379 páginas
[2026-01-07 17:12:59] ✅ Contagem concluída: 6.ELIS -> 1027 páginas
[2026-01-07 17:13:26] ✅ Contagem concluída: 2.EROS -> 8934 páginas
[2026-01-07 17:13:32] ✅ Contagem concluída: 3.BRUNO -> 8954 páginas
[2026-01-07 17:13:38] ✅ Contagem concluída: 5.CUSH -> 10141 páginas
[2026-01-07 17:13:38] 🔎 Iniciando contagem da pasta VICTORIA: 7.VICTORIA/1.RENOMEANDO (G:/My Drive/XABLAU/7.VICTORIA\1.RENOMEANDO)
[2026-01-07 17:13:38] 🔎 Iniciando contagem da pasta VICTORIA: 7.VICTORIA/2.RENOMEADOS (G:/My Drive/XABLAU/7.VICTORIA\2.RENOMEADOS)
[2026-01-07 17:13:38] ✅ Contagem VICTORIA concluída: 7.VICTORIA/1.RENOMEANDO -> 0 páginas
[2026-01-07 17:14:47] ✅ Contagem VICTORIA concluída: 7.VICTORIA/2.RENOMEADOS -> 31079 páginas
[2026-01-07 17:14:48] ✅ Mensagem liberada para envio: Message differs and cooldown passed
[2026-01-07 17:14:48] 📨 Destino WhatsApp: tipo=group alvo=XABLAU UPDATES
[2026-01-07 17:14:48] Enviando resultados para WhatsApp...
[2026-01-07 17:14:48] ℹ️ Tamanho da mensagem: 479 caracteres
[2026-01-07 17:15:08] Message sent successfully to WhatsApp!
[2026-01-07 17:15:08] ℹ️ Saída do envio: WhatsApp connected!
Sending message to group: XABLAU UPDATES (id: 120363421676358028@g.us)
Message sent successfully! msgId: true_120363421676358028@g.us_3EB0F79F5843616D3C9E7B_174462209097938@lid chatId: 120363421676358028@g.us
Ack de entrega recebido (pelo menos chegou ao servidor).
[2026-01-09 10:14:20] Starting page count...
[2026-01-09 10:14:20] 📂 Pasta raiz configurada para contagem: G:/My Drive/XABLAU/
[2026-01-09 10:14:20] 📁 Pastas detectadas para contagem: 7
[2026-01-09 10:14:20] 🔎 Iniciando contagem da pasta: 3.BRUNO (G:/My Drive/XABLAU/3.BRUNO)
[2026-01-09 10:14:20] 🔎 Iniciando contagem da pasta: 1.LEIANES (G:/My Drive/XABLAU/1.LEIANES)
[2026-01-09 10:14:20] 🔎 Iniciando contagem da pasta: 2.EROS (G:/My Drive/XABLAU/2.EROS)
[2026-01-09 10:14:20] 🔎 Iniciando contagem da pasta: 4.MAYA (G:/My Drive/XABLAU/4.MAYA)
[2026-01-09 10:14:20] 🔎 Iniciando contagem da pasta: 5.CUSH (G:/My Drive/XABLAU/5.CUSH)
[2026-01-09 10:14:20] 🔎 Iniciando contagem da pasta: 6.ELIS (G:/My Drive/XABLAU/6.ELIS)
[2026-01-09 10:14:26] ✅ Contagem concluída: 4.MAYA -> 1198 páginas
[2026-01-09 10:14:33] ✅ Contagem concluída: 1.LEIANES -> 2379 páginas
[2026-01-09 10:14:35] ✅ Contagem concluída: 5.CUSH -> 1325 páginas
[2026-01-09 10:14:38] ✅ Contagem concluída: 6.ELIS -> 1027 páginas
[2026-01-09 10:14:51] ✅ Contagem concluída: 2.EROS -> 8934 páginas
[2026-01-09 10:14:55] ✅ Contagem concluída: 3.BRUNO -> 10491 páginas
[2026-01-09 10:14:55] 🔎 Iniciando contagem da pasta VICTORIA: 7.VICTORIA/1.RENOMEANDO (G:/My Drive/XABLAU/7.VICTORIA\1.RENOMEANDO)
[2026-01-09 10:14:55] 🔎 Iniciando contagem da pasta VICTORIA: 7.VICTORIA/2.RENOMEADOS (G:/My Drive/XABLAU/7.VICTORIA\2.RENOMEADOS)
[2026-01-09 10:14:55] ✅ Contagem VICTORIA concluída: 7.VICTORIA/1.RENOMEANDO -> 0 páginas
[2026-01-09 10:15:47] ✅ Contagem VICTORIA concluída: 7.VICTORIA/2.RENOMEADOS -> 31079 páginas
[2026-01-09 10:15:47] ✅ Mensagem liberada para envio: Message differs and cooldown passed
[2026-01-09 10:15:47] 📨 Destino WhatsApp: tipo=group alvo=XABLAU UPDATES
[2026-01-09 10:15:47] Enviando resultados para WhatsApp...
[2026-01-09 10:15:47] ℹ️ Tamanho da mensagem: 511 caracteres
[2026-01-09 10:16:01] Message sent successfully to WhatsApp!
[2026-01-09 10:16:01] ℹ️ Saída do envio: WhatsApp connected!
Sending message to group: XABLAU UPDATES (id: 120363421676358028@g.us)
Message sent successfully! msgId: true_120363421676358028@g.us_3EB02ABBD7B1E9658F6D9A_174462209097938@lid chatId: 120363421676358028@g.us
Ack de entrega recebido (pelo menos chegou ao servidor).
[2026-01-09 11:33:52] Starting page count...
[2026-01-09 11:33:52] 📂 Pasta raiz configurada para contagem: G:/My Drive/XABLAU/
[2026-01-09 11:33:52] 📁 Pastas detectadas para contagem: 7
[2026-01-09 11:33:52] 🔎 Iniciando contagem da pasta: 3.BRUNO (G:/My Drive/XABLAU/3.BRUNO)
[2026-01-09 11:33:52] 🔎 Iniciando contagem da pasta: 1.LEIANES (G:/My Drive/XABLAU/1.LEIANES)
[2026-01-09 11:33:52] 🔎 Iniciando contagem da pasta: 2.EROS (G:/My Drive/XABLAU/2.EROS)
[2026-01-09 11:33:52] 🔎 Iniciando contagem da pasta: 4.MAYA (G:/My Drive/XABLAU/4.MAYA)
[2026-01-09 11:33:52] 🔎 Iniciando contagem da pasta: 5.CUSH (G:/My Drive/XABLAU/5.CUSH)
[2026-01-09 11:33:52] 🔎 Iniciando contagem da pasta: 6.ELIS (G:/My Drive/XABLAU/6.ELIS)
[2026-01-09 11:33:52] ✅ Contagem concluída: 1.LEIANES -> 0 páginas
[2026-01-09 11:33:52] ✅ Contagem concluída: 2.EROS -> 0 páginas
[2026-01-09 11:33:52] ✅ Contagem concluída: 4.MAYA -> 0 páginas
[2026-01-09 11:33:52] ✅ Contagem concluída: 6.ELIS -> 0 páginas
[2026-01-09 11:34:00] ✅ Contagem concluída: 5.CUSH -> 1325 páginas
[2026-01-09 11:34:02] ✅ Contagem concluída: 3.BRUNO -> 3096 páginas
[2026-01-09 11:34:02] 🔎 Iniciando contagem da pasta VICTORIA: 7.VICTORIA/1.RENOMEANDO (G:/My Drive/XABLAU/7.VICTORIA\1.RENOMEANDO)
[2026-01-09 11:34:02] 🔎 Iniciando contagem da pasta VICTORIA: 7.VICTORIA/2.RENOMEADOS (G:/My Drive/XABLAU/7.VICTORIA\2.RENOMEADOS)
[2026-01-09 11:34:03] ✅ Contagem VICTORIA concluída: 7.VICTORIA/1.RENOMEANDO -> 0 páginas
[2026-01-09 11:34:03] ✅ Contagem VICTORIA concluída: 7.VICTORIA/2.RENOMEADOS -> 0 páginas
[2026-01-09 11:34:03] ✅ Mensagem liberada para envio: Message differs and cooldown passed
[2026-01-09 11:34:03] 📨 Destino WhatsApp: tipo=group alvo=XABLAU UPDATES
[2026-01-09 11:34:03] Enviando resultados para WhatsApp...
[2026-01-09 11:34:03] ℹ️ Tamanho da mensagem: 622 caracteres
[2026-01-09 11:34:19] Message sent successfully to WhatsApp!
[2026-01-09 11:34:19] ℹ️ Saída do envio: WhatsApp connected!
Sending message to group: XABLAU UPDATES (id: 120363421676358028@g.us)
Message sent successfully! msgId: true_120363421676358028@g.us_3EB037845222AB705B75DA_174462209097938@lid chatId: 120363421676358028@g.us
Ack de entrega recebido (pelo menos chegou ao servidor).
[2026-01-09 18:09:17] Starting page count...
[2026-01-09 18:09:17] 📂 Pasta raiz configurada para contagem: G:/My Drive/XABLAU/
[2026-01-09 18:09:17] 📁 Pastas detectadas para contagem: 7
[2026-01-09 18:09:17] 🔎 Iniciando contagem da pasta: 3.BRUNO (G:/My Drive/XABLAU/3.BRUNO)
[2026-01-09 18:09:17] 🔎 Iniciando contagem da pasta: 1.LEIANES (G:/My Drive/XABLAU/1.LEIANES)
[2026-01-09 18:09:17] 🔎 Iniciando contagem da pasta: 2.EROS (G:/My Drive/XABLAU/2.EROS)
[2026-01-09 18:09:17] 🔎 Iniciando contagem da pasta: 4.MAYA (G:/My Drive/XABLAU/4.MAYA)
[2026-01-09 18:09:17] 🔎 Iniciando contagem da pasta: 5.CUSH (G:/My Drive/XABLAU/5.CUSH)
[2026-01-09 18:09:17] 🔎 Iniciando contagem da pasta: 6.ELIS (G:/My Drive/XABLAU/6.ELIS)
[2026-01-09 18:09:17] ✅ Contagem concluída: 2.EROS -> 0 páginas
[2026-01-09 18:09:17] ✅ Contagem concluída: 1.LEIANES -> 0 páginas
[2026-01-09 18:09:17] ✅ Contagem concluída: 4.MAYA -> 0 páginas
[2026-01-09 18:09:17] ✅ Contagem concluída: 6.ELIS -> 0 páginas
[2026-01-09 18:09:27] ✅ Contagem concluída: 3.BRUNO -> 3096 páginas
[2026-01-09 18:09:27] ✅ Contagem concluída: 5.CUSH -> 2760 páginas
[2026-01-09 18:09:27] 🔎 Iniciando contagem da pasta VICTORIA: 7.VICTORIA/1.RENOMEANDO (G:/My Drive/XABLAU/7.VICTORIA\1.RENOMEANDO)
[2026-01-09 18:09:27] 🔎 Iniciando contagem da pasta VICTORIA: 7.VICTORIA/2.RENOMEADOS (G:/My Drive/XABLAU/7.VICTORIA\2.RENOMEADOS)
[2026-01-09 18:09:27] ✅ Contagem VICTORIA concluída: 7.VICTORIA/1.RENOMEANDO -> 0 páginas
[2026-01-09 18:09:27] ✅ Contagem VICTORIA concluída: 7.VICTORIA/2.RENOMEADOS -> 0 páginas
[2026-01-09 18:09:27] ✅ Mensagem liberada para envio: Message differs and cooldown passed
[2026-01-09 18:09:27] 📨 Destino WhatsApp: tipo=group alvo=XABLAU UPDATES
[2026-01-09 18:09:27] Enviando resultados para WhatsApp...
[2026-01-09 18:09:27] ℹ️ Tamanho da mensagem: 462 caracteres
[2026-01-09 18:09:44] Message sent successfully to WhatsApp!
[2026-01-09 18:09:44] ℹ️ Saída do envio: WhatsApp connected!
Sending message to group: XABLAU UPDATES (id: 120363421676358028@g.us)
Message sent successfully! msgId: true_120363421676358028@g.us_3EB0382E8234437FDADEEB_174462209097938@lid chatId: 120363421676358028@g.us
Ack de entrega recebido (pelo menos chegou ao servidor).
[2026-01-09 20:54:02] Starting page count...
[2026-01-09 20:54:02] 📂 Pasta raiz configurada para contagem: G:/My Drive/XABLAU/
[2026-01-09 20:54:02] 📁 Pastas detectadas para contagem: 7
[2026-01-09 20:54:02] 🔎 Iniciando contagem da pasta: 3.BRUNO (G:/My Drive/XABLAU/3.BRUNO)
[2026-01-09 20:54:02] 🔎 Iniciando contagem da pasta: 1.LEIANES (G:/My Drive/XABLAU/1.LEIANES)
[2026-01-09 20:54:02] 🔎 Iniciando contagem da pasta: 2.EROS (G:/My Drive/XABLAU/2.EROS)
[2026-01-09 20:54:02] 🔎 Iniciando contagem da pasta: 4.MAYA (G:/My Drive/XABLAU/4.MAYA)
[2026-01-09 20:54:02] 🔎 Iniciando contagem da pasta: 5.CUSH (G:/My Drive/XABLAU/5.CUSH)
[2026-01-09 20:54:02] 🔎 Iniciando contagem da pasta: 6.ELIS (G:/My Drive/XABLAU/6.ELIS)
[2026-01-09 20:54:02] ✅ Contagem concluída: 2.EROS -> 0 páginas
[2026-01-09 20:54:02] ✅ Contagem concluída: 1.LEIANES -> 0 páginas
[2026-01-09 20:54:02] ✅ Contagem concluída: 4.MAYA -> 0 páginas
[2026-01-09 20:54:02] ✅ Contagem concluída: 6.ELIS -> 0 páginas
[2026-01-09 20:54:06] ✅ Contagem concluída: 5.CUSH -> 2760 páginas
[2026-01-09 20:54:08] ✅ Contagem concluída: 3.BRUNO -> 4938 páginas
[2026-01-09 20:54:08] 🔎 Iniciando contagem da pasta VICTORIA: 7.VICTORIA/1.RENOMEANDO (G:/My Drive/XABLAU/7.VICTORIA\1.RENOMEANDO)
[2026-01-09 20:54:08] 🔎 Iniciando contagem da pasta VICTORIA: 7.VICTORIA/2.RENOMEADOS (G:/My Drive/XABLAU/7.VICTORIA\2.RENOMEADOS)
[2026-01-09 20:54:08] ✅ Contagem VICTORIA concluída: 7.VICTORIA/1.RENOMEANDO -> 0 páginas
[2026-01-09 20:54:08] ✅ Contagem VICTORIA concluída: 7.VICTORIA/2.RENOMEADOS -> 0 páginas
[2026-01-09 20:54:08] ✅ Mensagem liberada para envio: Message differs and cooldown passed
[2026-01-09 20:54:08] 📨 Destino WhatsApp: tipo=group alvo=XABLAU UPDATES
[2026-01-09 20:54:08] Enviando resultados para WhatsApp...
[2026-01-09 20:54:08] ℹ️ Tamanho da mensagem: 463 caracteres
[2026-01-09 20:54:26] Message sent successfully to WhatsApp!
[2026-01-09 20:54:26] ℹ️ Saída do envio: WhatsApp connected!
Sending message to group: XABLAU UPDATES (id: 120363421676358028@g.us)
Message sent successfully! msgId: true_120363421676358028@g.us_3EB0E63A759791452CC2FA_174462209097938@lid chatId: 120363421676358028@g.us
Ack de entrega recebido (pelo menos chegou ao servidor).
[2026-01-09 20:57:05] Starting page count...
[2026-01-09 20:57:05] 📂 Pasta raiz configurada para contagem: G:/My Drive/XABLAU/
[2026-01-09 20:57:05] 📁 Pastas detectadas para contagem: 7
[2026-01-09 20:57:05] 🔎 Iniciando contagem da pasta: 3.BRUNO (G:/My Drive/XABLAU/3.BRUNO)
[2026-01-09 20:57:05] 🔎 Iniciando contagem da pasta: 1.LEIANES (G:/My Drive/XABLAU/1.LEIANES)
[2026-01-09 20:57:05] 🔎 Iniciando contagem da pasta: 2.EROS (G:/My Drive/XABLAU/2.EROS)
[2026-01-09 20:57:05] 🔎 Iniciando contagem da pasta: 4.MAYA (G:/My Drive/XABLAU/4.MAYA)
[2026-01-09 20:57:05] 🔎 Iniciando contagem da pasta: 5.CUSH (G:/My Drive/XABLAU/5.CUSH)
[2026-01-09 20:57:05] 🔎 Iniciando contagem da pasta: 6.ELIS (G:/My Drive/XABLAU/6.ELIS)
[2026-01-09 20:57:05] ✅ Contagem concluída: 2.EROS -> 0 páginas
[2026-01-09 20:57:05] ✅ Contagem concluída: 4.MAYA -> 0 páginas
[2026-01-09 20:57:05] ✅ Contagem concluída: 1.LEIANES -> 0 páginas
[2026-01-09 20:57:05] ✅ Contagem concluída: 6.ELIS -> 0 páginas
[2026-01-09 20:57:08] ✅ Contagem concluída: 5.CUSH -> 2760 páginas
[2026-01-09 20:57:10] ✅ Contagem concluída: 3.BRUNO -> 4938 páginas
[2026-01-09 20:57:10] 🔎 Iniciando contagem da pasta VICTORIA: 7.VICTORIA/1.RENOMEANDO (G:/My Drive/XABLAU/7.VICTORIA\1.RENOMEANDO)
[2026-01-09 20:57:10] 🔎 Iniciando contagem da pasta VICTORIA: 7.VICTORIA/2.RENOMEADOS (G:/My Drive/XABLAU/7.VICTORIA\2.RENOMEADOS)
[2026-01-09 20:57:10] ✅ Contagem VICTORIA concluída: 7.VICTORIA/1.RENOMEANDO -> 0 páginas
[2026-01-09 20:57:10] ✅ Contagem VICTORIA concluída: 7.VICTORIA/2.RENOMEADOS -> 0 páginas
[2026-01-11 19:50:58] Starting page count...
[2026-01-11 19:50:58] 📂 Pasta raiz configurada para contagem: G:/My Drive/XABLAU/
[2026-01-11 19:50:58] 📁 Pastas detectadas para contagem: 7
[2026-01-11 19:50:58] 🔎 Iniciando contagem da pasta: 3.BRUNO (G:/My Drive/XABLAU/3.BRUNO)
[2026-01-11 19:50:58] 🔎 Iniciando contagem da pasta: 1.LEIANES (G:/My Drive/XABLAU/1.LEIANES)
[2026-01-11 19:50:58] 🔎 Iniciando contagem da pasta: 2.EROS (G:/My Drive/XABLAU/2.EROS)
[2026-01-11 19:50:58] 🔎 Iniciando contagem da pasta: 4.MAYA (G:/My Drive/XABLAU/4.MAYA)
[2026-01-11 19:50:58] 🔎 Iniciando contagem da pasta: 5.CUSH (G:/My Drive/XABLAU/5.CUSH)
[2026-01-11 19:50:58] 🔎 Iniciando contagem da pasta: 6.ELIS (G:/My Drive/XABLAU/6.ELIS)
[2026-01-11 19:50:58] ✅ Contagem concluída: 2.EROS -> 0 páginas
[2026-01-11 19:50:58] ✅ Contagem concluída: 1.LEIANES -> 0 páginas
[2026-01-11 19:50:58] ✅ Contagem concluída: 4.MAYA -> 0 páginas
[2026-01-11 19:50:58] ✅ Contagem concluída: 6.ELIS -> 0 páginas
[2026-01-11 19:51:08] ✅ Contagem concluída: 5.CUSH -> 3537 páginas
[2026-01-11 19:51:11] ✅ Contagem concluída: 3.BRUNO -> 4938 páginas
[2026-01-11 19:51:11] 🔎 Iniciando contagem da pasta VICTORIA: 7.VICTORIA/1.RENOMEANDO (G:/My Drive/XABLAU/7.VICTORIA\1.RENOMEANDO)
[2026-01-11 19:51:11] 🔎 Iniciando contagem da pasta VICTORIA: 7.VICTORIA/2.RENOMEADOS (G:/My Drive/XABLAU/7.VICTORIA\2.RENOMEADOS)
[2026-01-11 19:51:11] ✅ Contagem VICTORIA concluída: 7.VICTORIA/1.RENOMEANDO -> 0 páginas
[2026-01-11 19:51:11] ✅ Contagem VICTORIA concluída: 7.VICTORIA/2.RENOMEADOS -> 0 páginas
[2026-01-11 19:51:11] ✅ Mensagem liberada para envio: Message differs and cooldown passed
[2026-01-11 19:51:11] 📨 Destino WhatsApp: tipo=group alvo=XABLAU UPDATES
[2026-01-11 19:51:11] Enviando resultados para WhatsApp...
[2026-01-11 19:51:11] ℹ️ Tamanho da mensagem: 460 caracteres
[2026-01-11 19:51:24] Message sent successfully to WhatsApp!
[2026-01-11 19:51:24] ℹ️ Saída do envio: WhatsApp connected!
Sending message to group: XABLAU UPDATES (id: 120363421676358028@g.us)
Message sent successfully! msgId: true_120363421676358028@g.us_3EB07D694EB139820C47AA_174462209097938@lid chatId: 120363421676358028@g.us
Ack de entrega recebido (pelo menos chegou ao servidor).
[2026-01-12 10:57:50] Starting page count...
[2026-01-12 10:57:50] 📂 Pasta raiz configurada para contagem: G:/My Drive/XABLAU/
[2026-01-12 10:57:50] 📁 Pastas detectadas para contagem: 7
[2026-01-12 10:57:50] 🔎 Iniciando contagem da pasta: 3.BRUNO (G:/My Drive/XABLAU/3.BRUNO)
[2026-01-12 10:57:50] 🔎 Iniciando contagem da pasta: 1.LEIANES (G:/My Drive/XABLAU/1.LEIANES)
[2026-01-12 10:57:50] 🔎 Iniciando contagem da pasta: 2.EROS (G:/My Drive/XABLAU/2.EROS)
[2026-01-12 10:57:50] 🔎 Iniciando contagem da pasta: 4.MAYA (G:/My Drive/XABLAU/4.MAYA)
[2026-01-12 10:57:50] 🔎 Iniciando contagem da pasta: 5.CUSH (G:/My Drive/XABLAU/5.CUSH)
[2026-01-12 10:57:50] 🔎 Iniciando contagem da pasta: 6.ELIS (G:/My Drive/XABLAU/6.ELIS)
[2026-01-12 10:57:50] ✅ Contagem concluída: 2.EROS -> 0 páginas
[2026-01-12 10:57:50] ✅ Contagem concluída: 4.MAYA -> 0 páginas
[2026-01-12 10:57:50] ✅ Contagem concluída: 1.LEIANES -> 0 páginas
[2026-01-12 10:57:50] ✅ Contagem concluída: 6.ELIS -> 0 páginas
[2026-01-12 10:58:06] ✅ Contagem concluída: 5.CUSH -> 3806 páginas
[2026-01-12 10:58:08] ✅ Contagem concluída: 3.BRUNO -> 4938 páginas
[2026-01-12 10:58:08] 🔎 Iniciando contagem da pasta VICTORIA: 7.VICTORIA/1.RENOMEANDO (G:/My Drive/XABLAU/7.VICTORIA\1.RENOMEANDO)
[2026-01-12 10:58:08] 🔎 Iniciando contagem da pasta VICTORIA: 7.VICTORIA/2.RENOMEADOS (G:/My Drive/XABLAU/7.VICTORIA\2.RENOMEADOS)
[2026-01-12 10:58:08] ✅ Contagem VICTORIA concluída: 7.VICTORIA/1.RENOMEANDO -> 0 páginas
[2026-01-12 10:58:08] ✅ Contagem VICTORIA concluída: 7.VICTORIA/2.RENOMEADOS -> 0 páginas
[2026-01-12 10:58:08] ✅ Mensagem liberada para envio: Message differs and cooldown passed
[2026-01-12 10:58:08] 📨 Destino WhatsApp: tipo=group alvo=XABLAU UPDATES
[2026-01-12 10:58:08] Enviando resultados para WhatsApp...
[2026-01-12 10:58:08] ℹ️ Tamanho da mensagem: 460 caracteres
[2026-01-12 10:58:24] Message sent successfully to WhatsApp!
[2026-01-12 10:58:24] ℹ️ Saída do envio: WhatsApp connected!
Sending message to group: XABLAU UPDATES (id: 120363421676358028@g.us)
Message sent successfully! msgId: true_120363421676358028@g.us_3EB09A284F2DBF289DDC81_174462209097938@lid chatId: 120363421676358028@g.us
Ack de entrega recebido (pelo menos chegou ao servidor).
[2026-01-12 14:45:31] Starting page count...
[2026-01-12 14:45:31] 📂 Pasta raiz configurada para contagem: G:/My Drive/XABLAU/
[2026-01-12 14:45:31] 📁 Pastas detectadas para contagem: 7
[2026-01-12 14:45:31] 🔎 Iniciando contagem da pasta: 3.BRUNO (G:/My Drive/XABLAU/3.BRUNO)
[2026-01-12 14:45:31] 🔎 Iniciando contagem da pasta: 1.LEIANES (G:/My Drive/XABLAU/1.LEIANES)
[2026-01-12 14:45:31] 🔎 Iniciando contagem da pasta: 2.EROS (G:/My Drive/XABLAU/2.EROS)
[2026-01-12 14:45:31] 🔎 Iniciando contagem da pasta: 4.MAYA (G:/My Drive/XABLAU/4.MAYA)
[2026-01-12 14:45:31] 🔎 Iniciando contagem da pasta: 5.CUSH (G:/My Drive/XABLAU/5.CUSH)
[2026-01-12 14:45:31] 🔎 Iniciando contagem da pasta: 6.ELIS (G:/My Drive/XABLAU/6.ELIS)
[2026-01-12 14:45:31] ✅ Contagem concluída: 1.LEIANES -> 0 páginas
[2026-01-12 14:45:31] ✅ Contagem concluída: 4.MAYA -> 0 páginas
[2026-01-12 14:45:31] ✅ Contagem concluída: 6.ELIS -> 0 páginas
[2026-01-12 14:45:34] ✅ Contagem concluída: 2.EROS -> 1313 páginas
[2026-01-12 14:45:36] ✅ Contagem concluída: 5.CUSH -> 3806 páginas
[2026-01-12 14:45:36] ✅ Contagem concluída: 3.BRUNO -> 4938 páginas
[2026-01-12 14:45:36] 🔎 Iniciando contagem da pasta VICTORIA: 7.VICTORIA/1.RENOMEANDO (G:/My Drive/XABLAU/7.VICTORIA\1.RENOMEANDO)
[2026-01-12 14:45:36] 🔎 Iniciando contagem da pasta VICTORIA: 7.VICTORIA/2.RENOMEADOS (G:/My Drive/XABLAU/7.VICTORIA\2.RENOMEADOS)
[2026-01-12 14:45:36] ✅ Contagem VICTORIA concluída: 7.VICTORIA/1.RENOMEANDO -> 0 páginas
[2026-01-12 14:45:36] ✅ Contagem VICTORIA concluída: 7.VICTORIA/2.RENOMEADOS -> 0 páginas
[2026-01-12 14:45:36] ✅ Mensagem liberada para envio: Message differs and cooldown passed
[2026-01-12 14:45:36] 📨 Destino WhatsApp: tipo=group alvo=XABLAU UPDATES
[2026-01-12 14:45:36] Enviando resultados para WhatsApp...
[2026-01-12 14:45:36] ℹ️ Tamanho da mensagem: 466 caracteres
[2026-01-12 14:45:50] Message sent successfully to WhatsApp!
[2026-01-12 14:45:50] ℹ️ Saída do envio: WhatsApp connected!
Sending message to group: XABLAU UPDATES (id: 120363421676358028@g.us)
Message sent successfully! msgId: true_120363421676358028@g.us_3EB03D14B4B164C378AB34_174462209097938@lid chatId: 120363421676358028@g.us
Ack de entrega recebido (pelo menos chegou ao servidor).
[2026-01-12 14:53:06] Starting page count...
[2026-01-12 14:53:06] 📂 Pasta raiz configurada para contagem: G:/My Drive/XABLAU/
[2026-01-12 14:53:06] 📁 Pastas detectadas para contagem: 7
[2026-01-12 14:53:06] 🔎 Iniciando contagem da pasta: 3.BRUNO (G:/My Drive/XABLAU/3.BRUNO)
[2026-01-12 14:53:06] 🔎 Iniciando contagem da pasta: 1.LEIANES (G:/My Drive/XABLAU/1.LEIANES)
[2026-01-12 14:53:06] 🔎 Iniciando contagem da pasta: 2.EROS (G:/My Drive/XABLAU/2.EROS)
[2026-01-12 14:53:06] 🔎 Iniciando contagem da pasta: 4.MAYA (G:/My Drive/XABLAU/4.MAYA)
[2026-01-12 14:53:06] 🔎 Iniciando contagem da pasta: 5.CUSH (G:/My Drive/XABLAU/5.CUSH)
[2026-01-12 14:53:06] 🔎 Iniciando contagem da pasta: 6.ELIS (G:/My Drive/XABLAU/6.ELIS)
[2026-01-12 14:53:06] ✅ Contagem concluída: 1.LEIANES -> 0 páginas
[2026-01-12 14:53:06] ✅ Contagem concluída: 4.MAYA -> 0 páginas
[2026-01-12 14:53:06] ✅ Contagem concluída: 6.ELIS -> 0 páginas
[2026-01-12 14:53:07] ✅ Contagem concluída: 2.EROS -> 438 páginas
[2026-01-12 14:53:11] ✅ Contagem concluída: 5.CUSH -> 3806 páginas
[2026-01-12 14:53:11] ✅ Contagem concluída: 3.BRUNO -> 4938 páginas
[2026-01-12 14:53:11] 🔎 Iniciando contagem da pasta VICTORIA: 7.VICTORIA/1.RENOMEANDO (G:/My Drive/XABLAU/7.VICTORIA\1.RENOMEANDO)
[2026-01-12 14:53:11] 🔎 Iniciando contagem da pasta VICTORIA: 7.VICTORIA/2.RENOMEADOS (G:/My Drive/XABLAU/7.VICTORIA\2.RENOMEADOS)
[2026-01-12 14:53:11] ✅ Contagem VICTORIA concluída: 7.VICTORIA/1.RENOMEANDO -> 0 páginas
[2026-01-12 14:53:11] ✅ Contagem VICTORIA concluída: 7.VICTORIA/2.RENOMEADOS -> 0 páginas
[2026-01-12 14:53:11] ✅ Mensagem liberada para envio: Message differs and cooldown passed
[2026-01-12 14:53:11] 📨 Destino WhatsApp: tipo=group alvo=XABLAU UPDATES
[2026-01-12 14:53:11] Enviando resultados para WhatsApp...
[2026-01-12 14:53:11] ℹ️ Tamanho da mensagem: 462 caracteres
[2026-01-12 14:53:41] Message sent successfully to WhatsApp!
[2026-01-12 14:53:41] ℹ️ Saída do envio: WhatsApp connected!
Sending message to group: XABLAU UPDATES (id: 120363421676358028@g.us)
Message sent successfully! msgId: true_120363421676358028@g.us_3EB084206634EA3C344DCB_174462209097938@lid chatId: 120363421676358028@g.us
Ack de entrega recebido (pelo menos chegou ao servidor).
[2026-01-12 16:27:27] Starting page count...
[2026-01-12 16:27:27] 📂 Pasta raiz configurada para contagem: G:/My Drive/XABLAU/
[2026-01-12 16:27:27] 📁 Pastas detectadas para contagem: 7
[2026-01-12 16:27:27] 🔎 Iniciando contagem da pasta: 3.BRUNO (G:/My Drive/XABLAU/3.BRUNO)
[2026-01-12 16:27:27] 🔎 Iniciando contagem da pasta: 1.LEIANES (G:/My Drive/XABLAU/1.LEIANES)
[2026-01-12 16:27:27] 🔎 Iniciando contagem da pasta: 2.EROS (G:/My Drive/XABLAU/2.EROS)
[2026-01-12 16:27:27] 🔎 Iniciando contagem da pasta: 4.MAYA (G:/My Drive/XABLAU/4.MAYA)
[2026-01-12 16:27:27] 🔎 Iniciando contagem da pasta: 5.CUSH (G:/My Drive/XABLAU/5.CUSH)
[2026-01-12 16:27:27] 🔎 Iniciando contagem da pasta: 6.ELIS (G:/My Drive/XABLAU/6.ELIS)
[2026-01-12 16:27:27] ✅ Contagem concluída: 1.LEIANES -> 0 páginas
[2026-01-12 16:27:27] ✅ Contagem concluída: 4.MAYA -> 0 páginas
[2026-01-12 16:27:27] ✅ Contagem concluída: 6.ELIS -> 0 páginas
[2026-01-12 16:27:33] ✅ Contagem concluída: 2.EROS -> 438 páginas
[2026-01-12 16:27:44] ✅ Contagem concluída: 5.CUSH -> 3806 páginas
[2026-01-12 16:27:47] ✅ Contagem concluída: 3.BRUNO -> 4938 páginas
[2026-01-12 16:27:47] 🔎 Iniciando contagem da pasta VICTORIA: 7.VICTORIA/1.RENOMEANDO (G:/My Drive/XABLAU/7.VICTORIA\1.RENOMEANDO)
[2026-01-12 16:27:47] 🔎 Iniciando contagem da pasta VICTORIA: 7.VICTORIA/2.RENOMEADOS (G:/My Drive/XABLAU/7.VICTORIA\2.RENOMEADOS)
[2026-01-12 16:27:47] ✅ Contagem VICTORIA concluída: 7.VICTORIA/1.RENOMEANDO -> 0 páginas
[2026-01-12 16:27:47] ✅ Contagem VICTORIA concluída: 7.VICTORIA/2.RENOMEADOS -> 0 páginas
[2026-01-12 17:01:38] Starting page count...
[2026-01-12 17:01:38] 📂 Pasta raiz configurada para contagem: G:/My Drive/XABLAU/
[2026-01-12 17:01:38] 📁 Pastas detectadas para contagem: 7
[2026-01-12 17:01:38] 🔎 Iniciando contagem da pasta: 3.BRUNO (G:/My Drive/XABLAU/3.BRUNO)
[2026-01-12 17:01:38] 🔎 Iniciando contagem da pasta: 1.LEIANES (G:/My Drive/XABLAU/1.LEIANES)
[2026-01-12 17:01:38] 🔎 Iniciando contagem da pasta: 2.EROS (G:/My Drive/XABLAU/2.EROS)
[2026-01-12 17:01:38] 🔎 Iniciando contagem da pasta: 4.MAYA (G:/My Drive/XABLAU/4.MAYA)
[2026-01-12 17:01:38] 🔎 Iniciando contagem da pasta: 5.CUSH (G:/My Drive/XABLAU/5.CUSH)
[2026-01-12 17:01:38] 🔎 Iniciando contagem da pasta: 6.ELIS (G:/My Drive/XABLAU/6.ELIS)
[2026-01-12 17:01:38] ✅ Contagem concluída: 1.LEIANES -> 0 páginas
[2026-01-12 17:01:38] ✅ Contagem concluída: 4.MAYA -> 0 páginas
[2026-01-12 17:01:38] ✅ Contagem concluída: 6.ELIS -> 0 páginas
[2026-01-12 17:01:50] ✅ Contagem concluída: 2.EROS -> 1313 páginas
[2026-01-12 17:01:56] ✅ Contagem concluída: 5.CUSH -> 3806 páginas
[2026-01-12 17:01:59] ✅ Contagem concluída: 3.BRUNO -> 4938 páginas
[2026-01-12 17:01:59] 🔎 Iniciando contagem da pasta VICTORIA: 7.VICTORIA/1.RENOMEANDO (G:/My Drive/XABLAU/7.VICTORIA\1.RENOMEANDO)
[2026-01-12 17:01:59] 🔎 Iniciando contagem da pasta VICTORIA: 7.VICTORIA/2.RENOMEADOS (G:/My Drive/XABLAU/7.VICTORIA\2.RENOMEADOS)
[2026-01-12 17:01:59] ✅ Contagem VICTORIA concluída: 7.VICTORIA/1.RENOMEANDO -> 0 páginas
[2026-01-12 17:01:59] ✅ Contagem VICTORIA concluída: 7.VICTORIA/2.RENOMEADOS -> 0 páginas
[2026-01-12 17:01:59] ✅ Mensagem liberada para envio: Message differs and cooldown passed
[2026-01-12 17:01:59] 📨 Destino WhatsApp: tipo=group alvo=XABLAU UPDATES
[2026-01-12 17:01:59] Enviando resultados para WhatsApp...
[2026-01-12 17:01:59] ℹ️ Tamanho da mensagem: 464 caracteres
[2026-01-12 17:02:14] Message sent successfully to WhatsApp!
[2026-01-12 17:02:14] ℹ️ Saída do envio: WhatsApp connected!
Sending message to group: XABLAU UPDATES (id: 120363421676358028@g.us)
Message sent successfully! msgId: true_120363421676358028@g.us_3EB01DFD59175E56B58448_174462209097938@lid chatId: 120363421676358028@g.us
Ack de entrega recebido (pelo menos chegou ao servidor).
[2026-01-12 17:44:37] Starting page count...
[2026-01-12 17:44:37] 📂 Pasta raiz configurada para contagem: G:/My Drive/XABLAU/
[2026-01-12 17:44:37] 📁 Pastas detectadas para contagem: 7
[2026-01-12 17:44:37] 🔎 Iniciando contagem da pasta: 3.BRUNO (G:/My Drive/XABLAU/3.BRUNO)
[2026-01-12 17:44:37] 🔎 Iniciando contagem da pasta: 1.LEIANES (G:/My Drive/XABLAU/1.LEIANES)
[2026-01-12 17:44:37] 🔎 Iniciando contagem da pasta: 2.EROS (G:/My Drive/XABLAU/2.EROS)
[2026-01-12 17:44:37] 🔎 Iniciando contagem da pasta: 4.MAYA (G:/My Drive/XABLAU/4.MAYA)
[2026-01-12 17:44:37] 🔎 Iniciando contagem da pasta: 5.CUSH (G:/My Drive/XABLAU/5.CUSH)
[2026-01-12 17:44:37] 🔎 Iniciando contagem da pasta: 6.ELIS (G:/My Drive/XABLAU/6.ELIS)
[2026-01-12 17:44:37] ✅ Contagem concluída: 1.LEIANES -> 0 páginas
[2026-01-12 17:44:37] ✅ Contagem concluída: 4.MAYA -> 0 páginas
[2026-01-12 17:44:37] ✅ Contagem concluída: 6.ELIS -> 0 páginas
[2026-01-12 17:44:40] ✅ Contagem concluída: 2.EROS -> 1313 páginas
[2026-01-12 17:44:42] ✅ Contagem concluída: 5.CUSH -> 4566 páginas
[2026-01-12 17:44:43] ✅ Contagem concluída: 3.BRUNO -> 4938 páginas
[2026-01-12 17:44:43] 🔎 Iniciando contagem da pasta VICTORIA: 7.VICTORIA/1.RENOMEANDO (G:/My Drive/XABLAU/7.VICTORIA\1.RENOMEANDO)
[2026-01-12 17:44:43] 🔎 Iniciando contagem da pasta VICTORIA: 7.VICTORIA/2.RENOMEADOS (G:/My Drive/XABLAU/7.VICTORIA\2.RENOMEADOS)
[2026-01-12 17:44:43] ✅ Contagem VICTORIA concluída: 7.VICTORIA/1.RENOMEANDO -> 0 páginas
[2026-01-12 17:44:43] ✅ Contagem VICTORIA concluída: 7.VICTORIA/2.RENOMEADOS -> 0 páginas
[2026-01-12 17:44:43] ✅ Mensagem liberada para envio: Message differs and cooldown passed
[2026-01-12 17:44:43] 📨 Destino WhatsApp: tipo=group alvo=XABLAU UPDATES
[2026-01-12 17:44:43] Enviando resultados para WhatsApp...
[2026-01-12 17:44:43] ℹ️ Tamanho da mensagem: 464 caracteres
[2026-01-12 17:44:53] Message sent successfully to WhatsApp!
[2026-01-12 17:44:53] ℹ️ Saída do envio: WhatsApp connected!
Sending message to group: XABLAU UPDATES (id: 120363421676358028@g.us)
Message sent successfully! msgId: true_120363421676358028@g.us_3EB0D6F158C664379276FB_174462209097938@lid chatId: 120363421676358028@g.us
Ack de entrega recebido (pelo menos chegou ao servidor).
[2026-01-12 17:48:49] Starting page count...
[2026-01-12 17:48:49] 📂 Pasta raiz configurada para contagem: G:/My Drive/XABLAU/
[2026-01-12 17:48:49] 📁 Pastas detectadas para contagem: 7
[2026-01-12 17:48:49] 🔎 Iniciando contagem da pasta: 3.BRUNO (G:/My Drive/XABLAU/3.BRUNO)
[2026-01-12 17:48:49] 🔎 Iniciando contagem da pasta: 1.LEIANES (G:/My Drive/XABLAU/1.LEIANES)
[2026-01-12 17:48:49] 🔎 Iniciando contagem da pasta: 2.EROS (G:/My Drive/XABLAU/2.EROS)
[2026-01-12 17:48:49] 🔎 Iniciando contagem da pasta: 4.MAYA (G:/My Drive/XABLAU/4.MAYA)
[2026-01-12 17:48:49] 🔎 Iniciando contagem da pasta: 5.CUSH (G:/My Drive/XABLAU/5.CUSH)
[2026-01-12 17:48:49] 🔎 Iniciando contagem da pasta: 6.ELIS (G:/My Drive/XABLAU/6.ELIS)
[2026-01-12 17:48:49] ✅ Contagem concluída: 1.LEIANES -> 0 páginas
[2026-01-12 17:48:49] ✅ Contagem concluída: 4.MAYA -> 0 páginas
[2026-01-12 17:48:49] ✅ Contagem concluída: 6.ELIS -> 0 páginas
[2026-01-12 17:48:52] ✅ Contagem concluída: 2.EROS -> 1313 páginas
[2026-01-12 17:48:54] ✅ Contagem concluída: 5.CUSH -> 4566 páginas
[2026-01-12 17:48:55] ✅ Contagem concluída: 3.BRUNO -> 4938 páginas
[2026-01-12 17:48:55] 🔎 Iniciando contagem da pasta VICTORIA: 7.VICTORIA/1.RENOMEANDO (G:/My Drive/XABLAU/7.VICTORIA\1.RENOMEANDO)
[2026-01-12 17:48:55] 🔎 Iniciando contagem da pasta VICTORIA: 7.VICTORIA/2.RENOMEADOS (G:/My Drive/XABLAU/7.VICTORIA\2.RENOMEADOS)
[2026-01-12 17:48:55] ✅ Contagem VICTORIA concluída: 7.VICTORIA/1.RENOMEANDO -> 0 páginas
[2026-01-12 17:48:55] ✅ Contagem VICTORIA concluída: 7.VICTORIA/2.RENOMEADOS -> 0 páginas
[2026-01-12 23:54:21] Starting page count...
[2026-01-12 23:54:21] 📂 Pasta raiz configurada para contagem: G:/My Drive/XABLAU/
[2026-01-12 23:54:21] 📁 Pastas detectadas para contagem: 7
[2026-01-12 23:54:21] 🔎 Iniciando contagem da pasta: 3.BRUNO (G:/My Drive/XABLAU/3.BRUNO)
[2026-01-12 23:54:21] 🔎 Iniciando contagem da pasta: 1.LEIANES (G:/My Drive/XABLAU/1.LEIANES)
[2026-01-12 23:54:21] 🔎 Iniciando contagem da pasta: 2.EROS (G:/My Drive/XABLAU/2.EROS)
[2026-01-12 23:54:21] 🔎 Iniciando contagem da pasta: 4.MAYA (G:/My Drive/XABLAU/4.MAYA)
[2026-01-12 23:54:21] 🔎 Iniciando contagem da pasta: 5.CUSH (G:/My Drive/XABLAU/5.CUSH)
[2026-01-12 23:54:21] 🔎 Iniciando contagem da pasta: 6.ELIS (G:/My Drive/XABLAU/6.ELIS)
[2026-01-12 23:54:21] ✅ Contagem concluída: 1.LEIANES -> 0 páginas
[2026-01-12 23:54:21] ✅ Contagem concluída: 4.MAYA -> 0 páginas
[2026-01-12 23:54:21] ✅ Contagem concluída: 6.ELIS -> 0 páginas
[2026-01-12 23:54:35] ✅ Contagem concluída: 2.EROS -> 1313 páginas
[2026-01-12 23:54:44] ✅ Contagem concluída: 5.CUSH -> 4566 páginas
[2026-01-12 23:54:45] ✅ Contagem concluída: 3.BRUNO -> 4938 páginas
[2026-01-12 23:54:45] 🔎 Iniciando contagem da pasta VICTORIA: 7.VICTORIA/1.RENOMEANDO (G:/My Drive/XABLAU/7.VICTORIA\1.RENOMEANDO)
[2026-01-12 23:54:45] 🔎 Iniciando contagem da pasta VICTORIA: 7.VICTORIA/2.RENOMEADOS (G:/My Drive/XABLAU/7.VICTORIA\2.RENOMEADOS)
[2026-01-12 23:54:45] ✅ Contagem VICTORIA concluída: 7.VICTORIA/1.RENOMEANDO -> 0 páginas
[2026-01-12 23:54:45] ✅ Contagem VICTORIA concluída: 7.VICTORIA/2.RENOMEADOS -> 0 páginas
[2026-01-13 10:11:50] Starting page count...
[2026-01-13 10:11:50] 📂 Pasta raiz configurada para contagem: G:/My Drive/XABLAU/
[2026-01-13 10:11:50] 📁 Pastas detectadas para contagem: 7
[2026-01-13 10:11:50] 🔎 Iniciando contagem da pasta: 3.BRUNO (G:/My Drive/XABLAU/3.BRUNO)
[2026-01-13 10:11:50] 🔎 Iniciando contagem da pasta: 1.LEIANES (G:/My Drive/XABLAU/1.LEIANES)
[2026-01-13 10:11:50] 🔎 Iniciando contagem da pasta: 2.EROS (G:/My Drive/XABLAU/2.EROS)
[2026-01-13 10:11:50] 🔎 Iniciando contagem da pasta: 4.MAYA (G:/My Drive/XABLAU/4.MAYA)
[2026-01-13 10:11:50] 🔎 Iniciando contagem da pasta: 5.CUSH (G:/My Drive/XABLAU/5.CUSH)
[2026-01-13 10:11:50] 🔎 Iniciando contagem da pasta: 6.ELIS (G:/My Drive/XABLAU/6.ELIS)
[2026-01-13 10:11:50] ✅ Contagem concluída: 1.LEIANES -> 0 páginas
[2026-01-13 10:11:50] ✅ Contagem concluída: 4.MAYA -> 0 páginas
[2026-01-13 10:11:50] ✅ Contagem concluída: 6.ELIS -> 0 páginas
[2026-01-13 10:12:01] ✅ Contagem concluída: 2.EROS -> 1313 páginas
[2026-01-13 10:12:08] ✅ Contagem concluída: 5.CUSH -> 4566 páginas
[2026-01-13 10:12:09] ✅ Contagem concluída: 3.BRUNO -> 4938 páginas
[2026-01-13 10:12:09] 🔎 Iniciando contagem da pasta VICTORIA: 7.VICTORIA/1.RENOMEANDO (G:/My Drive/XABLAU/7.VICTORIA\1.RENOMEANDO)
[2026-01-13 10:12:09] 🔎 Iniciando contagem da pasta VICTORIA: 7.VICTORIA/2.RENOMEADOS (G:/My Drive/XABLAU/7.VICTORIA\2.RENOMEADOS)
[2026-01-13 10:12:09] ✅ Contagem VICTORIA concluída: 7.VICTORIA/1.RENOMEANDO -> 0 páginas
[2026-01-13 10:12:09] ✅ Contagem VICTORIA concluída: 7.VICTORIA/2.RENOMEADOS -> 0 páginas
[2026-01-13 16:33:05] Starting page count...
[2026-01-13 16:33:05] 📂 Pasta raiz configurada para contagem: G:/My Drive/XABLAU/
[2026-01-13 16:33:05] 📁 Pastas detectadas para contagem: 7
[2026-01-13 16:33:05] 🔎 Iniciando contagem da pasta: 3.BRUNO (G:/My Drive/XABLAU/3.BRUNO)
[2026-01-13 16:33:05] 🔎 Iniciando contagem da pasta: 1.LEIANES (G:/My Drive/XABLAU/1.LEIANES)
[2026-01-13 16:33:05] 🔎 Iniciando contagem da pasta: 2.EROS (G:/My Drive/XABLAU/2.EROS)
[2026-01-13 16:33:05] 🔎 Iniciando contagem da pasta: 4.MAYA (G:/My Drive/XABLAU/4.MAYA)
[2026-01-13 16:33:05] 🔎 Iniciando contagem da pasta: 5.CUSH (G:/My Drive/XABLAU/5.CUSH)
[2026-01-13 16:33:05] 🔎 Iniciando contagem da pasta: 6.ELIS (G:/My Drive/XABLAU/6.ELIS)
[2026-01-13 16:33:05] ✅ Contagem concluída: 1.LEIANES -> 0 páginas
[2026-01-13 16:33:05] ✅ Contagem concluída: 4.MAYA -> 0 páginas
[2026-01-13 16:33:05] ✅ Contagem concluída: 6.ELIS -> 0 páginas
[2026-01-13 16:33:27] ✅ Contagem concluída: 2.EROS -> 2807 páginas
[2026-01-13 16:33:32] ✅ Contagem concluída: 5.CUSH -> 4566 páginas
[2026-01-13 16:33:33] ✅ Contagem concluída: 3.BRUNO -> 4938 páginas
[2026-01-13 16:33:33] 🔎 Iniciando contagem da pasta VICTORIA: 7.VICTORIA/1.RENOMEANDO (G:/My Drive/XABLAU/7.VICTORIA\1.RENOMEANDO)
[2026-01-13 16:33:33] 🔎 Iniciando contagem da pasta VICTORIA: 7.VICTORIA/2.RENOMEADOS (G:/My Drive/XABLAU/7.VICTORIA\2.RENOMEADOS)
[2026-01-13 16:33:33] ✅ Contagem VICTORIA concluída: 7.VICTORIA/1.RENOMEANDO -> 0 páginas
[2026-01-13 16:33:33] ✅ Contagem VICTORIA concluída: 7.VICTORIA/2.RENOMEADOS -> 0 páginas
[2026-01-13 16:33:33] ✅ Mensagem liberada para envio: Message differs and cooldown passed
[2026-01-13 16:33:33] 📨 Destino WhatsApp: tipo=group alvo=XABLAU UPDATES
[2026-01-13 16:33:33] Enviando resultados para WhatsApp...
[2026-01-13 16:33:33] ℹ️ Tamanho da mensagem: 466 caracteres
[2026-01-13 16:33:56] Message sent successfully to WhatsApp!
[2026-01-13 16:33:56] ℹ️ Saída do envio: WhatsApp connected!
Sending message to group: XABLAU UPDATES (id: 120363421676358028@g.us)
Message sent successfully! msgId: true_120363421676358028@g.us_3EB0CB0721230210DF851F_174462209097938@lid chatId: 120363421676358028@g.us
Ack de entrega recebido (pelo menos chegou ao servidor).
[2026-01-13 23:24:08] Starting page count...
[2026-01-13 23:24:08] 📂 Pasta raiz configurada para contagem: G:/My Drive/XABLAU/
[2026-01-13 23:24:08] 📁 Pastas detectadas para contagem: 7
[2026-01-13 23:24:08] 🔎 Iniciando contagem da pasta: 3.BRUNO (G:/My Drive/XABLAU/3.BRUNO)
[2026-01-13 23:24:08] 🔎 Iniciando contagem da pasta: 1.LEIANES (G:/My Drive/XABLAU/1.LEIANES)
[2026-01-13 23:24:08] 🔎 Iniciando contagem da pasta: 2.EROS (G:/My Drive/XABLAU/2.EROS)
[2026-01-13 23:24:08] 🔎 Iniciando contagem da pasta: 4.MAYA (G:/My Drive/XABLAU/4.MAYA)
[2026-01-13 23:24:08] 🔎 Iniciando contagem da pasta: 5.CUSH (G:/My Drive/XABLAU/5.CUSH)
[2026-01-13 23:24:08] 🔎 Iniciando contagem da pasta: 6.ELIS (G:/My Drive/XABLAU/6.ELIS)
[2026-01-13 23:24:08] ✅ Contagem concluída: 1.LEIANES -> 0 páginas
[2026-01-13 23:24:08] ✅ Contagem concluída: 4.MAYA -> 0 páginas
[2026-01-13 23:24:08] ✅ Contagem concluída: 6.ELIS -> 0 páginas
[2026-01-13 23:24:24] ✅ Contagem concluída: 2.EROS -> 2807 páginas
[2026-01-13 23:24:28] ✅ Contagem concluída: 5.CUSH -> 4566 páginas
[2026-01-13 23:24:29] ✅ Contagem concluída: 3.BRUNO -> 4938 páginas
[2026-01-13 23:24:29] 🔎 Iniciando contagem da pasta VICTORIA: 7.VICTORIA/1.RENOMEANDO (G:/My Drive/XABLAU/7.VICTORIA\1.RENOMEANDO)
[2026-01-13 23:24:29] 🔎 Iniciando contagem da pasta VICTORIA: 7.VICTORIA/2.RENOMEADOS (G:/My Drive/XABLAU/7.VICTORIA\2.RENOMEADOS)
[2026-01-13 23:24:29] ✅ Contagem VICTORIA concluída: 7.VICTORIA/1.RENOMEANDO -> 0 páginas
[2026-01-13 23:24:29] ✅ Contagem VICTORIA concluída: 7.VICTORIA/2.RENOMEADOS -> 0 páginas
[2026-01-14 20:14:16] Starting page count...
[2026-01-14 20:14:16] 📂 Pasta raiz configurada para contagem: G:/My Drive/XABLAU/
[2026-01-14 20:14:16] 📁 Pastas detectadas para contagem: 7
[2026-01-14 20:14:16] 🔎 Iniciando contagem da pasta: 3.BRUNO (G:/My Drive/XABLAU/3.BRUNO)
[2026-01-14 20:14:16] 🔎 Iniciando contagem da pasta: 1.LEIANES (G:/My Drive/XABLAU/1.LEIANES)
[2026-01-14 20:14:16] 🔎 Iniciando contagem da pasta: 2.EROS (G:/My Drive/XABLAU/2.EROS)
[2026-01-14 20:14:16] 🔎 Iniciando contagem da pasta: 4.MAYA (G:/My Drive/XABLAU/4.MAYA)
[2026-01-14 20:14:16] 🔎 Iniciando contagem da pasta: 5.CUSH (G:/My Drive/XABLAU/5.CUSH)
[2026-01-14 20:14:16] 🔎 Iniciando contagem da pasta: 6.ELIS (G:/My Drive/XABLAU/6.ELIS)
[2026-01-14 20:14:16] ✅ Contagem concluída: 1.LEIANES -> 0 páginas
[2026-01-14 20:14:16] ✅ Contagem concluída: 4.MAYA -> 0 páginas
[2026-01-14 20:14:16] ✅ Contagem concluída: 6.ELIS -> 0 páginas
[2026-01-14 20:14:34] ✅ Contagem concluída: 2.EROS -> 2807 páginas
[2026-01-14 20:14:37] ✅ Contagem concluída: 5.CUSH -> 4566 páginas
[2026-01-14 20:14:40] ✅ Contagem concluída: 3.BRUNO -> 7117 páginas
[2026-01-14 20:14:40] 🔎 Iniciando contagem da pasta VICTORIA: 7.VICTORIA/1.RENOMEANDO (G:/My Drive/XABLAU/7.VICTORIA\1.RENOMEANDO)
[2026-01-14 20:14:40] 🔎 Iniciando contagem da pasta VICTORIA: 7.VICTORIA/2.RENOMEADOS (G:/My Drive/XABLAU/7.VICTORIA\2.RENOMEADOS)
[2026-01-14 20:14:40] ✅ Contagem VICTORIA concluída: 7.VICTORIA/1.RENOMEANDO -> 0 páginas
[2026-01-14 20:14:40] ✅ Contagem VICTORIA concluída: 7.VICTORIA/2.RENOMEADOS -> 0 páginas
[2026-01-14 20:14:40] ✅ Mensagem liberada para envio: Message differs and cooldown passed
[2026-01-14 20:14:40] 📨 Destino WhatsApp: tipo=group alvo=XABLAU UPDATES
[2026-01-14 20:14:40] Enviando resultados para WhatsApp...
[2026-01-14 20:14:40] ℹ️ Tamanho da mensagem: 467 caracteres
[2026-01-14 20:14:50] Error sending message: Error sending message: Evaluation failed: TypeError: Cannot read properties of undefined (reading 'markedUnread')
    at I (https://static.whatsapp.net/rsrc.php/v4i4Xq4/y3/l/pt_BR-j/0SobNLNda59.js:1540:4365)
    at Object.<anonymous> (https://static.whatsapp.net/rsrc.php/v4i4Xq4/y3/l/pt_BR-j/0SobNLNda59.js:1540:1751)
    at Generator.next (<anonymous>)
    at l (https://static.whatsapp.net/rsrc.php/v4/yv/r/0p5QPbRp7Rp.js:107:125)
    at i (https://static.whatsapp.net/rsrc.php/v4/yv/r/0p5QPbRp7Rp.js:107:349)
    at https://static.whatsapp.net/rsrc.php/v4/yv/r/0p5QPbRp7Rp.js:107:408
    at new Promise (<anonymous>)
    at Object.<anonymous> (https://static.whatsapp.net/rsrc.php/v4/yv/r/0p5QPbRp7Rp.js:107:277)
    at Object.S (https://static.whatsapp.net/rsrc.php/v4i4Xq4/y3/l/pt_BR-j/0SobNLNda59.js:1540:2045)
    at Object.v [as sendSeen] (https://static.whatsapp.net/rsrc.php/v4i4Xq4/y3/l/pt_BR-j/0SobNLNda59.js:1540:1312)

[2026-01-14 20:14:50] Saída do script: WhatsApp connected!
Sending message to group: XABLAU UPDATES (id: 120363421676358028@g.us)
[2026-01-15 10:19:30] Starting page count...
[2026-01-15 10:19:30] 📂 Pasta raiz configurada para contagem: G:/My Drive/XABLAU/
[2026-01-15 10:19:30] 📁 Pastas detectadas para contagem: 7
[2026-01-15 10:19:30] 🔎 Iniciando contagem da pasta: 3.BRUNO (G:/My Drive/XABLAU/3.BRUNO)
[2026-01-15 10:19:30] 🔎 Iniciando contagem da pasta: 1.LEIANES (G:/My Drive/XABLAU/1.LEIANES)
[2026-01-15 10:19:30] 🔎 Iniciando contagem da pasta: 2.EROS (G:/My Drive/XABLAU/2.EROS)
[2026-01-15 10:19:30] 🔎 Iniciando contagem da pasta: 4.MAYA (G:/My Drive/XABLAU/4.MAYA)
[2026-01-15 10:19:30] 🔎 Iniciando contagem da pasta: 5.CUSH (G:/My Drive/XABLAU/5.CUSH)
[2026-01-15 10:19:30] 🔎 Iniciando contagem da pasta: 6.ELIS (G:/My Drive/XABLAU/6.ELIS)
[2026-01-15 10:19:30] ✅ Contagem concluída: 1.LEIANES -> 0 páginas
[2026-01-15 10:19:30] ✅ Contagem concluída: 4.MAYA -> 0 páginas
[2026-01-15 10:19:30] ✅ Contagem concluída: 6.ELIS -> 0 páginas
[2026-01-15 10:19:51] ✅ Contagem concluída: 2.EROS -> 2807 páginas
[2026-01-15 10:19:54] ✅ Contagem concluída: 5.CUSH -> 4566 páginas
[2026-01-15 10:20:01] ✅ Contagem concluída: 3.BRUNO -> 7117 páginas
[2026-01-15 10:20:01] 🔎 Iniciando contagem da pasta VICTORIA: 7.VICTORIA/1.RENOMEANDO (G:/My Drive/XABLAU/7.VICTORIA\1.RENOMEANDO)
[2026-01-15 10:20:01] 🔎 Iniciando contagem da pasta VICTORIA: 7.VICTORIA/2.RENOMEADOS (G:/My Drive/XABLAU/7.VICTORIA\2.RENOMEADOS)
[2026-01-15 10:20:01] ✅ Contagem VICTORIA concluída: 7.VICTORIA/1.RENOMEANDO -> 0 páginas
[2026-01-15 10:20:01] ✅ Contagem VICTORIA concluída: 7.VICTORIA/2.RENOMEADOS -> 0 páginas
[2026-01-15 14:35:18] Starting page count...
[2026-01-15 14:35:18] 📂 Pasta raiz configurada para contagem: G:/My Drive/XABLAU/
[2026-01-15 14:35:18] 📁 Pastas detectadas para contagem: 7
[2026-01-15 14:35:18] 🔎 Iniciando contagem da pasta: 3.BRUNO (G:/My Drive/XABLAU/3.BRUNO)
[2026-01-15 14:35:18] 🔎 Iniciando contagem da pasta: 1.LEIANES (G:/My Drive/XABLAU/1.LEIANES)
[2026-01-15 14:35:18] 🔎 Iniciando contagem da pasta: 2.EROS (G:/My Drive/XABLAU/2.EROS)
[2026-01-15 14:35:18] 🔎 Iniciando contagem da pasta: 4.MAYA (G:/My Drive/XABLAU/4.MAYA)
[2026-01-15 14:35:18] 🔎 Iniciando contagem da pasta: 5.CUSH (G:/My Drive/XABLAU/5.CUSH)
[2026-01-15 14:35:18] 🔎 Iniciando contagem da pasta: 6.ELIS (G:/My Drive/XABLAU/6.ELIS)
[2026-01-15 14:35:18] ✅ Contagem concluída: 4.MAYA -> 0 páginas
[2026-01-15 14:35:18] ✅ Contagem concluída: 1.LEIANES -> 0 páginas
[2026-01-15 14:35:18] ✅ Contagem concluída: 6.ELIS -> 0 páginas
[2026-01-15 14:35:43] ✅ Contagem concluída: 2.EROS -> 2807 páginas
[2026-01-15 14:35:48] ✅ Contagem concluída: 5.CUSH -> 4566 páginas
[2026-01-15 14:35:56] ✅ Contagem concluída: 3.BRUNO -> 7117 páginas
[2026-01-15 14:35:56] 🔎 Iniciando contagem da pasta VICTORIA: 7.VICTORIA/1.RENOMEANDO (G:/My Drive/XABLAU/7.VICTORIA\1.RENOMEANDO)
[2026-01-15 14:35:56] 🔎 Iniciando contagem da pasta VICTORIA: 7.VICTORIA/2.RENOMEADOS (G:/My Drive/XABLAU/7.VICTORIA\2.RENOMEADOS)
[2026-01-15 14:35:56] ✅ Contagem VICTORIA concluída: 7.VICTORIA/1.RENOMEANDO -> 0 páginas
[2026-01-15 14:35:56] ✅ Contagem VICTORIA concluída: 7.VICTORIA/2.RENOMEADOS -> 0 páginas
[2026-01-15 15:06:41] Starting page count...
[2026-01-15 15:06:41] 📂 Pasta raiz configurada para contagem: G:/My Drive/XABLAU/
[2026-01-15 15:06:41] 📁 Pastas detectadas para contagem: 7
[2026-01-15 15:06:41] 🔎 Iniciando contagem da pasta: 3.BRUNO (G:/My Drive/XABLAU/3.BRUNO)
[2026-01-15 15:06:41] 🔎 Iniciando contagem da pasta: 1.LEIANES (G:/My Drive/XABLAU/1.LEIANES)
[2026-01-15 15:06:41] 🔎 Iniciando contagem da pasta: 2.EROS (G:/My Drive/XABLAU/2.EROS)
[2026-01-15 15:06:41] 🔎 Iniciando contagem da pasta: 4.MAYA (G:/My Drive/XABLAU/4.MAYA)
[2026-01-15 15:06:41] 🔎 Iniciando contagem da pasta: 5.CUSH (G:/My Drive/XABLAU/5.CUSH)
[2026-01-15 15:06:41] 🔎 Iniciando contagem da pasta: 6.ELIS (G:/My Drive/XABLAU/6.ELIS)
[2026-01-15 15:06:41] ✅ Contagem concluída: 4.MAYA -> 0 páginas
[2026-01-15 15:06:41] ✅ Contagem concluída: 1.LEIANES -> 0 páginas
[2026-01-15 15:06:41] ✅ Contagem concluída: 6.ELIS -> 0 páginas
[2026-01-15 15:06:45] ✅ Contagem concluída: 2.EROS -> 2807 páginas
[2026-01-15 15:06:46] ✅ Contagem concluída: 5.CUSH -> 4566 páginas
[2026-01-15 15:06:48] ✅ Contagem concluída: 3.BRUNO -> 7117 páginas
[2026-01-15 15:06:48] 🔎 Iniciando contagem da pasta VICTORIA: 7.VICTORIA/1.RENOMEANDO (G:/My Drive/XABLAU/7.VICTORIA\1.RENOMEANDO)
[2026-01-15 15:06:48] 🔎 Iniciando contagem da pasta VICTORIA: 7.VICTORIA/2.RENOMEADOS (G:/My Drive/XABLAU/7.VICTORIA\2.RENOMEADOS)
[2026-01-15 15:06:48] ✅ Contagem VICTORIA concluída: 7.VICTORIA/1.RENOMEANDO -> 0 páginas
[2026-01-15 15:06:48] ✅ Contagem VICTORIA concluída: 7.VICTORIA/2.RENOMEADOS -> 0 páginas
[2026-01-15 15:44:51] Starting page count...
[2026-01-15 15:44:51] 📂 Pasta raiz configurada para contagem: G:/My Drive/XABLAU/
[2026-01-15 15:44:51] 📁 Pastas detectadas para contagem: 7
[2026-01-15 15:44:51] 🔎 Iniciando contagem da pasta: 3.BRUNO (G:/My Drive/XABLAU/3.BRUNO)
[2026-01-15 15:44:51] 🔎 Iniciando contagem da pasta: 1.LEIANES (G:/My Drive/XABLAU/1.LEIANES)
[2026-01-15 15:44:51] 🔎 Iniciando contagem da pasta: 2.EROS (G:/My Drive/XABLAU/2.EROS)
[2026-01-15 15:44:51] 🔎 Iniciando contagem da pasta: 4.MAYA (G:/My Drive/XABLAU/4.MAYA)
[2026-01-15 15:44:51] 🔎 Iniciando contagem da pasta: 5.CUSH (G:/My Drive/XABLAU/5.CUSH)
[2026-01-15 15:44:51] 🔎 Iniciando contagem da pasta: 6.ELIS (G:/My Drive/XABLAU/6.ELIS)
[2026-01-15 15:44:51] ✅ Contagem concluída: 4.MAYA -> 0 páginas
[2026-01-15 15:44:51] ✅ Contagem concluída: 1.LEIANES -> 0 páginas
[2026-01-15 15:44:51] ✅ Contagem concluída: 6.ELIS -> 0 páginas
[2026-01-15 15:44:56] ✅ Contagem concluída: 2.EROS -> 2807 páginas
[2026-01-15 15:44:57] ✅ Contagem concluída: 5.CUSH -> 4566 páginas
[2026-01-15 15:44:59] ✅ Contagem concluída: 3.BRUNO -> 7117 páginas
[2026-01-15 15:44:59] 🔎 Iniciando contagem da pasta VICTORIA: 7.VICTORIA/1.RENOMEANDO (G:/My Drive/XABLAU/7.VICTORIA\1.RENOMEANDO)
[2026-01-15 15:44:59] 🔎 Iniciando contagem da pasta VICTORIA: 7.VICTORIA/2.RENOMEADOS (G:/My Drive/XABLAU/7.VICTORIA\2.RENOMEADOS)
[2026-01-15 15:44:59] ✅ Contagem VICTORIA concluída: 7.VICTORIA/1.RENOMEANDO -> 0 páginas
[2026-01-15 15:44:59] ✅ Contagem VICTORIA concluída: 7.VICTORIA/2.RENOMEADOS -> 0 páginas
[2026-01-15 15:45:29] Starting page count...
[2026-01-15 15:45:29] 📂 Pasta raiz configurada para contagem: G:/My Drive/XABLAU/
[2026-01-15 15:45:29] 📁 Pastas detectadas para contagem: 8
[2026-01-15 15:45:29] 🔎 Iniciando contagem da pasta: 3.BRUNO (G:/My Drive/XABLAU/3.BRUNO)
[2026-01-15 15:45:29] 🔎 Iniciando contagem da pasta: 1.LEIANES (G:/My Drive/XABLAU/1.LEIANES)
[2026-01-15 15:45:29] 🔎 Iniciando contagem da pasta: 2.EROS (G:/My Drive/XABLAU/2.EROS)
[2026-01-15 15:45:29] 🔎 Iniciando contagem da pasta: 4.MAYA (G:/My Drive/XABLAU/4.MAYA)
[2026-01-15 15:45:29] 🔎 Iniciando contagem da pasta: 5.CUSH (G:/My Drive/XABLAU/5.CUSH)
[2026-01-15 15:45:29] 🔎 Iniciando contagem da pasta: 6.ELIS (G:/My Drive/XABLAU/6.ELIS)
[2026-01-15 15:45:29] 🔎 Iniciando contagem da pasta: 8.teste (G:/My Drive/XABLAU/8.teste)
[2026-01-15 15:45:29] ✅ Contagem concluída: 6.ELIS -> 0 páginas
[2026-01-15 15:45:29] ✅ Contagem concluída: 1.LEIANES -> 0 páginas
[2026-01-15 15:45:29] ✅ Contagem concluída: 4.MAYA -> 0 páginas
[2026-01-15 15:45:29] ✅ Contagem concluída: 8.teste -> 12 páginas
[2026-01-15 15:45:34] ✅ Contagem concluída: 2.EROS -> 2807 páginas
[2026-01-15 15:45:34] ✅ Contagem concluída: 5.CUSH -> 4566 páginas
[2026-01-15 15:45:36] ✅ Contagem concluída: 3.BRUNO -> 7117 páginas
[2026-01-15 15:45:36] 🔎 Iniciando contagem da pasta VICTORIA: 7.VICTORIA/1.RENOMEANDO (G:/My Drive/XABLAU/7.VICTORIA\1.RENOMEANDO)
[2026-01-15 15:45:36] 🔎 Iniciando contagem da pasta VICTORIA: 7.VICTORIA/2.RENOMEADOS (G:/My Drive/XABLAU/7.VICTORIA\2.RENOMEADOS)
[2026-01-15 15:45:36] ✅ Contagem VICTORIA concluída: 7.VICTORIA/1.RENOMEANDO -> 0 páginas
[2026-01-15 15:45:36] ✅ Contagem VICTORIA concluída: 7.VICTORIA/2.RENOMEADOS -> 0 páginas
[2026-01-15 15:45:36] ✅ Mensagem liberada para envio: Message differs and cooldown passed
[2026-01-15 15:45:36] 📨 Destino WhatsApp: tipo=group alvo=XABLAU UPDATES
[2026-01-15 15:45:36] Enviando resultados para WhatsApp...
[2026-01-15 15:45:36] ℹ️ Tamanho da mensagem: 485 caracteres
[2026-01-15 15:45:48] Error sending message: Error sending message: Evaluation failed: TypeError: Cannot read properties of undefined (reading 'markedUnread')
    at I (https://static.whatsapp.net/rsrc.php/v4i4Xq4/yR/l/pt_BR-j/W6MyUlgkz40.js:1540:4365)
    at Object.<anonymous> (https://static.whatsapp.net/rsrc.php/v4i4Xq4/yR/l/pt_BR-j/W6MyUlgkz40.js:1540:1751)
    at Generator.next (<anonymous>)
    at l (https://static.whatsapp.net/rsrc.php/v4/yE/r/8_Dgf5nZjzc.js:107:125)
    at i (https://static.whatsapp.net/rsrc.php/v4/yE/r/8_Dgf5nZjzc.js:107:349)
    at https://static.whatsapp.net/rsrc.php/v4/yE/r/8_Dgf5nZjzc.js:107:408
    at new Promise (<anonymous>)
    at Object.<anonymous> (https://static.whatsapp.net/rsrc.php/v4/yE/r/8_Dgf5nZjzc.js:107:277)
    at Object.S (https://static.whatsapp.net/rsrc.php/v4i4Xq4/yR/l/pt_BR-j/W6MyUlgkz40.js:1540:2045)
    at Object.v [as sendSeen] (https://static.whatsapp.net/rsrc.php/v4i4Xq4/yR/l/pt_BR-j/W6MyUlgkz40.js:1540:1312)

[2026-01-15 15:45:48] Saída do script: WhatsApp connected!
Sending message to group: XABLAU UPDATES (id: 120363421676358028@g.us)
[2026-01-15 15:47:27] Starting page count...
[2026-01-15 15:47:27] 📂 Pasta raiz configurada para contagem: G:/My Drive/XABLAU/
[2026-01-15 15:47:27] 📁 Pastas detectadas para contagem: 8
[2026-01-15 15:47:27] 🔎 Iniciando contagem da pasta: 3.BRUNO (G:/My Drive/XABLAU/3.BRUNO)
[2026-01-15 15:47:27] 🔎 Iniciando contagem da pasta: 1.LEIANES (G:/My Drive/XABLAU/1.LEIANES)
[2026-01-15 15:47:27] 🔎 Iniciando contagem da pasta: 2.EROS (G:/My Drive/XABLAU/2.EROS)
[2026-01-15 15:47:27] 🔎 Iniciando contagem da pasta: 4.MAYA (G:/My Drive/XABLAU/4.MAYA)
[2026-01-15 15:47:27] 🔎 Iniciando contagem da pasta: 5.CUSH (G:/My Drive/XABLAU/5.CUSH)
[2026-01-15 15:47:27] 🔎 Iniciando contagem da pasta: 6.ELIS (G:/My Drive/XABLAU/6.ELIS)
[2026-01-15 15:47:27] 🔎 Iniciando contagem da pasta: 8.teste (G:/My Drive/XABLAU/8.teste)
[2026-01-15 15:47:27] ✅ Contagem concluída: 4.MAYA -> 0 páginas
[2026-01-15 15:47:27] ✅ Contagem concluída: 1.LEIANES -> 0 páginas
[2026-01-15 15:47:27] ✅ Contagem concluída: 6.ELIS -> 0 páginas
[2026-01-15 15:47:27] ✅ Contagem concluída: 8.teste -> 12 páginas
[2026-01-15 15:47:32] ✅ Contagem concluída: 2.EROS -> 2807 páginas
[2026-01-15 15:47:33] ✅ Contagem concluída: 5.CUSH -> 4566 páginas
[2026-01-15 15:47:35] ✅ Contagem concluída: 3.BRUNO -> 7117 páginas
[2026-01-15 15:47:35] 🔎 Iniciando contagem da pasta VICTORIA: 7.VICTORIA/1.RENOMEANDO (G:/My Drive/XABLAU/7.VICTORIA\1.RENOMEANDO)
[2026-01-15 15:47:35] 🔎 Iniciando contagem da pasta VICTORIA: 7.VICTORIA/2.RENOMEADOS (G:/My Drive/XABLAU/7.VICTORIA\2.RENOMEADOS)
[2026-01-15 15:47:35] ✅ Contagem VICTORIA concluída: 7.VICTORIA/1.RENOMEANDO -> 0 páginas
[2026-01-15 15:47:35] ✅ Contagem VICTORIA concluída: 7.VICTORIA/2.RENOMEADOS -> 0 páginas
[2026-01-15 15:49:25] Starting page count...
[2026-01-15 15:49:25] 📂 Pasta raiz configurada para contagem: G:/My Drive/XABLAU/
[2026-01-15 15:49:25] 📁 Pastas detectadas para contagem: 7
[2026-01-15 15:49:25] 🔎 Iniciando contagem da pasta: 3.BRUNO (G:/My Drive/XABLAU/3.BRUNO)
[2026-01-15 15:49:25] 🔎 Iniciando contagem da pasta: 1.LEIANES (G:/My Drive/XABLAU/1.LEIANES)
[2026-01-15 15:49:25] 🔎 Iniciando contagem da pasta: 2.EROS (G:/My Drive/XABLAU/2.EROS)
[2026-01-15 15:49:25] 🔎 Iniciando contagem da pasta: 4.MAYA (G:/My Drive/XABLAU/4.MAYA)
[2026-01-15 15:49:25] 🔎 Iniciando contagem da pasta: 5.CUSH (G:/My Drive/XABLAU/5.CUSH)
[2026-01-15 15:49:25] 🔎 Iniciando contagem da pasta: 6.ELIS (G:/My Drive/XABLAU/6.ELIS)
[2026-01-15 15:49:25] ✅ Contagem concluída: 4.MAYA -> 0 páginas
[2026-01-15 15:49:25] ✅ Contagem concluída: 1.LEIANES -> 0 páginas
[2026-01-15 15:49:25] ✅ Contagem concluída: 6.ELIS -> 0 páginas
[2026-01-15 15:49:30] ✅ Contagem concluída: 2.EROS -> 2807 páginas
[2026-01-15 15:49:31] ✅ Contagem concluída: 5.CUSH -> 4566 páginas
[2026-01-15 15:49:33] ✅ Contagem concluída: 3.BRUNO -> 7117 páginas
[2026-01-15 15:49:33] 🔎 Iniciando contagem da pasta VICTORIA: 7.VICTORIA/1.RENOMEANDO (G:/My Drive/XABLAU/7.VICTORIA\1.RENOMEANDO)
[2026-01-15 15:49:33] 🔎 Iniciando contagem da pasta VICTORIA: 7.VICTORIA/2.RENOMEADOS (G:/My Drive/XABLAU/7.VICTORIA\2.RENOMEADOS)
[2026-01-15 15:49:33] ✅ Contagem VICTORIA concluída: 7.VICTORIA/1.RENOMEANDO -> 0 páginas
[2026-01-15 15:49:33] ✅ Contagem VICTORIA concluída: 7.VICTORIA/2.RENOMEADOS -> 0 páginas
[2026-01-15 15:49:33] ✅ Mensagem liberada para envio: Message differs and cooldown passed
[2026-01-15 15:49:33] 📨 Destino WhatsApp: tipo=group alvo=XABLAU UPDATES
[2026-01-15 15:49:33] Enviando resultados para WhatsApp...
[2026-01-15 15:49:33] ℹ️ Tamanho da mensagem: 457 caracteres
[2026-01-15 15:49:38] Message sent successfully to WhatsApp!
[2026-01-15 15:50:55] Starting page count...
[2026-01-15 15:50:55] 📂 Pasta raiz configurada para contagem: G:/My Drive/XABLAU/
[2026-01-15 15:50:55] 📁 Pastas detectadas para contagem: 7
[2026-01-15 15:50:55] 🔎 Iniciando contagem da pasta: 3.BRUNO (G:/My Drive/XABLAU/3.BRUNO)
[2026-01-15 15:50:55] 🔎 Iniciando contagem da pasta: 1.LEIANES (G:/My Drive/XABLAU/1.LEIANES)
[2026-01-15 15:50:55] 🔎 Iniciando contagem da pasta: 2.EROS (G:/My Drive/XABLAU/2.EROS)
[2026-01-15 15:50:55] 🔎 Iniciando contagem da pasta: 4.MAYA (G:/My Drive/XABLAU/4.MAYA)
[2026-01-15 15:50:55] 🔎 Iniciando contagem da pasta: 5.CUSH (G:/My Drive/XABLAU/5.CUSH)
[2026-01-15 15:50:55] 🔎 Iniciando contagem da pasta: 6.ELIS (G:/My Drive/XABLAU/6.ELIS)
[2026-01-15 15:50:55] ✅ Contagem concluída: 1.LEIANES -> 0 páginas
[2026-01-15 15:50:55] ✅ Contagem concluída: 4.MAYA -> 0 páginas
[2026-01-15 15:50:55] ✅ Contagem concluída: 6.ELIS -> 0 páginas
[2026-01-15 15:51:00] ✅ Contagem concluída: 2.EROS -> 2807 páginas
[2026-01-15 15:51:00] ✅ Contagem concluída: 5.CUSH -> 4566 páginas
[2026-01-15 15:51:02] ✅ Contagem concluída: 3.BRUNO -> 7117 páginas
[2026-01-15 15:51:02] 🔎 Iniciando contagem da pasta VICTORIA: 7.VICTORIA/1.RENOMEANDO (G:/My Drive/XABLAU/7.VICTORIA\1.RENOMEANDO)
[2026-01-15 15:51:02] 🔎 Iniciando contagem da pasta VICTORIA: 7.VICTORIA/2.RENOMEADOS (G:/My Drive/XABLAU/7.VICTORIA\2.RENOMEADOS)
[2026-01-15 15:51:02] ✅ Contagem VICTORIA concluída: 7.VICTORIA/1.RENOMEANDO -> 0 páginas
[2026-01-15 15:51:02] ✅ Contagem VICTORIA concluída: 7.VICTORIA/2.RENOMEADOS -> 0 páginas
[2026-01-15 15:51:42] Starting page count...
[2026-01-15 15:51:42] 📂 Pasta raiz configurada para contagem: G:/My Drive/XABLAU/
[2026-01-15 15:51:42] 📁 Pastas detectadas para contagem: 7
[2026-01-15 15:51:42] 🔎 Iniciando contagem da pasta: 3.BRUNO (G:/My Drive/XABLAU/3.BRUNO)
[2026-01-15 15:51:42] 🔎 Iniciando contagem da pasta: 1.LEIANES (G:/My Drive/XABLAU/1.LEIANES)
[2026-01-15 15:51:42] 🔎 Iniciando contagem da pasta: 2.EROS (G:/My Drive/XABLAU/2.EROS)
[2026-01-15 15:51:42] 🔎 Iniciando contagem da pasta: 4.MAYA (G:/My Drive/XABLAU/4.MAYA)
[2026-01-15 15:51:42] 🔎 Iniciando contagem da pasta: 5.CUSH (G:/My Drive/XABLAU/5.CUSH)
[2026-01-15 15:51:42] 🔎 Iniciando contagem da pasta: 6.ELIS (G:/My Drive/XABLAU/6.ELIS)
[2026-01-15 15:51:42] ✅ Contagem concluída: 1.LEIANES -> 0 páginas
[2026-01-15 15:51:42] ✅ Contagem concluída: 4.MAYA -> 0 páginas
[2026-01-15 15:51:42] ✅ Contagem concluída: 6.ELIS -> 0 páginas
[2026-01-15 15:51:46] ✅ Contagem concluída: 2.EROS -> 2807 páginas
[2026-01-15 15:51:47] ✅ Contagem concluída: 5.CUSH -> 4566 páginas
[2026-01-15 15:51:49] ✅ Contagem concluída: 3.BRUNO -> 7117 páginas
[2026-01-15 15:51:49] 🔎 Iniciando contagem da pasta VICTORIA: 7.VICTORIA/1.RENOMEANDO (G:/My Drive/XABLAU/7.VICTORIA\1.RENOMEANDO)
[2026-01-15 15:51:49] 🔎 Iniciando contagem da pasta VICTORIA: 7.VICTORIA/2.RENOMEADOS (G:/My Drive/XABLAU/7.VICTORIA\2.RENOMEADOS)
[2026-01-15 15:51:49] ✅ Contagem VICTORIA concluída: 7.VICTORIA/1.RENOMEANDO -> 0 páginas
[2026-01-15 15:51:49] ✅ Contagem VICTORIA concluída: 7.VICTORIA/2.RENOMEADOS -> 0 páginas
[2026-01-15 15:54:46] Starting page count...
[2026-01-15 15:54:46] 📂 Pasta raiz configurada para contagem: G:/My Drive/XABLAU/
[2026-01-15 15:54:46] 📁 Pastas detectadas para contagem: 8
[2026-01-15 15:54:46] 🔎 Iniciando contagem da pasta: 3.BRUNO (G:/My Drive/XABLAU/3.BRUNO)
[2026-01-15 15:54:46] 🔎 Iniciando contagem da pasta: 1.LEIANES (G:/My Drive/XABLAU/1.LEIANES)
[2026-01-15 15:54:46] 🔎 Iniciando contagem da pasta: 2.EROS (G:/My Drive/XABLAU/2.EROS)
[2026-01-15 15:54:46] 🔎 Iniciando contagem da pasta: 4.MAYA (G:/My Drive/XABLAU/4.MAYA)
[2026-01-15 15:54:46] 🔎 Iniciando contagem da pasta: 5.CUSH (G:/My Drive/XABLAU/5.CUSH)
[2026-01-15 15:54:46] 🔎 Iniciando contagem da pasta: 6.ELIS (G:/My Drive/XABLAU/6.ELIS)
[2026-01-15 15:54:46] 🔎 Iniciando contagem da pasta: 8.teste (G:/My Drive/XABLAU/8.teste)
[2026-01-15 15:54:46] ✅ Contagem concluída: 4.MAYA -> 0 páginas
[2026-01-15 15:54:46] ✅ Contagem concluída: 6.ELIS -> 0 páginas
[2026-01-15 15:54:46] ✅ Contagem concluída: 1.LEIANES -> 0 páginas
[2026-01-15 15:54:46] ✅ Contagem concluída: 8.teste -> 0 páginas
[2026-01-15 15:54:50] ✅ Contagem concluída: 2.EROS -> 2807 páginas
[2026-01-15 15:54:51] ✅ Contagem concluída: 5.CUSH -> 4566 páginas
[2026-01-15 15:54:53] ✅ Contagem concluída: 3.BRUNO -> 7117 páginas
[2026-01-15 15:54:53] 🔎 Iniciando contagem da pasta VICTORIA: 7.VICTORIA/1.RENOMEANDO (G:/My Drive/XABLAU/7.VICTORIA\1.RENOMEANDO)
[2026-01-15 15:54:53] 🔎 Iniciando contagem da pasta VICTORIA: 7.VICTORIA/2.RENOMEADOS (G:/My Drive/XABLAU/7.VICTORIA\2.RENOMEADOS)
[2026-01-15 15:54:53] ✅ Contagem VICTORIA concluída: 7.VICTORIA/1.RENOMEANDO -> 0 páginas
[2026-01-15 15:54:53] ✅ Contagem VICTORIA concluída: 7.VICTORIA/2.RENOMEADOS -> 0 páginas
[2026-01-15 15:55:28] Starting page count...
[2026-01-15 15:55:28] 📂 Pasta raiz configurada para contagem: G:/My Drive/XABLAU/
[2026-01-15 15:55:28] 📁 Pastas detectadas para contagem: 8
[2026-01-15 15:55:28] 🔎 Iniciando contagem da pasta: 3.BRUNO (G:/My Drive/XABLAU/3.BRUNO)
[2026-01-15 15:55:28] 🔎 Iniciando contagem da pasta: 1.LEIANES (G:/My Drive/XABLAU/1.LEIANES)
[2026-01-15 15:55:28] 🔎 Iniciando contagem da pasta: 2.EROS (G:/My Drive/XABLAU/2.EROS)
[2026-01-15 15:55:28] 🔎 Iniciando contagem da pasta: 4.MAYA (G:/My Drive/XABLAU/4.MAYA)
[2026-01-15 15:55:28] 🔎 Iniciando contagem da pasta: 5.CUSH (G:/My Drive/XABLAU/5.CUSH)
[2026-01-15 15:55:28] 🔎 Iniciando contagem da pasta: 6.ELIS (G:/My Drive/XABLAU/6.ELIS)
[2026-01-15 15:55:28] 🔎 Iniciando contagem da pasta: 8.teste (G:/My Drive/XABLAU/8.teste)
[2026-01-15 15:55:28] ✅ Contagem concluída: 4.MAYA -> 0 páginas
[2026-01-15 15:55:28] ✅ Contagem concluída: 6.ELIS -> 0 páginas
[2026-01-15 15:55:28] ✅ Contagem concluída: 1.LEIANES -> 0 páginas
[2026-01-15 15:55:28] ✅ Contagem concluída: 8.teste -> 0 páginas
[2026-01-15 15:55:32] ✅ Contagem concluída: 2.EROS -> 2807 páginas
[2026-01-15 15:55:33] ✅ Contagem concluída: 5.CUSH -> 4566 páginas
[2026-01-15 15:55:35] ✅ Contagem concluída: 3.BRUNO -> 7117 páginas
[2026-01-15 15:55:35] 🔎 Iniciando contagem da pasta VICTORIA: 7.VICTORIA/1.RENOMEANDO (G:/My Drive/XABLAU/7.VICTORIA\1.RENOMEANDO)
[2026-01-15 15:55:35] 🔎 Iniciando contagem da pasta VICTORIA: 7.VICTORIA/2.RENOMEADOS (G:/My Drive/XABLAU/7.VICTORIA\2.RENOMEADOS)
[2026-01-15 15:55:35] ✅ Contagem VICTORIA concluída: 7.VICTORIA/1.RENOMEANDO -> 0 páginas
[2026-01-15 15:55:35] ✅ Contagem VICTORIA concluída: 7.VICTORIA/2.RENOMEADOS -> 0 páginas
[2026-01-15 15:55:38] Starting page count...
[2026-01-15 15:55:38] 📂 Pasta raiz configurada para contagem: G:/My Drive/XABLAU/
[2026-01-15 15:55:38] 📁 Pastas detectadas para contagem: 8
[2026-01-15 15:55:38] 🔎 Iniciando contagem da pasta: 3.BRUNO (G:/My Drive/XABLAU/3.BRUNO)
[2026-01-15 15:55:38] 🔎 Iniciando contagem da pasta: 1.LEIANES (G:/My Drive/XABLAU/1.LEIANES)
[2026-01-15 15:55:38] 🔎 Iniciando contagem da pasta: 2.EROS (G:/My Drive/XABLAU/2.EROS)
[2026-01-15 15:55:38] 🔎 Iniciando contagem da pasta: 4.MAYA (G:/My Drive/XABLAU/4.MAYA)
[2026-01-15 15:55:38] 🔎 Iniciando contagem da pasta: 5.CUSH (G:/My Drive/XABLAU/5.CUSH)
[2026-01-15 15:55:38] 🔎 Iniciando contagem da pasta: 6.ELIS (G:/My Drive/XABLAU/6.ELIS)
[2026-01-15 15:55:38] 🔎 Iniciando contagem da pasta: 8.teste (G:/My Drive/XABLAU/8.teste)
[2026-01-15 15:55:38] ✅ Contagem concluída: 1.LEIANES -> 0 páginas
[2026-01-15 15:55:38] ✅ Contagem concluída: 4.MAYA -> 0 páginas
[2026-01-15 15:55:38] ✅ Contagem concluída: 6.ELIS -> 0 páginas
[2026-01-15 15:55:38] ✅ Contagem concluída: 8.teste -> 0 páginas
[2026-01-15 15:55:43] ✅ Contagem concluída: 2.EROS -> 2807 páginas
[2026-01-15 15:55:43] ✅ Contagem concluída: 5.CUSH -> 4566 páginas
[2026-01-15 15:55:45] ✅ Contagem concluída: 3.BRUNO -> 7117 páginas
[2026-01-15 15:55:45] 🔎 Iniciando contagem da pasta VICTORIA: 7.VICTORIA/1.RENOMEANDO (G:/My Drive/XABLAU/7.VICTORIA\1.RENOMEANDO)
[2026-01-15 15:55:45] 🔎 Iniciando contagem da pasta VICTORIA: 7.VICTORIA/2.RENOMEADOS (G:/My Drive/XABLAU/7.VICTORIA\2.RENOMEADOS)
[2026-01-15 15:55:45] ✅ Contagem VICTORIA concluída: 7.VICTORIA/1.RENOMEANDO -> 0 páginas
[2026-01-15 15:55:45] ✅ Contagem VICTORIA concluída: 7.VICTORIA/2.RENOMEADOS -> 0 páginas
[2026-01-15 15:55:53] Starting page count...
[2026-01-15 15:55:53] 📂 Pasta raiz configurada para contagem: G:/My Drive/XABLAU/
[2026-01-15 15:55:53] 📁 Pastas detectadas para contagem: 8
[2026-01-15 15:55:53] 🔎 Iniciando contagem da pasta: 3.BRUNO (G:/My Drive/XABLAU/3.BRUNO)
[2026-01-15 15:55:53] 🔎 Iniciando contagem da pasta: 1.LEIANES (G:/My Drive/XABLAU/1.LEIANES)
[2026-01-15 15:55:53] 🔎 Iniciando contagem da pasta: 2.EROS (G:/My Drive/XABLAU/2.EROS)
[2026-01-15 15:55:53] 🔎 Iniciando contagem da pasta: 4.MAYA (G:/My Drive/XABLAU/4.MAYA)
[2026-01-15 15:55:53] 🔎 Iniciando contagem da pasta: 5.CUSH (G:/My Drive/XABLAU/5.CUSH)
[2026-01-15 15:55:53] 🔎 Iniciando contagem da pasta: 6.ELIS (G:/My Drive/XABLAU/6.ELIS)
[2026-01-15 15:55:53] 🔎 Iniciando contagem da pasta: 8.teste (G:/My Drive/XABLAU/8.teste)
[2026-01-15 15:55:53] ✅ Contagem concluída: 4.MAYA -> 0 páginas
[2026-01-15 15:55:53] ✅ Contagem concluída: 6.ELIS -> 0 páginas
[2026-01-15 15:55:53] ✅ Contagem concluída: 1.LEIANES -> 0 páginas
[2026-01-15 15:55:53] ✅ Contagem concluída: 8.teste -> 0 páginas
[2026-01-15 15:55:57] ✅ Contagem concluída: 2.EROS -> 2807 páginas
[2026-01-15 15:55:58] ✅ Contagem concluída: 5.CUSH -> 4566 páginas
[2026-01-15 15:56:00] ✅ Contagem concluída: 3.BRUNO -> 7117 páginas
[2026-01-15 15:56:00] 🔎 Iniciando contagem da pasta VICTORIA: 7.VICTORIA/1.RENOMEANDO (G:/My Drive/XABLAU/7.VICTORIA\1.RENOMEANDO)
[2026-01-15 15:56:00] 🔎 Iniciando contagem da pasta VICTORIA: 7.VICTORIA/2.RENOMEADOS (G:/My Drive/XABLAU/7.VICTORIA\2.RENOMEADOS)
[2026-01-15 15:56:00] ✅ Contagem VICTORIA concluída: 7.VICTORIA/1.RENOMEANDO -> 0 páginas
[2026-01-15 15:56:00] ✅ Contagem VICTORIA concluída: 7.VICTORIA/2.RENOMEADOS -> 0 páginas
[2026-01-15 15:56:24] Starting page count...
[2026-01-15 15:56:24] 📂 Pasta raiz configurada para contagem: G:/My Drive/XABLAU/
[2026-01-15 15:56:24] 📁 Pastas detectadas para contagem: 8
[2026-01-15 15:56:24] 🔎 Iniciando contagem da pasta: 3.BRUNO (G:/My Drive/XABLAU/3.BRUNO)
[2026-01-15 15:56:24] 🔎 Iniciando contagem da pasta: 1.LEIANES (G:/My Drive/XABLAU/1.LEIANES)
[2026-01-15 15:56:24] 🔎 Iniciando contagem da pasta: 2.EROS (G:/My Drive/XABLAU/2.EROS)
[2026-01-15 15:56:24] 🔎 Iniciando contagem da pasta: 4.MAYA (G:/My Drive/XABLAU/4.MAYA)
[2026-01-15 15:56:24] 🔎 Iniciando contagem da pasta: 5.CUSH (G:/My Drive/XABLAU/5.CUSH)
[2026-01-15 15:56:24] 🔎 Iniciando contagem da pasta: 6.ELIS (G:/My Drive/XABLAU/6.ELIS)
[2026-01-15 15:56:24] 🔎 Iniciando contagem da pasta: 8.teste (G:/My Drive/XABLAU/8.teste)
[2026-01-15 15:56:24] ✅ Contagem concluída: 4.MAYA -> 0 páginas
[2026-01-15 15:56:24] ✅ Contagem concluída: 1.LEIANES -> 0 páginas
[2026-01-15 15:56:24] ✅ Contagem concluída: 6.ELIS -> 0 páginas
[2026-01-15 15:56:24] ✅ Contagem concluída: 8.teste -> 0 páginas
[2026-01-15 15:56:28] ✅ Contagem concluída: 2.EROS -> 2807 páginas
[2026-01-15 15:56:29] ✅ Contagem concluída: 5.CUSH -> 4566 páginas
[2026-01-15 15:56:31] ✅ Contagem concluída: 3.BRUNO -> 7117 páginas
[2026-01-15 15:56:31] 🔎 Iniciando contagem da pasta VICTORIA: 7.VICTORIA/1.RENOMEANDO (G:/My Drive/XABLAU/7.VICTORIA\1.RENOMEANDO)
[2026-01-15 15:56:31] 🔎 Iniciando contagem da pasta VICTORIA: 7.VICTORIA/2.RENOMEADOS (G:/My Drive/XABLAU/7.VICTORIA\2.RENOMEADOS)
[2026-01-15 15:56:31] ✅ Contagem VICTORIA concluída: 7.VICTORIA/1.RENOMEANDO -> 0 páginas
[2026-01-15 15:56:31] ✅ Contagem VICTORIA concluída: 7.VICTORIA/2.RENOMEADOS -> 0 páginas
[2026-01-15 15:57:12] Starting page count...
[2026-01-15 15:57:12] 📂 Pasta raiz configurada para contagem: G:/My Drive/XABLAU/
[2026-01-15 15:57:12] 📁 Pastas detectadas para contagem: 8
[2026-01-15 15:57:12] 🔎 Iniciando contagem da pasta: 3.BRUNO (G:/My Drive/XABLAU/3.BRUNO)
[2026-01-15 15:57:12] 🔎 Iniciando contagem da pasta: 1.LEIANES (G:/My Drive/XABLAU/1.LEIANES)
[2026-01-15 15:57:12] 🔎 Iniciando contagem da pasta: 2.EROS (G:/My Drive/XABLAU/2.EROS)
[2026-01-15 15:57:12] 🔎 Iniciando contagem da pasta: 4.MAYA (G:/My Drive/XABLAU/4.MAYA)
[2026-01-15 15:57:12] 🔎 Iniciando contagem da pasta: 5.CUSH (G:/My Drive/XABLAU/5.CUSH)
[2026-01-15 15:57:12] 🔎 Iniciando contagem da pasta: 6.ELIS (G:/My Drive/XABLAU/6.ELIS)
[2026-01-15 15:57:12] 🔎 Iniciando contagem da pasta: 8.testeeee (G:/My Drive/XABLAU/8.testeeee)
[2026-01-15 15:57:12] ✅ Contagem concluída: 6.ELIS -> 0 páginas
[2026-01-15 15:57:12] ✅ Contagem concluída: 4.MAYA -> 0 páginas
[2026-01-15 15:57:12] ✅ Contagem concluída: 1.LEIANES -> 0 páginas
[2026-01-15 15:57:12] ✅ Contagem concluída: 8.testeeee -> 0 páginas
[2026-01-15 15:57:16] ✅ Contagem concluída: 2.EROS -> 2807 páginas
[2026-01-15 15:57:17] ✅ Contagem concluída: 5.CUSH -> 4566 páginas
[2026-01-15 15:57:19] ✅ Contagem concluída: 3.BRUNO -> 7117 páginas
[2026-01-15 15:57:19] 🔎 Iniciando contagem da pasta VICTORIA: 7.VICTORIA/1.RENOMEANDO (G:/My Drive/XABLAU/7.VICTORIA\1.RENOMEANDO)
[2026-01-15 15:57:19] 🔎 Iniciando contagem da pasta VICTORIA: 7.VICTORIA/2.RENOMEADOS (G:/My Drive/XABLAU/7.VICTORIA\2.RENOMEADOS)
[2026-01-15 15:57:19] ✅ Contagem VICTORIA concluída: 7.VICTORIA/1.RENOMEANDO -> 0 páginas
[2026-01-15 15:57:19] ✅ Contagem VICTORIA concluída: 7.VICTORIA/2.RENOMEADOS -> 0 páginas
[2026-01-15 16:02:09] Starting page count...
[2026-01-15 16:02:09] 📂 Pasta raiz configurada para contagem: G:/My Drive/XABLAU/
[2026-01-15 16:02:09] 📁 Pastas detectadas para contagem: 8
[2026-01-15 16:02:09] 🔎 Iniciando contagem da pasta: 3.BRUNO (G:/My Drive/XABLAU/3.BRUNO)
[2026-01-15 16:02:09] 🔎 Iniciando contagem da pasta: 1.LEIANES (G:/My Drive/XABLAU/1.LEIANES)
[2026-01-15 16:02:09] 🔎 Iniciando contagem da pasta: 2.EROS (G:/My Drive/XABLAU/2.EROS)
[2026-01-15 16:02:09] 🔎 Iniciando contagem da pasta: 4.MAYA (G:/My Drive/XABLAU/4.MAYA)
[2026-01-15 16:02:09] 🔎 Iniciando contagem da pasta: 5.CUSH (G:/My Drive/XABLAU/5.CUSH)
[2026-01-15 16:02:09] 🔎 Iniciando contagem da pasta: 6.ELIS (G:/My Drive/XABLAU/6.ELIS)
[2026-01-15 16:02:09] 🔎 Iniciando contagem da pasta: 8.testeeee (G:/My Drive/XABLAU/8.testeeee)
[2026-01-15 16:02:09] ✅ Contagem concluída: 6.ELIS -> 0 páginas
[2026-01-15 16:02:09] ✅ Contagem concluída: 1.LEIANES -> 0 páginas
[2026-01-15 16:02:09] ✅ Contagem concluída: 4.MAYA -> 0 páginas
[2026-01-15 16:02:09] ✅ Contagem concluída: 8.testeeee -> 43 páginas
[2026-01-15 16:02:13] ✅ Contagem concluída: 2.EROS -> 2807 páginas
[2026-01-15 16:02:14] ✅ Contagem concluída: 5.CUSH -> 4566 páginas
[2026-01-15 16:02:16] ✅ Contagem concluída: 3.BRUNO -> 7117 páginas
[2026-01-15 16:02:16] 🔎 Iniciando contagem da pasta VICTORIA: 7.VICTORIA/1.RENOMEANDO (G:/My Drive/XABLAU/7.VICTORIA\1.RENOMEANDO)
[2026-01-15 16:02:16] 🔎 Iniciando contagem da pasta VICTORIA: 7.VICTORIA/2.RENOMEADOS (G:/My Drive/XABLAU/7.VICTORIA\2.RENOMEADOS)
[2026-01-15 16:02:16] ✅ Contagem VICTORIA concluída: 7.VICTORIA/1.RENOMEANDO -> 0 páginas
[2026-01-15 16:02:16] ✅ Contagem VICTORIA concluída: 7.VICTORIA/2.RENOMEADOS -> 0 páginas
[2026-01-15 16:02:16] ✅ Mensagem liberada para envio: Message differs and cooldown passed
[2026-01-15 16:02:16] 📨 Destino WhatsApp: tipo=group alvo=XABLAU UPDATES
[2026-01-15 16:02:16] Enviando resultados para WhatsApp...
[2026-01-15 16:02:16] ℹ️ Tamanho da mensagem: 491 caracteres
[2026-01-15 16:02:20] Message sent successfully to WhatsApp!
[2026-01-15 16:02:20] ℹ️ Saída do envio: WhatsApp connected!
Sending message to group: XABLAU UPDATES (id: 120363421676358028@g.us)
⚠️ Warning: Error related to sendSeen detected, but message may have been sent.
This is a known issue with whatsapp-web.js and can be safely ignored.
⚠️ Skipping ACK wait due to sendSeen error (message was likely sent)
[2026-01-15 16:05:29] Starting page count...
[2026-01-15 16:05:29] 📂 Pasta raiz configurada para contagem: G:/My Drive/XABLAU/
[2026-01-15 16:05:29] 📁 Pastas detectadas para contagem: 8
[2026-01-15 16:05:29] 🔎 Iniciando contagem da pasta: 3.BRUNO (G:/My Drive/XABLAU/3.BRUNO)
[2026-01-15 16:05:29] 🔎 Iniciando contagem da pasta: 1.LEIANES (G:/My Drive/XABLAU/1.LEIANES)
[2026-01-15 16:05:29] 🔎 Iniciando contagem da pasta: 2.EROS (G:/My Drive/XABLAU/2.EROS)
[2026-01-15 16:05:29] 🔎 Iniciando contagem da pasta: 4.MAYA (G:/My Drive/XABLAU/4.MAYA)
[2026-01-15 16:05:29] 🔎 Iniciando contagem da pasta: 5.CUSH (G:/My Drive/XABLAU/5.CUSH)
[2026-01-15 16:05:29] 🔎 Iniciando contagem da pasta: 6.ELIS (G:/My Drive/XABLAU/6.ELIS)
[2026-01-15 16:05:29] 🔎 Iniciando contagem da pasta: 8.testeeee (G:/My Drive/XABLAU/8.testeeee)
[2026-01-15 16:05:29] ✅ Contagem concluída: 1.LEIANES -> 0 páginas
[2026-01-15 16:05:29] ✅ Contagem concluída: 4.MAYA -> 0 páginas
[2026-01-15 16:05:29] ✅ Contagem concluída: 6.ELIS -> 0 páginas
[2026-01-15 16:05:29] ✅ Contagem concluída: 8.testeeee -> 43 páginas
[2026-01-15 16:05:33] ✅ Contagem concluída: 2.EROS -> 2807 páginas
[2026-01-15 16:05:34] ✅ Contagem concluída: 5.CUSH -> 4566 páginas
[2026-01-15 16:05:36] ✅ Contagem concluída: 3.BRUNO -> 7117 páginas
[2026-01-15 16:05:36] 🔎 Iniciando contagem da pasta VICTORIA: 7.VICTORIA/1.RENOMEANDO (G:/My Drive/XABLAU/7.VICTORIA\1.RENOMEANDO)
[2026-01-15 16:05:36] 🔎 Iniciando contagem da pasta VICTORIA: 7.VICTORIA/2.RENOMEADOS (G:/My Drive/XABLAU/7.VICTORIA\2.RENOMEADOS)
[2026-01-15 16:05:36] ✅ Contagem VICTORIA concluída: 7.VICTORIA/1.RENOMEANDO -> 0 páginas
[2026-01-15 16:05:36] ✅ Contagem VICTORIA concluída: 7.VICTORIA/2.RENOMEADOS -> 0 páginas
[2026-01-15 16:05:57] Starting page count...
[2026-01-15 16:05:57] 📂 Pasta raiz configurada para contagem: G:/My Drive/XABLAU/
[2026-01-15 16:05:57] 📁 Pastas detectadas para contagem: 7
[2026-01-15 16:05:57] 🔎 Iniciando contagem da pasta: 3.BRUNO (G:/My Drive/XABLAU/3.BRUNO)
[2026-01-15 16:05:57] 🔎 Iniciando contagem da pasta: 1.LEIANES (G:/My Drive/XABLAU/1.LEIANES)
[2026-01-15 16:05:57] 🔎 Iniciando contagem da pasta: 2.EROS (G:/My Drive/XABLAU/2.EROS)
[2026-01-15 16:05:57] 🔎 Iniciando contagem da pasta: 4.MAYA (G:/My Drive/XABLAU/4.MAYA)
[2026-01-15 16:05:57] 🔎 Iniciando contagem da pasta: 5.CUSH (G:/My Drive/XABLAU/5.CUSH)
[2026-01-15 16:05:57] 🔎 Iniciando contagem da pasta: 6.ELIS (G:/My Drive/XABLAU/6.ELIS)
[2026-01-15 16:05:57] ✅ Contagem concluída: 1.LEIANES -> 0 páginas
[2026-01-15 16:05:57] ✅ Contagem concluída: 4.MAYA -> 0 páginas
[2026-01-15 16:05:57] ✅ Contagem concluída: 6.ELIS -> 0 páginas
[2026-01-15 16:06:02] ✅ Contagem concluída: 2.EROS -> 2807 páginas
[2026-01-15 16:06:02] ✅ Contagem concluída: 5.CUSH -> 4566 páginas
[2026-01-15 16:06:04] ✅ Contagem concluída: 3.BRUNO -> 7117 páginas
[2026-01-15 16:06:04] 🔎 Iniciando contagem da pasta VICTORIA: 7.VICTORIA/1.RENOMEANDO (G:/My Drive/XABLAU/7.VICTORIA\1.RENOMEANDO)
[2026-01-15 16:06:04] 🔎 Iniciando contagem da pasta VICTORIA: 7.VICTORIA/2.RENOMEADOS (G:/My Drive/XABLAU/7.VICTORIA\2.RENOMEADOS)
[2026-01-15 16:06:04] ✅ Contagem VICTORIA concluída: 7.VICTORIA/1.RENOMEANDO -> 0 páginas
[2026-01-15 16:06:04] ✅ Contagem VICTORIA concluída: 7.VICTORIA/2.RENOMEADOS -> 0 páginas
[2026-01-15 16:06:04] ✅ Mensagem liberada para envio: Message differs and cooldown passed
[2026-01-15 16:06:04] 📨 Destino WhatsApp: tipo=group alvo=XABLAU UPDATES
[2026-01-15 16:06:04] Enviando resultados para WhatsApp...
[2026-01-15 16:06:04] ℹ️ Tamanho da mensagem: 460 caracteres
[2026-01-15 16:06:12] Message sent successfully to WhatsApp!
[2026-01-15 16:06:12] ℹ️ Saída do envio: WhatsApp connected!
Sending message to group: XABLAU UPDATES (id: 120363421676358028@g.us)
Message sent successfully! msgId: true_120363421676358028@g.us_3EB0914B203C35D03961A1_174462209097938@lid chatId: 120363421676358028@g.us
Ack de entrega recebido (pelo menos chegou ao servidor).
[2026-01-15 20:17:43] Starting page count...
[2026-01-15 20:17:43] 📂 Pasta raiz configurada para contagem: G:/My Drive/XABLAU/
[2026-01-15 20:17:43] 📁 Pastas detectadas para contagem: 7
[2026-01-15 20:17:43] 🔎 Iniciando contagem da pasta: 3.BRUNO (G:/My Drive/XABLAU/3.BRUNO)
[2026-01-15 20:17:43] 🔎 Iniciando contagem da pasta: 1.LEIANES (G:/My Drive/XABLAU/1.LEIANES)
[2026-01-15 20:17:43] 🔎 Iniciando contagem da pasta: 2.EROS (G:/My Drive/XABLAU/2.EROS)
[2026-01-15 20:17:43] 🔎 Iniciando contagem da pasta: 4.MAYA (G:/My Drive/XABLAU/4.MAYA)
[2026-01-15 20:17:43] 🔎 Iniciando contagem da pasta: 5.CUSH (G:/My Drive/XABLAU/5.CUSH)
[2026-01-15 20:17:43] 🔎 Iniciando contagem da pasta: 6.ELIS (G:/My Drive/XABLAU/6.ELIS)
[2026-01-15 20:17:43] ✅ Contagem concluída: 1.LEIANES -> 0 páginas
[2026-01-15 20:17:43] ✅ Contagem concluída: 4.MAYA -> 0 páginas
[2026-01-15 20:17:43] ✅ Contagem concluída: 6.ELIS -> 0 páginas
[2026-01-15 20:18:00] ✅ Contagem concluída: 2.EROS -> 2807 páginas
[2026-01-15 20:18:08] ✅ Contagem concluída: 5.CUSH -> 5711 páginas
[2026-01-15 20:18:11] ✅ Contagem concluída: 3.BRUNO -> 7117 páginas
[2026-01-15 20:18:11] 🔎 Iniciando contagem da pasta VICTORIA: 7.VICTORIA/1.RENOMEANDO (G:/My Drive/XABLAU/7.VICTORIA\1.RENOMEANDO)
[2026-01-15 20:18:11] 🔎 Iniciando contagem da pasta VICTORIA: 7.VICTORIA/2.RENOMEADOS (G:/My Drive/XABLAU/7.VICTORIA\2.RENOMEADOS)
[2026-01-15 20:18:11] ✅ Contagem VICTORIA concluída: 7.VICTORIA/1.RENOMEANDO -> 0 páginas
[2026-01-15 20:18:11] ✅ Contagem VICTORIA concluída: 7.VICTORIA/2.RENOMEADOS -> 0 páginas
[2026-01-15 20:18:11] ✅ Mensagem liberada para envio: Message differs and cooldown passed
[2026-01-15 20:18:11] 📨 Destino WhatsApp: tipo=group alvo=XABLAU UPDATES
[2026-01-15 20:18:11] Enviando resultados para WhatsApp...
[2026-01-15 20:18:11] ℹ️ Tamanho da mensagem: 466 caracteres
[2026-01-15 20:18:25] Message sent successfully to WhatsApp!
[2026-01-15 20:18:25] ℹ️ Saída do envio: WhatsApp connected!
Sending message to group: XABLAU UPDATES (id: 120363421676358028@g.us)
Message sent successfully! msgId: true_120363421676358028@g.us_3EB024A0BDFDA64644E275_174462209097938@lid chatId: 120363421676358028@g.us
Ack de entrega recebido (pelo menos chegou ao servidor).
[2026-01-16 07:33:52] Starting page count...
[2026-01-16 07:33:52] 📂 Pasta raiz configurada para contagem: G:/My Drive/XABLAU/
[2026-01-16 07:33:52] 📁 Pastas detectadas para contagem: 7
[2026-01-16 07:33:52] 🔎 Iniciando contagem da pasta: 3.BRUNO (G:/My Drive/XABLAU/3.BRUNO)
[2026-01-16 07:33:52] 🔎 Iniciando contagem da pasta: 1.LEIANES (G:/My Drive/XABLAU/1.LEIANES)
[2026-01-16 07:33:52] 🔎 Iniciando contagem da pasta: 2.EROS (G:/My Drive/XABLAU/2.EROS)
[2026-01-16 07:33:52] 🔎 Iniciando contagem da pasta: 4.MAYA (G:/My Drive/XABLAU/4.MAYA)
[2026-01-16 07:33:52] 🔎 Iniciando contagem da pasta: 5.CUSH (G:/My Drive/XABLAU/5.CUSH)
[2026-01-16 07:33:52] 🔎 Iniciando contagem da pasta: 6.ELIS (G:/My Drive/XABLAU/6.ELIS)
[2026-01-16 07:33:52] ✅ Contagem concluída: 1.LEIANES -> 0 páginas
[2026-01-16 07:33:52] ✅ Contagem concluída: 4.MAYA -> 0 páginas
[2026-01-16 07:33:52] ✅ Contagem concluída: 6.ELIS -> 0 páginas
[2026-01-16 07:34:11] ✅ Contagem concluída: 2.EROS -> 2807 páginas
[2026-01-16 07:34:20] ✅ Contagem concluída: 5.CUSH -> 5711 páginas
[2026-01-16 07:34:23] ✅ Contagem concluída: 3.BRUNO -> 7117 páginas
[2026-01-16 07:34:23] 🔎 Iniciando contagem da pasta VICTORIA: 7.VICTORIA/1.RENOMEANDO (G:/My Drive/XABLAU/7.VICTORIA\1.RENOMEANDO)
[2026-01-16 07:34:23] 🔎 Iniciando contagem da pasta VICTORIA: 7.VICTORIA/2.RENOMEADOS (G:/My Drive/XABLAU/7.VICTORIA\2.RENOMEADOS)
[2026-01-16 07:34:23] ✅ Contagem VICTORIA concluída: 7.VICTORIA/1.RENOMEANDO -> 0 páginas
[2026-01-16 07:34:23] ✅ Contagem VICTORIA concluída: 7.VICTORIA/2.RENOMEADOS -> 0 páginas
[2026-01-16 14:10:20] Starting page count...
[2026-01-16 14:10:20] 📂 Pasta raiz configurada para contagem: G:/My Drive/XABLAU/
[2026-01-16 14:10:20] 📁 Pastas detectadas para contagem: 7
[2026-01-16 14:10:20] 🔎 Iniciando contagem da pasta: 3.BRUNO (G:/My Drive/XABLAU/3.BRUNO)
[2026-01-16 14:10:20] 🔎 Iniciando contagem da pasta: 1.LEIANES (G:/My Drive/XABLAU/1.LEIANES)
[2026-01-16 14:10:20] 🔎 Iniciando contagem da pasta: 2.EROS (G:/My Drive/XABLAU/2.EROS)
[2026-01-16 14:10:20] 🔎 Iniciando contagem da pasta: 4.MAYA (G:/My Drive/XABLAU/4.MAYA)
[2026-01-16 14:10:20] 🔎 Iniciando contagem da pasta: 5.CUSH (G:/My Drive/XABLAU/5.CUSH)
[2026-01-16 14:10:20] 🔎 Iniciando contagem da pasta: 6.ELIS (G:/My Drive/XABLAU/6.ELIS)
[2026-01-16 14:10:20] ✅ Contagem concluída: 1.LEIANES -> 0 páginas
[2026-01-16 14:10:20] ✅ Contagem concluída: 4.MAYA -> 0 páginas
[2026-01-16 14:10:20] ✅ Contagem concluída: 6.ELIS -> 0 páginas
[2026-01-16 14:10:39] ✅ Contagem concluída: 2.EROS -> 2807 páginas
[2026-01-16 14:10:49] ✅ Contagem concluída: 5.CUSH -> 5711 páginas
[2026-01-16 14:10:53] ✅ Contagem concluída: 3.BRUNO -> 8663 páginas
[2026-01-16 14:10:53] 🔎 Iniciando contagem da pasta VICTORIA: 7.VICTORIA/1.RENOMEANDO (G:/My Drive/XABLAU/7.VICTORIA\1.RENOMEANDO)
[2026-01-16 14:10:53] 🔎 Iniciando contagem da pasta VICTORIA: 7.VICTORIA/2.RENOMEADOS (G:/My Drive/XABLAU/7.VICTORIA\2.RENOMEADOS)
[2026-01-16 14:10:53] ✅ Contagem VICTORIA concluída: 7.VICTORIA/1.RENOMEANDO -> 0 páginas
[2026-01-16 14:10:53] ✅ Contagem VICTORIA concluída: 7.VICTORIA/2.RENOMEADOS -> 0 páginas
[2026-01-16 14:10:53] ✅ Mensagem liberada para envio: Message differs and cooldown passed
[2026-01-16 14:10:53] 📨 Destino WhatsApp: tipo=group alvo=XABLAU UPDATES
[2026-01-16 14:10:53] Enviando resultados para WhatsApp...
[2026-01-16 14:10:53] ℹ️ Tamanho da mensagem: 467 caracteres
[2026-01-16 14:11:05] Message sent successfully to WhatsApp!
[2026-01-16 14:11:05] ℹ️ Saída do envio: WhatsApp connected!
Sending message to group: XABLAU UPDATES (id: 120363421676358028@g.us)
Message sent successfully! msgId: true_120363421676358028@g.us_3EB0DFF71BB7068B9F92B7_174462209097938@lid chatId: 120363421676358028@g.us
Ack de entrega recebido (pelo menos chegou ao servidor).
[2026-01-16 14:15:38] Starting page count...
[2026-01-16 14:15:38] 📂 Pasta raiz configurada para contagem: G:/My Drive/XABLAU/
[2026-01-16 14:15:38] 📁 Pastas detectadas para contagem: 7
[2026-01-16 14:15:38] 🔎 Iniciando contagem da pasta: 3.BRUNO (G:/My Drive/XABLAU/3.BRUNO)
[2026-01-16 14:15:38] 🔎 Iniciando contagem da pasta: 1.LEIANES (G:/My Drive/XABLAU/1.LEIANES)
[2026-01-16 14:15:38] 🔎 Iniciando contagem da pasta: 2.EROS (G:/My Drive/XABLAU/2.EROS)
[2026-01-16 14:15:38] 🔎 Iniciando contagem da pasta: 4.MAYA (G:/My Drive/XABLAU/4.MAYA)
[2026-01-16 14:15:38] 🔎 Iniciando contagem da pasta: 5.CUSH (G:/My Drive/XABLAU/5.CUSH)
[2026-01-16 14:15:38] 🔎 Iniciando contagem da pasta: 6.ELIS (G:/My Drive/XABLAU/6.ELIS)
[2026-01-16 14:15:38] ✅ Contagem concluída: 1.LEIANES -> 0 páginas
[2026-01-16 14:15:38] ✅ Contagem concluída: 4.MAYA -> 0 páginas
[2026-01-16 14:15:38] ✅ Contagem concluída: 6.ELIS -> 0 páginas
[2026-01-16 14:15:42] ✅ Contagem concluída: 2.EROS -> 2807 páginas
[2026-01-16 14:15:44] ✅ Contagem concluída: 5.CUSH -> 5711 páginas
[2026-01-16 14:15:46] ✅ Contagem concluída: 3.BRUNO -> 8663 páginas
[2026-01-16 14:15:46] 🔎 Iniciando contagem da pasta VICTORIA: 7.VICTORIA/1.RENOMEANDO (G:/My Drive/XABLAU/7.VICTORIA\1.RENOMEANDO)
[2026-01-16 14:15:46] 🔎 Iniciando contagem da pasta VICTORIA: 7.VICTORIA/2.RENOMEADOS (G:/My Drive/XABLAU/7.VICTORIA\2.RENOMEADOS)
[2026-01-16 14:15:46] ✅ Contagem VICTORIA concluída: 7.VICTORIA/1.RENOMEANDO -> 0 páginas
[2026-01-16 14:15:46] ✅ Contagem VICTORIA concluída: 7.VICTORIA/2.RENOMEADOS -> 0 páginas
[2026-01-16 18:03:37] Starting page count...
[2026-01-16 18:03:37] 📂 Pasta raiz configurada para contagem: G:/My Drive/XABLAU/
[2026-01-16 18:03:37] 📁 Pastas detectadas para contagem: 7
[2026-01-16 18:03:37] 🔎 Iniciando contagem da pasta: 3.BRUNO (G:/My Drive/XABLAU/3.BRUNO)
[2026-01-16 18:03:37] 🔎 Iniciando contagem da pasta: 1.LEIANES (G:/My Drive/XABLAU/1.LEIANES)
[2026-01-16 18:03:37] 🔎 Iniciando contagem da pasta: 2.EROS (G:/My Drive/XABLAU/2.EROS)
[2026-01-16 18:03:37] 🔎 Iniciando contagem da pasta: 4.MAYA (G:/My Drive/XABLAU/4.MAYA)
[2026-01-16 18:03:37] 🔎 Iniciando contagem da pasta: 5.CUSH (G:/My Drive/XABLAU/5.CUSH)
[2026-01-16 18:03:37] 🔎 Iniciando contagem da pasta: 6.ELIS (G:/My Drive/XABLAU/6.ELIS)
[2026-01-16 18:03:37] ✅ Contagem concluída: 1.LEIANES -> 0 páginas
[2026-01-16 18:03:37] ✅ Contagem concluída: 4.MAYA -> 0 páginas
[2026-01-16 18:03:37] ✅ Contagem concluída: 6.ELIS -> 0 páginas
[2026-01-16 18:03:40] ✅ Contagem concluída: 2.EROS -> 2807 páginas
[2026-01-16 18:03:42] ✅ Contagem concluída: 5.CUSH -> 5711 páginas
[2026-01-16 18:03:45] ✅ Contagem concluída: 3.BRUNO -> 9291 páginas
[2026-01-16 18:03:45] 🔎 Iniciando contagem da pasta VICTORIA: 7.VICTORIA/1.RENOMEANDO (G:/My Drive/XABLAU/7.VICTORIA\1.RENOMEANDO)
[2026-01-16 18:03:45] 🔎 Iniciando contagem da pasta VICTORIA: 7.VICTORIA/2.RENOMEADOS (G:/My Drive/XABLAU/7.VICTORIA\2.RENOMEADOS)
[2026-01-16 18:03:45] ✅ Contagem VICTORIA concluída: 7.VICTORIA/1.RENOMEANDO -> 0 páginas
[2026-01-16 18:03:45] ✅ Contagem VICTORIA concluída: 7.VICTORIA/2.RENOMEADOS -> 0 páginas
[2026-01-16 18:03:45] ✅ Mensagem liberada para envio: Message differs and cooldown passed
[2026-01-16 18:03:45] 📨 Destino WhatsApp: tipo=group alvo=XABLAU UPDATES
[2026-01-16 18:03:45] Enviando resultados para WhatsApp...
[2026-01-16 18:03:45] ℹ️ Tamanho da mensagem: 465 caracteres
[2026-01-16 18:03:51] Message sent successfully to WhatsApp!
[2026-01-16 18:03:51] ℹ️ Saída do envio: WhatsApp connected!
Sending message to group: XABLAU UPDATES (id: 120363421676358028@g.us)
Message sent successfully! msgId: true_120363421676358028@g.us_3EB069AE401BCE2B7F93F0_174462209097938@lid chatId: 120363421676358028@g.us
Ack de entrega recebido (pelo menos chegou ao servidor).
[2026-01-16 18:07:41] Starting page count...
[2026-01-16 18:07:41] 📂 Pasta raiz configurada para contagem: G:/My Drive/XABLAU/
[2026-01-16 18:07:41] 📁 Pastas detectadas para contagem: 7
[2026-01-16 18:07:41] 🔎 Iniciando contagem da pasta: 3.BRUNO (G:/My Drive/XABLAU/3.BRUNO)
[2026-01-16 18:07:41] 🔎 Iniciando contagem da pasta: 1.LEIANES (G:/My Drive/XABLAU/1.LEIANES)
[2026-01-16 18:07:41] 🔎 Iniciando contagem da pasta: 2.EROS (G:/My Drive/XABLAU/2.EROS)
[2026-01-16 18:07:41] 🔎 Iniciando contagem da pasta: 4.MAYA (G:/My Drive/XABLAU/4.MAYA)
[2026-01-16 18:07:41] 🔎 Iniciando contagem da pasta: 5.CUSH (G:/My Drive/XABLAU/5.CUSH)
[2026-01-16 18:07:41] 🔎 Iniciando contagem da pasta: 6.ELIS (G:/My Drive/XABLAU/6.ELIS)
[2026-01-16 18:07:41] ✅ Contagem concluída: 1.LEIANES -> 0 páginas
[2026-01-16 18:07:41] ✅ Contagem concluída: 4.MAYA -> 0 páginas
[2026-01-16 18:07:41] ✅ Contagem concluída: 6.ELIS -> 0 páginas
[2026-01-16 18:07:44] ✅ Contagem concluída: 2.EROS -> 2807 páginas
[2026-01-16 18:07:46] ✅ Contagem concluída: 5.CUSH -> 5711 páginas
[2026-01-16 18:07:48] ✅ Contagem concluída: 3.BRUNO -> 9291 páginas
[2026-01-16 18:07:48] 🔎 Iniciando contagem da pasta VICTORIA: 7.VICTORIA/1.RENOMEANDO (G:/My Drive/XABLAU/7.VICTORIA\1.RENOMEANDO)
[2026-01-16 18:07:48] 🔎 Iniciando contagem da pasta VICTORIA: 7.VICTORIA/2.RENOMEADOS (G:/My Drive/XABLAU/7.VICTORIA\2.RENOMEADOS)
[2026-01-16 18:07:48] ✅ Contagem VICTORIA concluída: 7.VICTORIA/1.RENOMEANDO -> 0 páginas
[2026-01-16 18:07:48] ✅ Contagem VICTORIA concluída: 7.VICTORIA/2.RENOMEADOS -> 0 páginas
[2026-01-18 12:16:12] Starting page count...
[2026-01-18 12:16:12] 📂 Pasta raiz configurada para contagem: G:/My Drive/XABLAU/
[2026-01-18 12:16:12] 📁 Pastas detectadas para contagem: 7
[2026-01-18 12:16:12] 🔎 Iniciando contagem da pasta: 3.BRUNO (G:/My Drive/XABLAU/3.BRUNO)
[2026-01-18 12:16:12] 🔎 Iniciando contagem da pasta: 1.LEIANES (G:/My Drive/XABLAU/1.LEIANES)
[2026-01-18 12:16:12] 🔎 Iniciando contagem da pasta: 2.EROS (G:/My Drive/XABLAU/2.EROS)
[2026-01-18 12:16:12] 🔎 Iniciando contagem da pasta: 4.MAYA (G:/My Drive/XABLAU/4.MAYA)
[2026-01-18 12:16:12] 🔎 Iniciando contagem da pasta: 5.CUSH (G:/My Drive/XABLAU/5.CUSH)
[2026-01-18 12:16:12] 🔎 Iniciando contagem da pasta: 6.ELIS (G:/My Drive/XABLAU/6.ELIS)
[2026-01-18 12:16:12] ✅ Contagem concluída: 1.LEIANES -> 0 páginas
[2026-01-18 12:16:12] ✅ Contagem concluída: 4.MAYA -> 0 páginas
[2026-01-18 12:16:12] ✅ Contagem concluída: 6.ELIS -> 0 páginas
[2026-01-18 12:16:31] ✅ Contagem concluída: 2.EROS -> 2807 páginas
[2026-01-18 12:16:40] ✅ Contagem concluída: 5.CUSH -> 5711 páginas
[2026-01-18 12:16:49] ✅ Contagem concluída: 3.BRUNO -> 9291 páginas
[2026-01-18 12:16:49] 🔎 Iniciando contagem da pasta VICTORIA: 7.VICTORIA/1.RENOMEANDO (G:/My Drive/XABLAU/7.VICTORIA\1.RENOMEANDO)
[2026-01-18 12:16:49] 🔎 Iniciando contagem da pasta VICTORIA: 7.VICTORIA/2.RENOMEADOS (G:/My Drive/XABLAU/7.VICTORIA\2.RENOMEADOS)
[2026-01-18 12:16:49] ✅ Contagem VICTORIA concluída: 7.VICTORIA/1.RENOMEANDO -> 0 páginas
[2026-01-18 12:16:49] ✅ Contagem VICTORIA concluída: 7.VICTORIA/2.RENOMEADOS -> 0 páginas
[2026-01-19 08:17:06] Starting page count...
[2026-01-19 08:17:06] 📂 Pasta raiz configurada para contagem: G:/My Drive/XABLAU/
[2026-01-19 08:17:06] 📁 Pastas detectadas para contagem: 7
[2026-01-19 08:17:06] 🔎 Iniciando contagem da pasta: 3.BRUNO (G:/My Drive/XABLAU/3.BRUNO)
[2026-01-19 08:17:06] 🔎 Iniciando contagem da pasta: 1.LEIANES (G:/My Drive/XABLAU/1.LEIANES)
[2026-01-19 08:17:06] 🔎 Iniciando contagem da pasta: 2.EROS (G:/My Drive/XABLAU/2.EROS)
[2026-01-19 08:17:06] 🔎 Iniciando contagem da pasta: 4.MAYA (G:/My Drive/XABLAU/4.MAYA)
[2026-01-19 08:17:06] 🔎 Iniciando contagem da pasta: 5.CUSH (G:/My Drive/XABLAU/5.CUSH)
[2026-01-19 08:17:06] 🔎 Iniciando contagem da pasta: 6.ELIS (G:/My Drive/XABLAU/6.ELIS)
[2026-01-19 08:17:06] ✅ Contagem concluída: 1.LEIANES -> 0 páginas
[2026-01-19 08:17:06] ✅ Contagem concluída: 4.MAYA -> 0 páginas
[2026-01-19 08:17:06] ✅ Contagem concluída: 6.ELIS -> 0 páginas
[2026-01-19 08:17:22] ✅ Contagem concluída: 2.EROS -> 2807 páginas
[2026-01-19 08:17:30] ✅ Contagem concluída: 5.CUSH -> 5711 páginas
[2026-01-19 08:17:37] ✅ Contagem concluída: 3.BRUNO -> 9291 páginas
[2026-01-19 08:17:37] 🔎 Iniciando contagem da pasta VICTORIA: 7.VICTORIA/1.RENOMEANDO (G:/My Drive/XABLAU/7.VICTORIA\1.RENOMEANDO)
[2026-01-19 08:17:37] 🔎 Iniciando contagem da pasta VICTORIA: 7.VICTORIA/2.RENOMEADOS (G:/My Drive/XABLAU/7.VICTORIA\2.RENOMEADOS)
[2026-01-19 08:17:37] ✅ Contagem VICTORIA concluída: 7.VICTORIA/1.RENOMEANDO -> 0 páginas
[2026-01-19 08:17:37] ✅ Contagem VICTORIA concluída: 7.VICTORIA/2.RENOMEADOS -> 0 páginas
[2026-01-19 14:57:43] Starting page count...
[2026-01-19 14:57:43] 📂 Pasta raiz configurada para contagem: G:/My Drive/XABLAU/
[2026-01-19 14:57:43] 📁 Pastas detectadas para contagem: 7
[2026-01-19 14:57:43] 🔎 Iniciando contagem da pasta: 3.BRUNO (G:/My Drive/XABLAU/3.BRUNO)
[2026-01-19 14:57:43] 🔎 Iniciando contagem da pasta: 1.LEIANES (G:/My Drive/XABLAU/1.LEIANES)
[2026-01-19 14:57:43] 🔎 Iniciando contagem da pasta: 2.EROS (G:/My Drive/XABLAU/2.EROS)
[2026-01-19 14:57:43] 🔎 Iniciando contagem da pasta: 4.MAYA (G:/My Drive/XABLAU/4.MAYA)
[2026-01-19 14:57:43] 🔎 Iniciando contagem da pasta: 5.CUSH (G:/My Drive/XABLAU/5.CUSH)
[2026-01-19 14:57:43] 🔎 Iniciando contagem da pasta: 6.ELIS (G:/My Drive/XABLAU/6.ELIS)
[2026-01-19 14:57:43] ✅ Contagem concluída: 1.LEIANES -> 0 páginas
[2026-01-19 14:57:43] ✅ Contagem concluída: 4.MAYA -> 0 páginas
[2026-01-19 14:57:43] ✅ Contagem concluída: 6.ELIS -> 0 páginas
[2026-01-19 14:57:59] ✅ Contagem concluída: 2.EROS -> 2807 páginas
[2026-01-19 14:58:08] ✅ Contagem concluída: 5.CUSH -> 6264 páginas
[2026-01-19 14:58:15] ✅ Contagem concluída: 3.BRUNO -> 9291 páginas
[2026-01-19 14:58:15] 🔎 Iniciando contagem da pasta VICTORIA: 7.VICTORIA/1.RENOMEANDO (G:/My Drive/XABLAU/7.VICTORIA\1.RENOMEANDO)
[2026-01-19 14:58:15] 🔎 Iniciando contagem da pasta VICTORIA: 7.VICTORIA/2.RENOMEADOS (G:/My Drive/XABLAU/7.VICTORIA\2.RENOMEADOS)
[2026-01-19 14:58:15] ✅ Contagem VICTORIA concluída: 7.VICTORIA/1.RENOMEANDO -> 0 páginas
[2026-01-19 14:58:15] ✅ Contagem VICTORIA concluída: 7.VICTORIA/2.RENOMEADOS -> 0 páginas
[2026-01-19 14:58:15] ✅ Mensagem liberada para envio: Message differs and cooldown passed
[2026-01-19 14:58:15] 📨 Destino WhatsApp: tipo=group alvo=XABLAU UPDATES
[2026-01-19 14:58:15] Enviando resultados para WhatsApp...
[2026-01-19 14:58:15] ℹ️ Tamanho da mensagem: 464 caracteres
[2026-01-19 14:58:28] Message sent successfully to WhatsApp!
[2026-01-19 14:58:28] ℹ️ Saída do envio: WhatsApp connected!
Sending message to group: XABLAU UPDATES (id: 120363421676358028@g.us)
Message sent successfully! msgId: true_120363421676358028@g.us_3EB021E929E7E22BBF76EB_174462209097938@lid chatId: 120363421676358028@g.us
Ack de entrega recebido (pelo menos chegou ao servidor).
[2026-01-19 19:38:19] Starting page count...
[2026-01-19 19:38:19] 📂 Pasta raiz configurada para contagem: G:/My Drive/XABLAU/
[2026-01-19 19:38:19] 📁 Pastas detectadas para contagem: 7
[2026-01-19 19:38:19] 🔎 Iniciando contagem da pasta: 3.BRUNO (G:/My Drive/XABLAU/3.BRUNO)
[2026-01-19 19:38:19] 🔎 Iniciando contagem da pasta: 1.LEIANES (G:/My Drive/XABLAU/1.LEIANES)
[2026-01-19 19:38:19] 🔎 Iniciando contagem da pasta: 2.EROS (G:/My Drive/XABLAU/2.EROS)
[2026-01-19 19:38:19] 🔎 Iniciando contagem da pasta: 4.MAYA (G:/My Drive/XABLAU/4.MAYA)
[2026-01-19 19:38:19] 🔎 Iniciando contagem da pasta: 5.CUSH (G:/My Drive/XABLAU/5.CUSH)
[2026-01-19 19:38:19] 🔎 Iniciando contagem da pasta: 6.ELIS (G:/My Drive/XABLAU/6.ELIS)
[2026-01-19 19:38:19] ✅ Contagem concluída: 1.LEIANES -> 0 páginas
[2026-01-19 19:38:19] ✅ Contagem concluída: 4.MAYA -> 0 páginas
[2026-01-19 19:38:19] ✅ Contagem concluída: 6.ELIS -> 0 páginas
[2026-01-19 19:38:27] ✅ Contagem concluída: 2.EROS -> 4886 páginas
[2026-01-19 19:38:28] ✅ Contagem concluída: 5.CUSH -> 6264 páginas
[2026-01-19 19:38:31] ✅ Contagem concluída: 3.BRUNO -> 9291 páginas
[2026-01-19 19:38:31] 🔎 Iniciando contagem da pasta VICTORIA: 7.VICTORIA/1.RENOMEANDO (G:/My Drive/XABLAU/7.VICTORIA\1.RENOMEANDO)
[2026-01-19 19:38:31] 🔎 Iniciando contagem da pasta VICTORIA: 7.VICTORIA/2.RENOMEADOS (G:/My Drive/XABLAU/7.VICTORIA\2.RENOMEADOS)
[2026-01-19 19:38:31] ✅ Contagem VICTORIA concluída: 7.VICTORIA/1.RENOMEANDO -> 0 páginas
[2026-01-19 19:38:31] ✅ Contagem VICTORIA concluída: 7.VICTORIA/2.RENOMEADOS -> 0 páginas
[2026-01-19 19:38:31] ✅ Mensagem liberada para envio: Message differs and cooldown passed
[2026-01-19 19:38:31] 📨 Destino WhatsApp: tipo=group alvo=XABLAU UPDATES
[2026-01-19 19:38:31] Enviando resultados para WhatsApp...
[2026-01-19 19:38:31] ℹ️ Tamanho da mensagem: 466 caracteres
[2026-01-19 19:38:37] Message sent successfully to WhatsApp!
[2026-01-19 19:38:37] ℹ️ Saída do envio: WhatsApp connected!
Sending message to group: XABLAU UPDATES (id: 120363421676358028@g.us)
Message sent successfully! msgId: true_120363421676358028@g.us_3EB0F307B8BCD58DB9567D_174462209097938@lid chatId: 120363421676358028@g.us
Ack de entrega recebido (pelo menos chegou ao servidor).
[2026-01-20 18:42:09] Starting page count...
[2026-01-20 18:42:09] 📂 Pasta raiz configurada para contagem: G:/My Drive/XABLAU/
[2026-01-20 18:42:09] 📁 Pastas detectadas para contagem: 7
[2026-01-20 18:42:09] 🔎 Iniciando contagem da pasta: 3.BRUNO (G:/My Drive/XABLAU/3.BRUNO)
[2026-01-20 18:42:09] 🔎 Iniciando contagem da pasta: 1.LEIANES (G:/My Drive/XABLAU/1.LEIANES)
[2026-01-20 18:42:09] 🔎 Iniciando contagem da pasta: 2.EROS (G:/My Drive/XABLAU/2.EROS)
[2026-01-20 18:42:09] 🔎 Iniciando contagem da pasta: 4.MAYA (G:/My Drive/XABLAU/4.MAYA)
[2026-01-20 18:42:09] 🔎 Iniciando contagem da pasta: 5.CUSH (G:/My Drive/XABLAU/5.CUSH)
[2026-01-20 18:42:09] 🔎 Iniciando contagem da pasta: 6.ELIS (G:/My Drive/XABLAU/6.ELIS)
[2026-01-20 18:42:09] ✅ Contagem concluída: 1.LEIANES -> 0 páginas
[2026-01-20 18:42:09] ✅ Contagem concluída: 4.MAYA -> 0 páginas
[2026-01-20 18:42:09] ✅ Contagem concluída: 6.ELIS -> 0 páginas
[2026-01-20 18:42:42] ✅ Contagem concluída: 5.CUSH -> 6264 páginas
[2026-01-20 18:42:43] ✅ Contagem concluída: 2.EROS -> 5974 páginas
[2026-01-20 18:42:50] ✅ Contagem concluída: 3.BRUNO -> 9291 páginas
[2026-01-20 18:42:50] 🔎 Iniciando contagem da pasta VICTORIA: 7.VICTORIA/1.RENOMEANDO (G:/My Drive/XABLAU/7.VICTORIA\1.RENOMEANDO)
[2026-01-20 18:42:50] 🔎 Iniciando contagem da pasta VICTORIA: 7.VICTORIA/2.RENOMEADOS (G:/My Drive/XABLAU/7.VICTORIA\2.RENOMEADOS)
[2026-01-20 18:42:50] ✅ Contagem VICTORIA concluída: 7.VICTORIA/1.RENOMEANDO -> 0 páginas
[2026-01-20 18:42:50] ✅ Contagem VICTORIA concluída: 7.VICTORIA/2.RENOMEADOS -> 0 páginas
[2026-01-20 18:42:50] ✅ Mensagem liberada para envio: Message differs and cooldown passed
[2026-01-20 18:42:50] 📨 Destino WhatsApp: tipo=group alvo=XABLAU UPDATES
[2026-01-20 18:42:50] Enviando resultados para WhatsApp...
[2026-01-20 18:42:50] ℹ️ Tamanho da mensagem: 466 caracteres
[2026-01-20 18:43:05] Message sent successfully to WhatsApp!
[2026-01-20 18:43:05] ℹ️ Saída do envio: WhatsApp connected!
Sending message to group: XABLAU UPDATES (id: 120363421676358028@g.us)
Message sent successfully! msgId: true_120363421676358028@g.us_3EB08E4BDBD4EB6B4EE05C_174462209097938@lid chatId: 120363421676358028@g.us
Ack de entrega recebido (pelo menos chegou ao servidor).
[2026-01-21 09:31:33] Starting page count...
[2026-01-21 09:31:33] 📂 Pasta raiz configurada para contagem: G:/My Drive/XABLAU/
[2026-01-21 09:31:33] 📁 Pastas detectadas para contagem: 8
[2026-01-21 09:31:33] 🔎 Iniciando contagem da pasta: 3.BRUNO (G:/My Drive/XABLAU/3.BRUNO)
[2026-01-21 09:31:33] 🔎 Iniciando contagem da pasta: 1.LEIANES (G:/My Drive/XABLAU/1.LEIANES)
[2026-01-21 09:31:33] 🔎 Iniciando contagem da pasta: 2.EROS (G:/My Drive/XABLAU/2.EROS)
[2026-01-21 09:31:33] 🔎 Iniciando contagem da pasta: 4.MAYA (G:/My Drive/XABLAU/4.MAYA)
[2026-01-21 09:31:33] 🔎 Iniciando contagem da pasta: 5.CUSH (G:/My Drive/XABLAU/5.CUSH)
[2026-01-21 09:31:33] 🔎 Iniciando contagem da pasta: 6.ELIS (G:/My Drive/XABLAU/6.ELIS)
[2026-01-21 09:31:33] 🔎 Iniciando contagem da pasta: 8.NICO (G:/My Drive/XABLAU/8.NICO)
[2026-01-21 09:31:33] ✅ Contagem concluída: 1.LEIANES -> 0 páginas
[2026-01-21 09:31:33] ✅ Contagem concluída: 4.MAYA -> 0 páginas
[2026-01-21 09:31:33] ✅ Contagem concluída: 6.ELIS -> 0 páginas
[2026-01-21 09:31:33] ✅ Contagem concluída: 8.NICO -> 16 páginas
[2026-01-21 09:32:05] ✅ Contagem concluída: 5.CUSH -> 6264 páginas
[2026-01-21 09:32:07] ✅ Contagem concluída: 2.EROS -> 5974 páginas
[2026-01-21 09:32:13] ✅ Contagem concluída: 3.BRUNO -> 9291 páginas
[2026-01-21 09:32:13] 🔎 Iniciando contagem da pasta VICTORIA: 7.VICTORIA/1.RENOMEANDO (G:/My Drive/XABLAU/7.VICTORIA\1.RENOMEANDO)
[2026-01-21 09:32:13] 🔎 Iniciando contagem da pasta VICTORIA: 7.VICTORIA/2.RENOMEADOS (G:/My Drive/XABLAU/7.VICTORIA\2.RENOMEADOS)
[2026-01-21 09:32:13] ✅ Contagem VICTORIA concluída: 7.VICTORIA/1.RENOMEANDO -> 0 páginas
[2026-01-21 09:32:13] ✅ Contagem VICTORIA concluída: 7.VICTORIA/2.RENOMEADOS -> 0 páginas
[2026-01-21 09:32:13] ✅ Mensagem liberada para envio: Message differs and cooldown passed
[2026-01-21 09:32:13] 📨 Destino WhatsApp: tipo=group alvo=XABLAU UPDATES
[2026-01-21 09:32:13] Enviando resultados para WhatsApp...
[2026-01-21 09:32:13] ℹ️ Tamanho da mensagem: 483 caracteres
[2026-01-21 09:32:29] Message sent successfully to WhatsApp!
[2026-01-21 09:32:29] ℹ️ Saída do envio: WhatsApp connected!
Sending message to group: XABLAU UPDATES (id: 120363421676358028@g.us)
Message sent successfully! msgId: true_120363421676358028@g.us_3EB0F93C23C5CA35E24BF3_174462209097938@lid chatId: 120363421676358028@g.us
Ack de entrega recebido (pelo menos chegou ao servidor).
[2026-01-21 17:27:15] Starting page count...
[2026-01-21 17:27:15] 📂 Pasta raiz configurada para contagem: G:/My Drive/XABLAU/
[2026-01-21 17:27:15] 📁 Pastas detectadas para contagem: 8
[2026-01-21 17:27:15] 🔎 Iniciando contagem da pasta: 3.BRUNO (G:/My Drive/XABLAU/3.BRUNO)
[2026-01-21 17:27:15] 🔎 Iniciando contagem da pasta: 1.LEIANES (G:/My Drive/XABLAU/1.LEIANES)
[2026-01-21 17:27:15] 🔎 Iniciando contagem da pasta: 2.EROS (G:/My Drive/XABLAU/2.EROS)
[2026-01-21 17:27:15] 🔎 Iniciando contagem da pasta: 4.MAYA (G:/My Drive/XABLAU/4.MAYA)
[2026-01-21 17:27:15] 🔎 Iniciando contagem da pasta: 5.CUSH (G:/My Drive/XABLAU/5.CUSH)
[2026-01-21 17:27:15] 🔎 Iniciando contagem da pasta: 6.ELIS (G:/My Drive/XABLAU/6.ELIS)
[2026-01-21 17:27:15] 🔎 Iniciando contagem da pasta: 8.NICO (G:/My Drive/XABLAU/8.NICO)
[2026-01-21 17:27:15] ✅ Contagem concluída: 4.MAYA -> 0 páginas
[2026-01-21 17:27:15] ✅ Contagem concluída: 1.LEIANES -> 0 páginas
[2026-01-21 17:27:18] ✅ Contagem concluída: 6.ELIS -> 607 páginas
[2026-01-21 17:27:18] ✅ Contagem concluída: 8.NICO -> 16 páginas
[2026-01-21 17:27:50] ✅ Contagem concluída: 5.CUSH -> 6264 páginas
[2026-01-21 17:27:51] ✅ Contagem concluída: 2.EROS -> 5974 páginas
[2026-01-21 17:27:58] ✅ Contagem concluída: 3.BRUNO -> 9291 páginas
[2026-01-21 17:27:58] 🔎 Iniciando contagem da pasta VICTORIA: 7.VICTORIA/1.RENOMEANDO (G:/My Drive/XABLAU/7.VICTORIA\1.RENOMEANDO)
[2026-01-21 17:27:58] 🔎 Iniciando contagem da pasta VICTORIA: 7.VICTORIA/2.RENOMEADOS (G:/My Drive/XABLAU/7.VICTORIA\2.RENOMEADOS)
[2026-01-21 17:27:58] ✅ Contagem VICTORIA concluída: 7.VICTORIA/1.RENOMEANDO -> 0 páginas
[2026-01-21 17:27:58] ✅ Contagem VICTORIA concluída: 7.VICTORIA/2.RENOMEADOS -> 0 páginas
[2026-01-21 17:27:58] ✅ Mensagem liberada para envio: Message differs and cooldown passed
[2026-01-21 17:27:58] 📨 Destino WhatsApp: tipo=group alvo=XABLAU UPDATES
[2026-01-21 17:27:58] Enviando resultados para WhatsApp...
[2026-01-21 17:27:58] ℹ️ Tamanho da mensagem: 487 caracteres
[2026-01-21 17:28:14] Message sent successfully to WhatsApp!
[2026-01-21 17:28:14] ℹ️ Saída do envio: WhatsApp connected!
Sending message to group: XABLAU UPDATES (id: 120363421676358028@g.us)
Message sent successfully! msgId: true_120363421676358028@g.us_3EB0615F71276B07129AFC_174462209097938@lid chatId: 120363421676358028@g.us
Ack de entrega recebido (pelo menos chegou ao servidor).
[2026-01-21 18:04:24] Starting page count...
[2026-01-21 18:04:24] 📂 Pasta raiz configurada para contagem: G:/My Drive/XABLAU/
[2026-01-21 18:04:24] 📁 Pastas detectadas para contagem: 8
[2026-01-21 18:04:24] 🔎 Iniciando contagem da pasta: 3.BRUNO (G:/My Drive/XABLAU/3.BRUNO)
[2026-01-21 18:04:24] 🔎 Iniciando contagem da pasta: 1.LEIANES (G:/My Drive/XABLAU/1.LEIANES)
[2026-01-21 18:04:24] 🔎 Iniciando contagem da pasta: 2.EROS (G:/My Drive/XABLAU/2.EROS)
[2026-01-21 18:04:24] 🔎 Iniciando contagem da pasta: 4.MAYA (G:/My Drive/XABLAU/4.MAYA)
[2026-01-21 18:04:24] 🔎 Iniciando contagem da pasta: 5.CUSH (G:/My Drive/XABLAU/5.CUSH)
[2026-01-21 18:04:24] 🔎 Iniciando contagem da pasta: 6.ELIS (G:/My Drive/XABLAU/6.ELIS)
[2026-01-21 18:04:24] 🔎 Iniciando contagem da pasta: 8.NICO (G:/My Drive/XABLAU/8.NICO)
[2026-01-21 18:04:24] ✅ Contagem concluída: 4.MAYA -> 0 páginas
[2026-01-21 18:04:24] ✅ Contagem concluída: 1.LEIANES -> 0 páginas
[2026-01-21 18:04:28] ✅ Contagem concluída: 6.ELIS -> 607 páginas
[2026-01-21 18:04:28] ✅ Contagem concluída: 8.NICO -> 16 páginas
[2026-01-21 18:05:04] ✅ Contagem concluída: 5.CUSH -> 6264 páginas
[2026-01-21 18:05:07] ✅ Contagem concluída: 2.EROS -> 6741 páginas
[2026-01-21 18:05:14] ✅ Contagem concluída: 3.BRUNO -> 9291 páginas
[2026-01-21 18:05:14] 🔎 Iniciando contagem da pasta VICTORIA: 7.VICTORIA/1.RENOMEANDO (G:/My Drive/XABLAU/7.VICTORIA\1.RENOMEANDO)
[2026-01-21 18:05:14] 🔎 Iniciando contagem da pasta VICTORIA: 7.VICTORIA/2.RENOMEADOS (G:/My Drive/XABLAU/7.VICTORIA\2.RENOMEADOS)
[2026-01-21 18:05:14] ✅ Contagem VICTORIA concluída: 7.VICTORIA/1.RENOMEANDO -> 0 páginas
[2026-01-21 18:05:14] ✅ Contagem VICTORIA concluída: 7.VICTORIA/2.RENOMEADOS -> 0 páginas
[2026-01-21 18:05:14] ✅ Mensagem liberada para envio: Message differs and cooldown passed
[2026-01-21 18:05:14] 📨 Destino WhatsApp: tipo=group alvo=XABLAU UPDATES
[2026-01-21 18:05:14] Enviando resultados para WhatsApp...
[2026-01-21 18:05:14] ℹ️ Tamanho da mensagem: 487 caracteres
[2026-01-21 18:05:29] Message sent successfully to WhatsApp!
[2026-01-21 18:05:29] ℹ️ Saída do envio: WhatsApp connected!
Sending message to group: XABLAU UPDATES (id: 120363421676358028@g.us)
Message sent successfully! msgId: true_120363421676358028@g.us_3EB03C5ED19E805F181ED0_174462209097938@lid chatId: 120363421676358028@g.us
Ack de entrega recebido (pelo menos chegou ao servidor).
[2026-01-21 18:08:53] Starting page count...
[2026-01-21 18:08:53] 📂 Pasta raiz configurada para contagem: G:/My Drive/XABLAU/
[2026-01-21 18:08:53] 📁 Pastas detectadas para contagem: 8
[2026-01-21 18:08:53] 🔎 Iniciando contagem da pasta: 3.BRUNO (G:/My Drive/XABLAU/3.BRUNO)
[2026-01-21 18:08:53] 🔎 Iniciando contagem da pasta: 1.LEIANES (G:/My Drive/XABLAU/1.LEIANES)
[2026-01-21 18:08:53] 🔎 Iniciando contagem da pasta: 2.EROS (G:/My Drive/XABLAU/2.EROS)
[2026-01-21 18:08:53] 🔎 Iniciando contagem da pasta: 4.MAYA (G:/My Drive/XABLAU/4.MAYA)
[2026-01-21 18:08:53] 🔎 Iniciando contagem da pasta: 5.CUSH (G:/My Drive/XABLAU/5.CUSH)
[2026-01-21 18:08:53] 🔎 Iniciando contagem da pasta: 6.ELIS (G:/My Drive/XABLAU/6.ELIS)
[2026-01-21 18:08:53] 🔎 Iniciando contagem da pasta: 8.NICO (G:/My Drive/XABLAU/8.NICO)
[2026-01-21 18:08:53] ✅ Contagem concluída: 4.MAYA -> 0 páginas
[2026-01-21 18:08:53] ✅ Contagem concluída: 1.LEIANES -> 0 páginas
[2026-01-21 18:08:54] ✅ Contagem concluída: 6.ELIS -> 607 páginas
[2026-01-21 18:08:54] ✅ Contagem concluída: 8.NICO -> 16 páginas
[2026-01-21 18:09:01] ✅ Contagem concluída: 5.CUSH -> 6264 páginas
[2026-01-21 18:09:02] ✅ Contagem concluída: 2.EROS -> 6741 páginas
[2026-01-21 18:09:03] ✅ Contagem concluída: 3.BRUNO -> 9291 páginas
[2026-01-21 18:09:03] 🔎 Iniciando contagem da pasta VICTORIA: 7.VICTORIA/1.RENOMEANDO (G:/My Drive/XABLAU/7.VICTORIA\1.RENOMEANDO)
[2026-01-21 18:09:03] 🔎 Iniciando contagem da pasta VICTORIA: 7.VICTORIA/2.RENOMEADOS (G:/My Drive/XABLAU/7.VICTORIA\2.RENOMEADOS)
[2026-01-21 18:09:03] ✅ Contagem VICTORIA concluída: 7.VICTORIA/1.RENOMEANDO -> 0 páginas
[2026-01-21 18:09:03] ✅ Contagem VICTORIA concluída: 7.VICTORIA/2.RENOMEADOS -> 0 páginas
[2026-01-21 19:25:18] Starting page count...
[2026-01-21 19:25:18] 📂 Pasta raiz configurada para contagem: G:/My Drive/XABLAU/
[2026-01-21 19:25:18] 📁 Pastas detectadas para contagem: 8
[2026-01-21 19:25:18] 🔎 Iniciando contagem da pasta: 3.BRUNO (G:/My Drive/XABLAU/3.BRUNO)
[2026-01-21 19:25:18] 🔎 Iniciando contagem da pasta: 1.LEIANES (G:/My Drive/XABLAU/1.LEIANES)
[2026-01-21 19:25:18] 🔎 Iniciando contagem da pasta: 2.EROS (G:/My Drive/XABLAU/2.EROS)
[2026-01-21 19:25:18] 🔎 Iniciando contagem da pasta: 4.MAYA (G:/My Drive/XABLAU/4.MAYA)
[2026-01-21 19:25:18] 🔎 Iniciando contagem da pasta: 5.CUSH (G:/My Drive/XABLAU/5.CUSH)
[2026-01-21 19:25:18] 🔎 Iniciando contagem da pasta: 6.ELIS (G:/My Drive/XABLAU/6.ELIS)
[2026-01-21 19:25:18] 🔎 Iniciando contagem da pasta: 8.NICO (G:/My Drive/XABLAU/8.NICO)
[2026-01-21 19:25:18] ✅ Contagem concluída: 1.LEIANES -> 0 páginas
[2026-01-21 19:25:18] ✅ Contagem concluída: 4.MAYA -> 0 páginas
[2026-01-21 19:25:19] ✅ Contagem concluída: 6.ELIS -> 607 páginas
[2026-01-21 19:25:19] ✅ Contagem concluída: 8.NICO -> 16 páginas
[2026-01-21 19:25:30] ✅ Contagem concluída: 2.EROS -> 6741 páginas
[2026-01-21 19:25:30] ✅ Contagem concluída: 5.CUSH -> 7639 páginas
[2026-01-21 19:25:32] ✅ Contagem concluída: 3.BRUNO -> 9291 páginas
[2026-01-21 19:25:32] 🔎 Iniciando contagem da pasta VICTORIA: 7.VICTORIA/1.RENOMEANDO (G:/My Drive/XABLAU/7.VICTORIA\1.RENOMEANDO)
[2026-01-21 19:25:32] 🔎 Iniciando contagem da pasta VICTORIA: 7.VICTORIA/2.RENOMEADOS (G:/My Drive/XABLAU/7.VICTORIA\2.RENOMEADOS)
[2026-01-21 19:25:32] ✅ Contagem VICTORIA concluída: 7.VICTORIA/1.RENOMEANDO -> 0 páginas
[2026-01-21 19:25:32] ✅ Contagem VICTORIA concluída: 7.VICTORIA/2.RENOMEADOS -> 0 páginas
[2026-01-21 19:25:32] ✅ Mensagem liberada para envio: Message differs and cooldown passed
[2026-01-21 19:25:32] 📨 Destino WhatsApp: tipo=group alvo=XABLAU UPDATES
[2026-01-21 19:25:32] Enviando resultados para WhatsApp...
[2026-01-21 19:25:32] ℹ️ Tamanho da mensagem: 489 caracteres
[2026-01-21 19:25:42] Message sent successfully to WhatsApp!
[2026-01-21 19:25:42] ℹ️ Saída do envio: WhatsApp connected!
Sending message to group: XABLAU UPDATES (id: 120363421676358028@g.us)
Message sent successfully! msgId: true_120363421676358028@g.us_3EB07CF138D8F32ECAF9BB_174462209097938@lid chatId: 120363421676358028@g.us
Ack de entrega recebido (pelo menos chegou ao servidor).
[2026-01-21 19:29:01] Starting page count...
[2026-01-21 19:29:01] 📂 Pasta raiz configurada para contagem: G:/My Drive/XABLAU/
[2026-01-21 19:29:01] 📁 Pastas detectadas para contagem: 8
[2026-01-21 19:29:01] 🔎 Iniciando contagem da pasta: 3.BRUNO (G:/My Drive/XABLAU/3.BRUNO)
[2026-01-21 19:29:01] 🔎 Iniciando contagem da pasta: 1.LEIANES (G:/My Drive/XABLAU/1.LEIANES)
[2026-01-21 19:29:01] 🔎 Iniciando contagem da pasta: 2.EROS (G:/My Drive/XABLAU/2.EROS)
[2026-01-21 19:29:01] 🔎 Iniciando contagem da pasta: 4.MAYA (G:/My Drive/XABLAU/4.MAYA)
[2026-01-21 19:29:01] 🔎 Iniciando contagem da pasta: 5.CUSH (G:/My Drive/XABLAU/5.CUSH)
[2026-01-21 19:29:01] 🔎 Iniciando contagem da pasta: 6.ELIS (G:/My Drive/XABLAU/6.ELIS)
[2026-01-21 19:29:01] 🔎 Iniciando contagem da pasta: 8.NICO (G:/My Drive/XABLAU/8.NICO)
[2026-01-21 19:29:01] ✅ Contagem concluída: 1.LEIANES -> 0 páginas
[2026-01-21 19:29:01] ✅ Contagem concluída: 4.MAYA -> 0 páginas
[2026-01-21 19:29:02] ✅ Contagem concluída: 6.ELIS -> 607 páginas
[2026-01-21 19:29:02] ✅ Contagem concluída: 8.NICO -> 16 páginas
[2026-01-21 19:29:10] ✅ Contagem concluída: 2.EROS -> 6741 páginas
[2026-01-21 19:29:10] ✅ Contagem concluída: 5.CUSH -> 7639 páginas
[2026-01-21 19:29:12] ✅ Contagem concluída: 3.BRUNO -> 9291 páginas
[2026-01-21 19:29:12] 🔎 Iniciando contagem da pasta VICTORIA: 7.VICTORIA/1.RENOMEANDO (G:/My Drive/XABLAU/7.VICTORIA\1.RENOMEANDO)
[2026-01-21 19:29:12] 🔎 Iniciando contagem da pasta VICTORIA: 7.VICTORIA/2.RENOMEADOS (G:/My Drive/XABLAU/7.VICTORIA\2.RENOMEADOS)
[2026-01-21 19:29:12] ✅ Contagem VICTORIA concluída: 7.VICTORIA/1.RENOMEANDO -> 0 páginas
[2026-01-21 19:29:12] ✅ Contagem VICTORIA concluída: 7.VICTORIA/2.RENOMEADOS -> 0 páginas
[2026-01-22 09:47:23] Starting page count...
[2026-01-22 09:47:23] 📂 Pasta raiz configurada para contagem: G:/My Drive/XABLAU/
[2026-01-22 09:47:23] 📁 Pastas detectadas para contagem: 8
[2026-01-22 09:47:23] 🔎 Iniciando contagem da pasta: 3.BRUNO (G:/My Drive/XABLAU/3.BRUNO)
[2026-01-22 09:47:23] 🔎 Iniciando contagem da pasta: 1.LEIANES (G:/My Drive/XABLAU/1.LEIANES)
[2026-01-22 09:47:23] 🔎 Iniciando contagem da pasta: 2.EROS (G:/My Drive/XABLAU/2.EROS)
[2026-01-22 09:47:23] 🔎 Iniciando contagem da pasta: 4.MAYA (G:/My Drive/XABLAU/4.MAYA)
[2026-01-22 09:47:23] 🔎 Iniciando contagem da pasta: 5.CUSH (G:/My Drive/XABLAU/5.CUSH)
[2026-01-22 09:47:23] 🔎 Iniciando contagem da pasta: 6.ELIS (G:/My Drive/XABLAU/6.ELIS)
[2026-01-22 09:47:23] 🔎 Iniciando contagem da pasta: 8.NICO (G:/My Drive/XABLAU/8.NICO)
[2026-01-22 09:47:23] ✅ Contagem concluída: 1.LEIANES -> 0 páginas
[2026-01-22 09:47:23] ✅ Contagem concluída: 4.MAYA -> 0 páginas
[2026-01-22 09:47:26] ✅ Contagem concluída: 6.ELIS -> 607 páginas
[2026-01-22 09:47:26] ✅ Contagem concluída: 8.NICO -> 16 páginas
[2026-01-22 09:48:00] ✅ Contagem concluída: 5.CUSH -> 7639 páginas
[2026-01-22 09:48:00] ✅ Contagem concluída: 2.EROS -> 6741 páginas
[2026-01-22 09:48:05] ✅ Contagem concluída: 3.BRUNO -> 9291 páginas
[2026-01-22 09:48:05] 🔎 Iniciando contagem da pasta VICTORIA: 7.VICTORIA/1.RENOMEANDO (G:/My Drive/XABLAU/7.VICTORIA\1.RENOMEANDO)
[2026-01-22 09:48:05] 🔎 Iniciando contagem da pasta VICTORIA: 7.VICTORIA/2.RENOMEADOS (G:/My Drive/XABLAU/7.VICTORIA\2.RENOMEADOS)
[2026-01-22 09:48:05] ✅ Contagem VICTORIA concluída: 7.VICTORIA/1.RENOMEANDO -> 0 páginas
[2026-01-22 09:48:05] ✅ Contagem VICTORIA concluída: 7.VICTORIA/2.RENOMEADOS -> 0 páginas
[2026-01-22 17:11:50] Starting page count...
[2026-01-22 17:11:50] 📂 Pasta raiz configurada para contagem: G:/My Drive/XABLAU/
[2026-01-22 17:11:50] 📁 Pastas detectadas para contagem: 8
[2026-01-22 17:11:50] 🔎 Iniciando contagem da pasta: 3.BRUNO (G:/My Drive/XABLAU/3.BRUNO)
[2026-01-22 17:11:50] 🔎 Iniciando contagem da pasta: 1.LEIANES (G:/My Drive/XABLAU/1.LEIANES)
[2026-01-22 17:11:50] 🔎 Iniciando contagem da pasta: 2.EROS (G:/My Drive/XABLAU/2.EROS)
[2026-01-22 17:11:50] 🔎 Iniciando contagem da pasta: 4.MAYA (G:/My Drive/XABLAU/4.MAYA)
[2026-01-22 17:11:50] 🔎 Iniciando contagem da pasta: 5.CUSH (G:/My Drive/XABLAU/5.CUSH)
[2026-01-22 17:11:50] 🔎 Iniciando contagem da pasta: 6.ELIS (G:/My Drive/XABLAU/6.ELIS)
[2026-01-22 17:11:50] 🔎 Iniciando contagem da pasta: 8.NICO (G:/My Drive/XABLAU/8.NICO)
[2026-01-22 17:11:50] ✅ Contagem concluída: 1.LEIANES -> 0 páginas
[2026-01-22 17:11:50] ✅ Contagem concluída: 4.MAYA -> 0 páginas
[2026-01-22 17:11:53] ✅ Contagem concluída: 6.ELIS -> 607 páginas
[2026-01-22 17:11:53] ✅ Contagem concluída: 8.NICO -> 16 páginas
[2026-01-22 17:12:29] ✅ Contagem concluída: 2.EROS -> 6741 páginas
[2026-01-22 17:12:31] ✅ Contagem concluída: 5.CUSH -> 8344 páginas
[2026-01-22 17:12:34] ✅ Contagem concluída: 3.BRUNO -> 9291 páginas
[2026-01-22 17:12:34] 🔎 Iniciando contagem da pasta VICTORIA: 7.VICTORIA/1.RENOMEANDO (G:/My Drive/XABLAU/7.VICTORIA\1.RENOMEANDO)
[2026-01-22 17:12:34] 🔎 Iniciando contagem da pasta VICTORIA: 7.VICTORIA/2.RENOMEADOS (G:/My Drive/XABLAU/7.VICTORIA\2.RENOMEADOS)
[2026-01-22 17:12:34] ✅ Contagem VICTORIA concluída: 7.VICTORIA/1.RENOMEANDO -> 0 páginas
[2026-01-22 17:12:34] ✅ Contagem VICTORIA concluída: 7.VICTORIA/2.RENOMEADOS -> 0 páginas
[2026-01-22 17:12:34] ✅ Mensagem liberada para envio: Message differs and cooldown passed
[2026-01-22 17:12:34] 📨 Destino WhatsApp: tipo=group alvo=XABLAU UPDATES
[2026-01-22 17:12:34] Enviando resultados para WhatsApp...
[2026-01-22 17:12:34] ℹ️ Tamanho da mensagem: 487 caracteres
[2026-01-22 17:12:54] Message sent successfully to WhatsApp!
[2026-01-22 17:12:54] ℹ️ Saída do envio: WhatsApp connected!
Sending message to group: XABLAU UPDATES (id: 120363421676358028@g.us)
Message sent successfully! msgId: true_120363421676358028@g.us_3EB0845C76C774470E4B0D_174462209097938@lid chatId: 120363421676358028@g.us
Ack de entrega recebido (pelo menos chegou ao servidor).
[2026-01-22 17:15:19] Starting page count...
[2026-01-22 17:15:19] 📂 Pasta raiz configurada para contagem: G:/My Drive/XABLAU/
[2026-01-22 17:15:19] 📁 Pastas detectadas para contagem: 8
[2026-01-22 17:15:19] 🔎 Iniciando contagem da pasta: 3.BRUNO (G:/My Drive/XABLAU/3.BRUNO)
[2026-01-22 17:15:19] 🔎 Iniciando contagem da pasta: 1.LEIANES (G:/My Drive/XABLAU/1.LEIANES)
[2026-01-22 17:15:19] 🔎 Iniciando contagem da pasta: 2.EROS (G:/My Drive/XABLAU/2.EROS)
[2026-01-22 17:15:19] 🔎 Iniciando contagem da pasta: 4.MAYA (G:/My Drive/XABLAU/4.MAYA)
[2026-01-22 17:15:19] 🔎 Iniciando contagem da pasta: 5.CUSH (G:/My Drive/XABLAU/5.CUSH)
[2026-01-22 17:15:19] 🔎 Iniciando contagem da pasta: 6.ELIS (G:/My Drive/XABLAU/6.ELIS)
[2026-01-22 17:15:19] 🔎 Iniciando contagem da pasta: 8.NICO (G:/My Drive/XABLAU/8.NICO)
[2026-01-22 17:15:19] ✅ Contagem concluída: 1.LEIANES -> 0 páginas
[2026-01-22 17:15:19] ✅ Contagem concluída: 4.MAYA -> 0 páginas
[2026-01-22 17:15:20] ✅ Contagem concluída: 6.ELIS -> 607 páginas
[2026-01-22 17:15:20] ✅ Contagem concluída: 8.NICO -> 16 páginas
[2026-01-22 17:15:28] ✅ Contagem concluída: 2.EROS -> 6741 páginas
[2026-01-22 17:15:28] ✅ Contagem concluída: 5.CUSH -> 8344 páginas
[2026-01-22 17:15:29] ✅ Contagem concluída: 3.BRUNO -> 9291 páginas
[2026-01-22 17:15:29] 🔎 Iniciando contagem da pasta VICTORIA: 7.VICTORIA/1.RENOMEANDO (G:/My Drive/XABLAU/7.VICTORIA\1.RENOMEANDO)
[2026-01-22 17:15:29] 🔎 Iniciando contagem da pasta VICTORIA: 7.VICTORIA/2.RENOMEADOS (G:/My Drive/XABLAU/7.VICTORIA\2.RENOMEADOS)
[2026-01-22 17:15:29] ✅ Contagem VICTORIA concluída: 7.VICTORIA/1.RENOMEANDO -> 0 páginas
[2026-01-22 17:15:29] ✅ Contagem VICTORIA concluída: 7.VICTORIA/2.RENOMEADOS -> 0 páginas
[2026-01-22 21:58:01] Starting page count...
[2026-01-22 21:58:01] 📂 Pasta raiz configurada para contagem: G:/My Drive/XABLAU/
[2026-01-22 21:58:01] 📁 Pastas detectadas para contagem: 8
[2026-01-22 21:58:01] 🔎 Iniciando contagem da pasta: 3.BRUNO (G:/My Drive/XABLAU/3.BRUNO)
[2026-01-22 21:58:01] 🔎 Iniciando contagem da pasta: 1.LEIANES (G:/My Drive/XABLAU/1.LEIANES)
[2026-01-22 21:58:01] 🔎 Iniciando contagem da pasta: 2.EROS (G:/My Drive/XABLAU/2.EROS)
[2026-01-22 21:58:01] 🔎 Iniciando contagem da pasta: 4.MAYA (G:/My Drive/XABLAU/4.MAYA)
[2026-01-22 21:58:01] 🔎 Iniciando contagem da pasta: 5.CUSH (G:/My Drive/XABLAU/5.CUSH)
[2026-01-22 21:58:01] 🔎 Iniciando contagem da pasta: 6.ELIS (G:/My Drive/XABLAU/6.ELIS)
[2026-01-22 21:58:01] 🔎 Iniciando contagem da pasta: 8.NICO (G:/My Drive/XABLAU/8.NICO)
[2026-01-22 21:58:01] ✅ Contagem concluída: 1.LEIANES -> 0 páginas
[2026-01-22 21:58:01] ✅ Contagem concluída: 4.MAYA -> 0 páginas
[2026-01-22 21:58:04] ✅ Contagem concluída: 6.ELIS -> 607 páginas
[2026-01-22 21:58:04] ✅ Contagem concluída: 8.NICO -> 16 páginas
[2026-01-22 21:58:39] ✅ Contagem concluída: 2.EROS -> 6741 páginas
[2026-01-22 21:58:43] ✅ Contagem concluída: 5.CUSH -> 8344 páginas
[2026-01-22 21:58:46] ✅ Contagem concluída: 3.BRUNO -> 9291 páginas
[2026-01-22 21:58:46] 🔎 Iniciando contagem da pasta VICTORIA: 7.VICTORIA/1.RENOMEANDO (G:/My Drive/XABLAU/7.VICTORIA\1.RENOMEANDO)
[2026-01-22 21:58:46] 🔎 Iniciando contagem da pasta VICTORIA: 7.VICTORIA/2.RENOMEADOS (G:/My Drive/XABLAU/7.VICTORIA\2.RENOMEADOS)
[2026-01-22 21:58:46] ✅ Contagem VICTORIA concluída: 7.VICTORIA/1.RENOMEANDO -> 0 páginas
[2026-01-22 21:58:46] ✅ Contagem VICTORIA concluída: 7.VICTORIA/2.RENOMEADOS -> 0 páginas
[2026-01-23 09:57:49] Starting page count...
[2026-01-23 09:57:49] 📂 Pasta raiz configurada para contagem: G:/My Drive/XABLAU/
[2026-01-23 09:57:49] 📁 Pastas detectadas para contagem: 8
[2026-01-23 09:57:49] 🔎 Iniciando contagem da pasta: 3.BRUNO (G:/My Drive/XABLAU/3.BRUNO)
[2026-01-23 09:57:49] 🔎 Iniciando contagem da pasta: 1.LEIANES (G:/My Drive/XABLAU/1.LEIANES)
[2026-01-23 09:57:49] 🔎 Iniciando contagem da pasta: 2.EROS (G:/My Drive/XABLAU/2.EROS)
[2026-01-23 09:57:49] 🔎 Iniciando contagem da pasta: 4.MAYA (G:/My Drive/XABLAU/4.MAYA)
[2026-01-23 09:57:49] 🔎 Iniciando contagem da pasta: 5.CUSH (G:/My Drive/XABLAU/5.CUSH)
[2026-01-23 09:57:49] 🔎 Iniciando contagem da pasta: 6.ELIS (G:/My Drive/XABLAU/6.ELIS)
[2026-01-23 09:57:49] 🔎 Iniciando contagem da pasta: 8.NICO (G:/My Drive/XABLAU/8.NICO)
[2026-01-23 09:57:49] ✅ Contagem concluída: 1.LEIANES -> 0 páginas
[2026-01-23 09:57:49] ✅ Contagem concluída: 4.MAYA -> 0 páginas
[2026-01-23 09:57:52] ✅ Contagem concluída: 6.ELIS -> 607 páginas
[2026-01-23 09:57:53] ✅ Contagem concluída: 8.NICO -> 16 páginas
[2026-01-23 09:58:26] ✅ Contagem concluída: 2.EROS -> 6741 páginas
[2026-01-23 09:58:29] ✅ Contagem concluída: 5.CUSH -> 8344 páginas
[2026-01-23 09:58:32] ✅ Contagem concluída: 3.BRUNO -> 9291 páginas
[2026-01-23 09:58:32] 🔎 Iniciando contagem da pasta VICTORIA: 7.VICTORIA/1.RENOMEANDO (G:/My Drive/XABLAU/7.VICTORIA\1.RENOMEANDO)
[2026-01-23 09:58:32] 🔎 Iniciando contagem da pasta VICTORIA: 7.VICTORIA/2.RENOMEADOS (G:/My Drive/XABLAU/7.VICTORIA\2.RENOMEADOS)
[2026-01-23 09:58:32] ✅ Contagem VICTORIA concluída: 7.VICTORIA/1.RENOMEANDO -> 0 páginas
[2026-01-23 09:58:32] ✅ Contagem VICTORIA concluída: 7.VICTORIA/2.RENOMEADOS -> 0 páginas
[2026-01-23 11:43:53] Starting page count...
[2026-01-23 11:43:53] 📂 Pasta raiz configurada para contagem: G:/My Drive/XABLAU/
[2026-01-23 11:43:53] 📁 Pastas detectadas para contagem: 8
[2026-01-23 11:43:53] 🔎 Iniciando contagem da pasta: 3.BRUNO (G:/My Drive/XABLAU/3.BRUNO)
[2026-01-23 11:43:53] 🔎 Iniciando contagem da pasta: 1.LEIANES (G:/My Drive/XABLAU/1.LEIANES)
[2026-01-23 11:43:53] 🔎 Iniciando contagem da pasta: 2.EROS (G:/My Drive/XABLAU/2.EROS)
[2026-01-23 11:43:53] 🔎 Iniciando contagem da pasta: 4.MAYA (G:/My Drive/XABLAU/4.MAYA)
[2026-01-23 11:43:53] 🔎 Iniciando contagem da pasta: 5.CUSH (G:/My Drive/XABLAU/5.CUSH)
[2026-01-23 11:43:53] 🔎 Iniciando contagem da pasta: 6.ELIS (G:/My Drive/XABLAU/6.ELIS)
[2026-01-23 11:43:53] 🔎 Iniciando contagem da pasta: 7.NICO (G:/My Drive/XABLAU/7.NICO)
[2026-01-23 11:43:53] ✅ Contagem concluída: 1.LEIANES -> 0 páginas
[2026-01-23 11:43:53] ✅ Contagem concluída: 4.MAYA -> 0 páginas
[2026-01-23 11:43:54] ✅ Contagem concluída: 6.ELIS -> 607 páginas
[2026-01-23 11:43:54] ✅ Contagem concluída: 7.NICO -> 16 páginas
[2026-01-23 11:44:04] ✅ Contagem concluída: 2.EROS -> 6741 páginas
[2026-01-23 11:44:05] ✅ Contagem concluída: 5.CUSH -> 8344 páginas
[2026-01-23 11:44:06] ✅ Contagem concluída: 3.BRUNO -> 9291 páginas
[2026-01-23 11:44:06] 🔎 Iniciando contagem da pasta VICTORIA: 8.VICTORIA/1.RENOMEANDO (G:/My Drive/XABLAU/8.VICTORIA\1.RENOMEANDO)
[2026-01-23 11:44:06] 🔎 Iniciando contagem da pasta VICTORIA: 8.VICTORIA/2.RENOMEADOS (G:/My Drive/XABLAU/8.VICTORIA\2.RENOMEADOS)
[2026-01-23 11:44:06] ✅ Contagem VICTORIA concluída: 8.VICTORIA/2.RENOMEADOS -> 0 páginas
[2026-01-23 11:44:57] ✅ Contagem VICTORIA concluída: 8.VICTORIA/1.RENOMEANDO -> 24999 páginas
[2026-01-23 11:44:57] ✅ Mensagem liberada para envio: Message differs and cooldown passed
[2026-01-23 11:44:57] 📨 Destino WhatsApp: tipo=group alvo=XABLAU UPDATES
[2026-01-23 11:44:57] Enviando resultados para WhatsApp...
[2026-01-23 11:44:57] ℹ️ Tamanho da mensagem: 505 caracteres
[2026-01-23 11:45:11] Message sent successfully to WhatsApp!
[2026-01-23 11:45:11] ℹ️ Saída do envio: WhatsApp connected!
Sending message to group: XABLAU UPDATES (id: 120363421676358028@g.us)
Message sent successfully! msgId: true_120363421676358028@g.us_3EB01FF12A731C349C94A8_174462209097938@lid chatId: 120363421676358028@g.us
Ack de entrega recebido (pelo menos chegou ao servidor).
[2026-01-23 13:17:20] Starting page count...
[2026-01-23 13:17:20] 📂 Pasta raiz configurada para contagem: G:/My Drive/XABLAU/
[2026-01-23 13:17:20] 📁 Pastas detectadas para contagem: 8
[2026-01-23 13:17:20] 🔎 Iniciando contagem da pasta: 3.BRUNO (G:/My Drive/XABLAU/3.BRUNO)
[2026-01-23 13:17:20] 🔎 Iniciando contagem da pasta: 1.LEIANES (G:/My Drive/XABLAU/1.LEIANES)
[2026-01-23 13:17:20] 🔎 Iniciando contagem da pasta: 2.EROS (G:/My Drive/XABLAU/2.EROS)
[2026-01-23 13:17:20] 🔎 Iniciando contagem da pasta: 4.MAYA (G:/My Drive/XABLAU/4.MAYA)
[2026-01-23 13:17:20] 🔎 Iniciando contagem da pasta: 5.CUSH (G:/My Drive/XABLAU/5.CUSH)
[2026-01-23 13:17:20] 🔎 Iniciando contagem da pasta: 6.ELIS (G:/My Drive/XABLAU/6.ELIS)
[2026-01-23 13:17:20] 🔎 Iniciando contagem da pasta: 7.NICO (G:/My Drive/XABLAU/7.NICO)
[2026-01-23 13:17:20] ✅ Contagem concluída: 1.LEIANES -> 0 páginas
[2026-01-23 13:17:20] ✅ Contagem concluída: 4.MAYA -> 0 páginas
[2026-01-23 13:17:23] ✅ Contagem concluída: 6.ELIS -> 607 páginas
[2026-01-23 13:17:23] ✅ Contagem concluída: 7.NICO -> 16 páginas
[2026-01-23 13:17:59] ✅ Contagem concluída: 2.EROS -> 6905 páginas
[2026-01-23 13:18:02] ✅ Contagem concluída: 5.CUSH -> 8344 páginas
[2026-01-23 13:18:05] ✅ Contagem concluída: 3.BRUNO -> 9291 páginas
[2026-01-23 13:18:05] 🔎 Iniciando contagem da pasta VICTORIA: 8.VICTORIA/1.RENOMEANDO (G:/My Drive/XABLAU/8.VICTORIA\1.RENOMEANDO)
[2026-01-23 13:18:05] 🔎 Iniciando contagem da pasta VICTORIA: 8.VICTORIA/2.RENOMEADOS (G:/My Drive/XABLAU/8.VICTORIA\2.RENOMEADOS)
[2026-01-23 13:18:05] ✅ Contagem VICTORIA concluída: 8.VICTORIA/2.RENOMEADOS -> 0 páginas
[2026-01-23 13:18:55] ✅ Contagem VICTORIA concluída: 8.VICTORIA/1.RENOMEANDO -> 24999 páginas
[2026-01-23 13:18:55] ✅ Mensagem liberada para envio: Message differs and cooldown passed
[2026-01-23 13:18:55] 📨 Destino WhatsApp: tipo=group alvo=XABLAU UPDATES
[2026-01-23 13:18:55] Enviando resultados para WhatsApp...
[2026-01-23 13:18:55] ℹ️ Tamanho da mensagem: 491 caracteres
[2026-01-23 13:19:09] Message sent successfully to WhatsApp!
[2026-01-23 13:19:09] ℹ️ Saída do envio: WhatsApp connected!
Sending message to group: XABLAU UPDATES (id: 120363421676358028@g.us)
Message sent successfully! msgId: true_120363421676358028@g.us_3EB0E8D4CFA31741496C3C_174462209097938@lid chatId: 120363421676358028@g.us
Ack de entrega recebido (pelo menos chegou ao servidor).
[2026-01-23 15:21:56] Starting page count...
[2026-01-23 15:21:56] 📂 Pasta raiz configurada para contagem: G:/My Drive/XABLAU/
[2026-01-23 15:21:56] 📁 Pastas detectadas para contagem: 8
[2026-01-23 15:21:56] 🔎 Iniciando contagem da pasta: 3.BRUNO (G:/My Drive/XABLAU/3.BRUNO)
[2026-01-23 15:21:56] 🔎 Iniciando contagem da pasta: 1.LEIANES (G:/My Drive/XABLAU/1.LEIANES)
[2026-01-23 15:21:56] 🔎 Iniciando contagem da pasta: 2.EROS (G:/My Drive/XABLAU/2.EROS)
[2026-01-23 15:21:56] 🔎 Iniciando contagem da pasta: 4.MAYA (G:/My Drive/XABLAU/4.MAYA)
[2026-01-23 15:21:56] 🔎 Iniciando contagem da pasta: 5.CUSH (G:/My Drive/XABLAU/5.CUSH)
[2026-01-23 15:21:56] 🔎 Iniciando contagem da pasta: 6.ELIS (G:/My Drive/XABLAU/6.ELIS)
[2026-01-23 15:21:56] 🔎 Iniciando contagem da pasta: 7.NICO (G:/My Drive/XABLAU/7.NICO)
[2026-01-23 15:21:56] ✅ Contagem concluída: 1.LEIANES -> 0 páginas
[2026-01-23 15:21:56] ✅ Contagem concluída: 4.MAYA -> 0 páginas
[2026-01-23 15:21:57] ✅ Contagem concluída: 6.ELIS -> 607 páginas
[2026-01-23 15:21:57] ✅ Contagem concluída: 7.NICO -> 16 páginas
[2026-01-23 15:22:04] ✅ Contagem concluída: 2.EROS -> 6905 páginas
[2026-01-23 15:22:05] ✅ Contagem concluída: 5.CUSH -> 8344 páginas
[2026-01-23 15:22:06] ✅ Contagem concluída: 3.BRUNO -> 9291 páginas
[2026-01-23 15:22:06] 🔎 Iniciando contagem da pasta VICTORIA: 8.VICTORIA/1.RENOMEANDO (G:/My Drive/XABLAU/8.VICTORIA\1.RENOMEANDO)
[2026-01-23 15:22:06] 🔎 Iniciando contagem da pasta VICTORIA: 8.VICTORIA/2.RENOMEADOS (G:/My Drive/XABLAU/8.VICTORIA\2.RENOMEADOS)
[2026-01-23 15:22:06] ✅ Contagem VICTORIA concluída: 8.VICTORIA/2.RENOMEADOS -> 0 páginas
[2026-01-23 15:22:21] ✅ Contagem VICTORIA concluída: 8.VICTORIA/1.RENOMEANDO -> 24999 páginas
[2026-01-23 17:11:04] Starting page count...
[2026-01-23 17:11:04] 📂 Pasta raiz configurada para contagem: G:/My Drive/XABLAU/
[2026-01-23 17:11:04] 📁 Pastas detectadas para contagem: 9
[2026-01-23 17:11:04] 🔎 Iniciando contagem da pasta: 3.BRUNO (G:/My Drive/XABLAU/3.BRUNO)
[2026-01-23 17:11:04] 🔎 Iniciando contagem da pasta: 1.LEIANES (G:/My Drive/XABLAU/1.LEIANES)
[2026-01-23 17:11:04] 🔎 Iniciando contagem da pasta: 2.EROS (G:/My Drive/XABLAU/2.EROS)
[2026-01-23 17:11:04] 🔎 Iniciando contagem da pasta: 4.MAYA (G:/My Drive/XABLAU/4.MAYA)
[2026-01-23 17:11:04] 🔎 Iniciando contagem da pasta: 5.CUSH (G:/My Drive/XABLAU/5.CUSH)
[2026-01-23 17:11:04] 🔎 Iniciando contagem da pasta: 6.ELIS (G:/My Drive/XABLAU/6.ELIS)
[2026-01-23 17:11:04] 🔎 Iniciando contagem da pasta: 7.NICO (G:/My Drive/XABLAU/7.NICO)
[2026-01-23 17:11:04] 🔎 Iniciando contagem da pasta: 8. JACQUES (G:/My Drive/XABLAU/8. JACQUES)
[2026-01-23 17:11:04] ✅ Contagem concluída: 4.MAYA -> 0 páginas
[2026-01-23 17:11:04] ✅ Contagem concluída: 1.LEIANES -> 0 páginas
[2026-01-23 17:11:07] ✅ Contagem concluída: 6.ELIS -> 607 páginas
[2026-01-23 17:11:07] ✅ Contagem concluída: 7.NICO -> 16 páginas
[2026-01-23 17:11:07] ✅ Contagem concluída: 8. JACQUES -> 0 páginas
[2026-01-23 17:11:47] ✅ Contagem concluída: 2.EROS -> 7660 páginas
[2026-01-23 17:11:48] ✅ Contagem concluída: 5.CUSH -> 8344 páginas
[2026-01-23 17:11:51] ✅ Contagem concluída: 3.BRUNO -> 9291 páginas
[2026-01-23 17:11:51] 🔎 Iniciando contagem da pasta VICTORIA: 8.VICTORIA/1.RENOMEANDO (G:/My Drive/XABLAU/8.VICTORIA\1.RENOMEANDO)
[2026-01-23 17:11:51] 🔎 Iniciando contagem da pasta VICTORIA: 8.VICTORIA/2.RENOMEADOS (G:/My Drive/XABLAU/8.VICTORIA\2.RENOMEADOS)
[2026-01-23 17:11:51] ✅ Contagem VICTORIA concluída: 8.VICTORIA/2.RENOMEADOS -> 0 páginas
[2026-01-23 17:12:29] ✅ Contagem VICTORIA concluída: 8.VICTORIA/1.RENOMEANDO -> 24999 páginas
[2026-01-23 17:12:29] ✅ Mensagem liberada para envio: Message differs and cooldown passed
[2026-01-23 17:12:29] 📨 Destino WhatsApp: tipo=group alvo=XABLAU UPDATES
[2026-01-23 17:12:29] Enviando resultados para WhatsApp...
[2026-01-23 17:12:29] ℹ️ Tamanho da mensagem: 515 caracteres
[2026-01-23 17:12:45] Message sent successfully to WhatsApp!
[2026-01-23 17:12:45] ℹ️ Saída do envio: WhatsApp connected!
Sending message to group: XABLAU UPDATES (id: 120363421676358028@g.us)
Message sent successfully! msgId: true_120363421676358028@g.us_3EB0928D5CF168C4BC6E96_174462209097938@lid chatId: 120363421676358028@g.us
Ack de entrega recebido (pelo menos chegou ao servidor).
[2026-01-23 17:14:47] Starting page count...
[2026-01-23 17:14:47] 📂 Pasta raiz configurada para contagem: G:/My Drive/XABLAU/
[2026-01-23 17:14:47] 📁 Pastas detectadas para contagem: 9
[2026-01-23 17:14:47] 🔎 Iniciando contagem da pasta: 3.BRUNO (G:/My Drive/XABLAU/3.BRUNO)
[2026-01-23 17:14:47] 🔎 Iniciando contagem da pasta: 1.LEIANES (G:/My Drive/XABLAU/1.LEIANES)
[2026-01-23 17:14:47] 🔎 Iniciando contagem da pasta: 2.EROS (G:/My Drive/XABLAU/2.EROS)
[2026-01-23 17:14:47] 🔎 Iniciando contagem da pasta: 4.MAYA (G:/My Drive/XABLAU/4.MAYA)
[2026-01-23 17:14:47] 🔎 Iniciando contagem da pasta: 5.CUSH (G:/My Drive/XABLAU/5.CUSH)
[2026-01-23 17:14:47] 🔎 Iniciando contagem da pasta: 6.ELIS (G:/My Drive/XABLAU/6.ELIS)
[2026-01-23 17:14:47] 🔎 Iniciando contagem da pasta: 7.NICO (G:/My Drive/XABLAU/7.NICO)
[2026-01-23 17:14:47] 🔎 Iniciando contagem da pasta: 8.JACQUES (G:/My Drive/XABLAU/8.JACQUES)
[2026-01-23 17:14:47] ✅ Contagem concluída: 1.LEIANES -> 0 páginas
[2026-01-23 17:14:47] ✅ Contagem concluída: 4.MAYA -> 0 páginas
[2026-01-23 17:14:48] ✅ Contagem concluída: 6.ELIS -> 607 páginas
[2026-01-23 17:14:48] ✅ Contagem concluída: 7.NICO -> 16 páginas
[2026-01-23 17:14:48] ✅ Contagem concluída: 8.JACQUES -> 0 páginas
[2026-01-23 17:14:57] ✅ Contagem concluída: 2.EROS -> 7660 páginas
[2026-01-23 17:14:57] ✅ Contagem concluída: 5.CUSH -> 8344 páginas
[2026-01-23 17:14:58] ✅ Contagem concluída: 3.BRUNO -> 9291 páginas
[2026-01-23 17:14:58] 🔎 Iniciando contagem da pasta VICTORIA: 9.VICTORIA/1.RENOMEANDO (G:/My Drive/XABLAU/9.VICTORIA\1.RENOMEANDO)
[2026-01-23 17:14:58] 🔎 Iniciando contagem da pasta VICTORIA: 9.VICTORIA/2.RENOMEADOS (G:/My Drive/XABLAU/9.VICTORIA\2.RENOMEADOS)
[2026-01-23 17:14:58] ✅ Contagem VICTORIA concluída: 9.VICTORIA/2.RENOMEADOS -> 0 páginas
[2026-01-23 17:15:18] ✅ Contagem VICTORIA concluída: 9.VICTORIA/1.RENOMEANDO -> 24999 páginas
[2026-01-23 17:15:18] ✅ Mensagem liberada para envio: Message differs and cooldown passed
[2026-01-23 17:15:18] 📨 Destino WhatsApp: tipo=group alvo=XABLAU UPDATES
[2026-01-23 17:15:18] Enviando resultados para WhatsApp...
[2026-01-23 17:15:18] ℹ️ Tamanho da mensagem: 495 caracteres
[2026-01-23 17:15:32] Message sent successfully to WhatsApp!
[2026-01-23 17:15:32] ℹ️ Saída do envio: WhatsApp connected!
Sending message to group: XABLAU UPDATES (id: 120363421676358028@g.us)
Message sent successfully! msgId: true_120363421676358028@g.us_3EB07065F7E42F2D692C34_174462209097938@lid chatId: 120363421676358028@g.us
Ack de entrega recebido (pelo menos chegou ao servidor).
[2026-01-23 17:36:56] Starting page count...
[2026-01-23 17:36:56] 📂 Pasta raiz configurada para contagem: G:/My Drive/XABLAU/
[2026-01-23 17:36:56] 📁 Pastas detectadas para contagem: 9
[2026-01-23 17:36:56] 🔎 Iniciando contagem da pasta: 3.BRUNO (G:/My Drive/XABLAU/3.BRUNO)
[2026-01-23 17:36:56] 🔎 Iniciando contagem da pasta: 1.LEIANES (G:/My Drive/XABLAU/1.LEIANES)
[2026-01-23 17:36:56] 🔎 Iniciando contagem da pasta: 2.EROS (G:/My Drive/XABLAU/2.EROS)
[2026-01-23 17:36:56] 🔎 Iniciando contagem da pasta: 4.MAYA (G:/My Drive/XABLAU/4.MAYA)
[2026-01-23 17:36:56] 🔎 Iniciando contagem da pasta: 5.CUSH (G:/My Drive/XABLAU/5.CUSH)
[2026-01-23 17:36:56] 🔎 Iniciando contagem da pasta: 6.ELIS (G:/My Drive/XABLAU/6.ELIS)
[2026-01-23 17:36:56] 🔎 Iniciando contagem da pasta: 7.NICO (G:/My Drive/XABLAU/7.NICO)
[2026-01-23 17:36:56] 🔎 Iniciando contagem da pasta: 8.JACQUES (G:/My Drive/XABLAU/8.JACQUES)
[2026-01-23 17:36:56] ✅ Contagem concluída: 1.LEIANES -> 0 páginas
[2026-01-23 17:36:56] ✅ Contagem concluída: 4.MAYA -> 0 páginas
[2026-01-23 17:36:57] ✅ Contagem concluída: 6.ELIS -> 607 páginas
[2026-01-23 17:36:57] ✅ Contagem concluída: 7.NICO -> 16 páginas
[2026-01-23 17:36:58] ✅ Contagem concluída: 8.JACQUES -> 348 páginas
[2026-01-23 17:37:08] ✅ Contagem concluída: 2.EROS -> 7660 páginas
[2026-01-23 17:37:08] ✅ Contagem concluída: 5.CUSH -> 8344 páginas
[2026-01-23 17:37:09] ✅ Contagem concluída: 3.BRUNO -> 9291 páginas
[2026-01-23 17:37:09] 🔎 Iniciando contagem da pasta VICTORIA: 9.VICTORIA/1.RENOMEANDO (G:/My Drive/XABLAU/9.VICTORIA\1.RENOMEANDO)
[2026-01-23 17:37:09] 🔎 Iniciando contagem da pasta VICTORIA: 9.VICTORIA/2.RENOMEADOS (G:/My Drive/XABLAU/9.VICTORIA\2.RENOMEADOS)
[2026-01-23 17:37:09] ✅ Contagem VICTORIA concluída: 9.VICTORIA/2.RENOMEADOS -> 0 páginas
[2026-01-23 17:37:28] ✅ Contagem VICTORIA concluída: 9.VICTORIA/1.RENOMEANDO -> 24999 páginas
[2026-01-23 17:37:28] ✅ Mensagem liberada para envio: Message differs and cooldown passed
[2026-01-23 17:37:28] 📨 Destino WhatsApp: tipo=group alvo=XABLAU UPDATES
[2026-01-23 17:37:28] Enviando resultados para WhatsApp...
[2026-01-23 17:37:28] ℹ️ Tamanho da mensagem: 519 caracteres
[2026-01-23 17:37:41] Message sent successfully to WhatsApp!
[2026-01-23 17:37:41] ℹ️ Saída do envio: WhatsApp connected!
Sending message to group: XABLAU UPDATES (id: 120363421676358028@g.us)
Message sent successfully! msgId: true_120363421676358028@g.us_3EB0868B80DC12B7C9AE30_174462209097938@lid chatId: 120363421676358028@g.us
Ack de entrega recebido (pelo menos chegou ao servidor).
[2026-01-23 18:14:14] Starting page count...
[2026-01-23 18:14:14] 📂 Pasta raiz configurada para contagem: G:/My Drive/XABLAU/
[2026-01-23 18:14:14] 📁 Pastas detectadas para contagem: 9
[2026-01-23 18:14:14] 🔎 Iniciando contagem da pasta: 3.BRUNO (G:/My Drive/XABLAU/3.BRUNO)
[2026-01-23 18:14:14] 🔎 Iniciando contagem da pasta: 1.LEIANES (G:/My Drive/XABLAU/1.LEIANES)
[2026-01-23 18:14:14] 🔎 Iniciando contagem da pasta: 2.EROS (G:/My Drive/XABLAU/2.EROS)
[2026-01-23 18:14:14] 🔎 Iniciando contagem da pasta: 4.MAYA (G:/My Drive/XABLAU/4.MAYA)
[2026-01-23 18:14:14] 🔎 Iniciando contagem da pasta: 5.CUSH (G:/My Drive/XABLAU/5.CUSH)
[2026-01-23 18:14:14] 🔎 Iniciando contagem da pasta: 6.ELIS (G:/My Drive/XABLAU/6.ELIS)
[2026-01-23 18:14:14] 🔎 Iniciando contagem da pasta: 7.NICO (G:/My Drive/XABLAU/7.NICO)
[2026-01-23 18:14:14] 🔎 Iniciando contagem da pasta: 8.JACQUES (G:/My Drive/XABLAU/8.JACQUES)
[2026-01-23 18:14:14] ✅ Contagem concluída: 1.LEIANES -> 0 páginas
[2026-01-23 18:14:14] ✅ Contagem concluída: 4.MAYA -> 0 páginas
[2026-01-23 18:14:15] ✅ Contagem concluída: 6.ELIS -> 607 páginas
[2026-01-23 18:14:15] ✅ Contagem concluída: 7.NICO -> 16 páginas
[2026-01-23 18:14:15] ✅ Contagem concluída: 8.JACQUES -> 348 páginas
[2026-01-23 18:14:27] ✅ Contagem concluída: 2.EROS -> 7788 páginas
[2026-01-23 18:14:27] ✅ Contagem concluída: 5.CUSH -> 8344 páginas
[2026-01-23 18:14:28] ✅ Contagem concluída: 3.BRUNO -> 9291 páginas
[2026-01-23 18:14:28] 🔎 Iniciando contagem da pasta VICTORIA: 9.VICTORIA/1.RENOMEANDO (G:/My Drive/XABLAU/9.VICTORIA\1.RENOMEANDO)
[2026-01-23 18:14:28] 🔎 Iniciando contagem da pasta VICTORIA: 9.VICTORIA/2.RENOMEADOS (G:/My Drive/XABLAU/9.VICTORIA\2.RENOMEADOS)
[2026-01-23 18:14:28] ✅ Contagem VICTORIA concluída: 9.VICTORIA/2.RENOMEADOS -> 0 páginas
[2026-01-23 18:14:46] ✅ Contagem VICTORIA concluída: 9.VICTORIA/1.RENOMEANDO -> 24999 páginas
[2026-01-23 18:14:46] ✅ Mensagem liberada para envio: Message differs and cooldown passed
[2026-01-23 18:14:46] 📨 Destino WhatsApp: tipo=group alvo=XABLAU UPDATES
[2026-01-23 18:14:46] Enviando resultados para WhatsApp...
[2026-01-23 18:14:46] ℹ️ Tamanho da mensagem: 516 caracteres
[2026-01-23 18:14:56] Message sent successfully to WhatsApp!
[2026-01-23 18:14:56] ℹ️ Saída do envio: WhatsApp connected!
Sending message to group: XABLAU UPDATES (id: 120363421676358028@g.us)
Message sent successfully! msgId: true_120363421676358028@g.us_3EB0E86B10C2D34C9A9379_174462209097938@lid chatId: 120363421676358028@g.us
Ack de entrega recebido (pelo menos chegou ao servidor).
[2026-01-23 20:25:47] Starting page count...
[2026-01-23 20:25:47] 📂 Pasta raiz configurada para contagem: G:/My Drive/XABLAU/
[2026-01-23 20:25:47] 📁 Pastas detectadas para contagem: 9
[2026-01-23 20:25:47] 🔎 Iniciando contagem da pasta: 3.BRUNO (G:/My Drive/XABLAU/3.BRUNO)
[2026-01-23 20:25:47] 🔎 Iniciando contagem da pasta: 1.LEIANES (G:/My Drive/XABLAU/1.LEIANES)
[2026-01-23 20:25:47] 🔎 Iniciando contagem da pasta: 2.EROS (G:/My Drive/XABLAU/2.EROS)
[2026-01-23 20:25:47] 🔎 Iniciando contagem da pasta: 4.MAYA (G:/My Drive/XABLAU/4.MAYA)
[2026-01-23 20:25:47] 🔎 Iniciando contagem da pasta: 5.CUSH (G:/My Drive/XABLAU/5.CUSH)
[2026-01-23 20:25:47] 🔎 Iniciando contagem da pasta: 6.ELIS (G:/My Drive/XABLAU/6.ELIS)
[2026-01-23 20:25:47] 🔎 Iniciando contagem da pasta: 7.NICO (G:/My Drive/XABLAU/7.NICO)
[2026-01-23 20:25:47] 🔎 Iniciando contagem da pasta: 8.JACQUES (G:/My Drive/XABLAU/8.JACQUES)
[2026-01-23 20:25:47] ✅ Contagem concluída: 1.LEIANES -> 0 páginas
[2026-01-23 20:25:47] ✅ Contagem concluída: 4.MAYA -> 0 páginas
[2026-01-23 20:25:48] ✅ Contagem concluída: 6.ELIS -> 607 páginas
[2026-01-23 20:25:48] ✅ Contagem concluída: 7.NICO -> 16 páginas
[2026-01-23 20:25:49] ✅ Contagem concluída: 8.JACQUES -> 762 páginas
[2026-01-23 20:26:00] ✅ Contagem concluída: 2.EROS -> 7788 páginas
[2026-01-23 20:26:00] ✅ Contagem concluída: 5.CUSH -> 8344 páginas
[2026-01-23 20:26:01] ✅ Contagem concluída: 3.BRUNO -> 9291 páginas
[2026-01-23 20:26:01] 🔎 Iniciando contagem da pasta VICTORIA: 9.VICTORIA/1.RENOMEANDO (G:/My Drive/XABLAU/9.VICTORIA\1.RENOMEANDO)
[2026-01-23 20:26:01] 🔎 Iniciando contagem da pasta VICTORIA: 9.VICTORIA/2.RENOMEADOS (G:/My Drive/XABLAU/9.VICTORIA\2.RENOMEADOS)
[2026-01-23 20:26:01] ✅ Contagem VICTORIA concluída: 9.VICTORIA/2.RENOMEADOS -> 0 páginas
[2026-01-23 20:26:20] ✅ Contagem VICTORIA concluída: 9.VICTORIA/1.RENOMEANDO -> 24999 páginas
[2026-01-23 20:26:20] ✅ Mensagem liberada para envio: Message differs and cooldown passed
[2026-01-23 20:26:20] 📨 Destino WhatsApp: tipo=group alvo=XABLAU UPDATES
[2026-01-23 20:26:20] Enviando resultados para WhatsApp...
[2026-01-23 20:26:20] ℹ️ Tamanho da mensagem: 519 caracteres
[2026-01-23 20:26:38] Message sent successfully to WhatsApp!
[2026-01-23 20:26:38] ℹ️ Saída do envio: WhatsApp connected!
Sending message to group: XABLAU UPDATES (id: 120363421676358028@g.us)
Message sent successfully! msgId: true_120363421676358028@g.us_3EB0D0D5A078DB36745D04_174462209097938@lid chatId: 120363421676358028@g.us
Ack de entrega recebido (pelo menos chegou ao servidor).
[2026-01-23 20:36:23] Starting page count...
[2026-01-23 20:36:23] 📂 Pasta raiz configurada para contagem: G:/My Drive/XABLAU/
[2026-01-23 20:36:23] 📁 Pastas detectadas para contagem: 9
[2026-01-23 20:36:23] 🔎 Iniciando contagem da pasta: 3.BRUNO (G:/My Drive/XABLAU/3.BRUNO)
[2026-01-23 20:36:23] 🔎 Iniciando contagem da pasta: 1.LEIANES (G:/My Drive/XABLAU/1.LEIANES)
[2026-01-23 20:36:23] 🔎 Iniciando contagem da pasta: 2.EROS (G:/My Drive/XABLAU/2.EROS)
[2026-01-23 20:36:23] 🔎 Iniciando contagem da pasta: 4.MAYA (G:/My Drive/XABLAU/4.MAYA)
[2026-01-23 20:36:23] 🔎 Iniciando contagem da pasta: 5.CUSH (G:/My Drive/XABLAU/5.CUSH)
[2026-01-23 20:36:23] 🔎 Iniciando contagem da pasta: 6.ELIS (G:/My Drive/XABLAU/6.ELIS)
[2026-01-23 20:36:23] 🔎 Iniciando contagem da pasta: 7.NICO (G:/My Drive/XABLAU/7.NICO)
[2026-01-23 20:36:23] 🔎 Iniciando contagem da pasta: 8.JACQUES (G:/My Drive/XABLAU/8.JACQUES)
[2026-01-23 20:36:23] ✅ Contagem concluída: 1.LEIANES -> 0 páginas
[2026-01-23 20:36:23] ✅ Contagem concluída: 4.MAYA -> 0 páginas
[2026-01-23 20:36:24] ✅ Contagem concluída: 6.ELIS -> 607 páginas
[2026-01-23 20:36:24] ✅ Contagem concluída: 7.NICO -> 16 páginas
[2026-01-23 20:36:25] ✅ Contagem concluída: 8.JACQUES -> 762 páginas
[2026-01-23 20:36:33] ✅ Contagem concluída: 2.EROS -> 7788 páginas
[2026-01-23 20:36:33] ✅ Contagem concluída: 5.CUSH -> 8344 páginas
[2026-01-23 20:36:34] ✅ Contagem concluída: 3.BRUNO -> 9291 páginas
[2026-01-23 20:36:34] 🔎 Iniciando contagem da pasta VICTORIA: 9.VICTORIA/1.RENOMEANDO (G:/My Drive/XABLAU/9.VICTORIA\1.RENOMEANDO)
[2026-01-23 20:36:34] 🔎 Iniciando contagem da pasta VICTORIA: 9.VICTORIA/2.RENOMEADOS (G:/My Drive/XABLAU/9.VICTORIA\2.RENOMEADOS)
[2026-01-23 20:36:34] ✅ Contagem VICTORIA concluída: 9.VICTORIA/2.RENOMEADOS -> 0 páginas
[2026-01-23 20:36:50] ✅ Contagem VICTORIA concluída: 9.VICTORIA/1.RENOMEANDO -> 24999 páginas
[2026-01-24 14:08:19] Starting page count...
[2026-01-24 14:08:19] 📂 Pasta raiz configurada para contagem: G:/My Drive/XABLAU/
[2026-01-24 14:08:19] 📁 Pastas detectadas para contagem: 9
[2026-01-24 14:08:19] 🔎 Iniciando contagem da pasta: 3.BRUNO (G:/My Drive/XABLAU/3.BRUNO)
[2026-01-24 14:08:19] 🔎 Iniciando contagem da pasta: 1.LEIANES (G:/My Drive/XABLAU/1.LEIANES)
[2026-01-24 14:08:19] 🔎 Iniciando contagem da pasta: 2.EROS (G:/My Drive/XABLAU/2.EROS)
[2026-01-24 14:08:19] 🔎 Iniciando contagem da pasta: 4.MAYA (G:/My Drive/XABLAU/4.MAYA)
[2026-01-24 14:08:19] 🔎 Iniciando contagem da pasta: 5.CUSH (G:/My Drive/XABLAU/5.CUSH)
[2026-01-24 14:08:19] 🔎 Iniciando contagem da pasta: 6.ELIS (G:/My Drive/XABLAU/6.ELIS)
[2026-01-24 14:08:19] 🔎 Iniciando contagem da pasta: 7.NICO (G:/My Drive/XABLAU/7.NICO)
[2026-01-24 14:08:19] 🔎 Iniciando contagem da pasta: 8.JACQUES (G:/My Drive/XABLAU/8.JACQUES)
[2026-01-24 14:08:19] ✅ Contagem concluída: 4.MAYA -> 0 páginas
[2026-01-24 14:08:19] ✅ Contagem concluída: 1.LEIANES -> 0 páginas
[2026-01-24 14:08:23] ✅ Contagem concluída: 6.ELIS -> 607 páginas
[2026-01-24 14:08:23] ✅ Contagem concluída: 7.NICO -> 16 páginas
[2026-01-24 14:08:27] ✅ Contagem concluída: 8.JACQUES -> 762 páginas
[2026-01-24 14:09:07] ✅ Contagem concluída: 5.CUSH -> 8344 páginas
[2026-01-24 14:09:07] ✅ Contagem concluída: 2.EROS -> 7788 páginas
[2026-01-24 14:09:11] ✅ Contagem concluída: 3.BRUNO -> 9291 páginas
[2026-01-24 14:09:11] 🔎 Iniciando contagem da pasta VICTORIA: 9.VICTORIA/1.RENOMEANDO (G:/My Drive/XABLAU/9.VICTORIA\1.RENOMEANDO)
[2026-01-24 14:09:11] 🔎 Iniciando contagem da pasta VICTORIA: 9.VICTORIA/2.RENOMEADOS (G:/My Drive/XABLAU/9.VICTORIA\2.RENOMEADOS)
[2026-01-24 14:09:11] ✅ Contagem VICTORIA concluída: 9.VICTORIA/2.RENOMEADOS -> 0 páginas
[2026-01-24 14:10:00] ✅ Contagem VICTORIA concluída: 9.VICTORIA/1.RENOMEANDO -> 24999 páginas
[2026-01-25 19:59:45] Starting page count...
[2026-01-25 19:59:45] 📂 Pasta raiz configurada para contagem: G:/My Drive/XABLAU/
[2026-01-25 19:59:45] 📁 Pastas detectadas para contagem: 9
[2026-01-25 19:59:45] 🔎 Iniciando contagem da pasta: 3.BRUNO (G:/My Drive/XABLAU/3.BRUNO)
[2026-01-25 19:59:45] 🔎 Iniciando contagem da pasta: 1.LEIANES (G:/My Drive/XABLAU/1.LEIANES)
[2026-01-25 19:59:45] 🔎 Iniciando contagem da pasta: 2.EROS (G:/My Drive/XABLAU/2.EROS)
[2026-01-25 19:59:45] 🔎 Iniciando contagem da pasta: 4.MAYA (G:/My Drive/XABLAU/4.MAYA)
[2026-01-25 19:59:45] 🔎 Iniciando contagem da pasta: 5.CUSH (G:/My Drive/XABLAU/5.CUSH)
[2026-01-25 19:59:45] 🔎 Iniciando contagem da pasta: 6.ELIS (G:/My Drive/XABLAU/6.ELIS)
[2026-01-25 19:59:45] 🔎 Iniciando contagem da pasta: 7.NICO (G:/My Drive/XABLAU/7.NICO)
[2026-01-25 19:59:45] 🔎 Iniciando contagem da pasta: 8.JACQUES (G:/My Drive/XABLAU/8.JACQUES)
[2026-01-25 19:59:45] ✅ Contagem concluída: 1.LEIANES -> 0 páginas
[2026-01-25 19:59:45] ✅ Contagem concluída: 4.MAYA -> 0 páginas
[2026-01-25 19:59:48] ✅ Contagem concluída: 6.ELIS -> 607 páginas
[2026-01-25 19:59:48] ✅ Contagem concluída: 7.NICO -> 16 páginas
[2026-01-25 19:59:52] ✅ Contagem concluída: 8.JACQUES -> 762 páginas
[2026-01-25 20:00:26] ✅ Contagem concluída: 5.CUSH -> 8344 páginas
[2026-01-25 20:00:26] ✅ Contagem concluída: 2.EROS -> 7788 páginas
[2026-01-25 20:00:29] ✅ Contagem concluída: 3.BRUNO -> 9291 páginas
[2026-01-25 20:00:29] 🔎 Iniciando contagem da pasta VICTORIA: 9.VICTORIA/1.RENOMEANDO (G:/My Drive/XABLAU/9.VICTORIA\1.RENOMEANDO)
[2026-01-25 20:00:29] 🔎 Iniciando contagem da pasta VICTORIA: 9.VICTORIA/2.RENOMEADOS (G:/My Drive/XABLAU/9.VICTORIA\2.RENOMEADOS)
[2026-01-25 20:00:29] ✅ Contagem VICTORIA concluída: 9.VICTORIA/2.RENOMEADOS -> 0 páginas
[2026-01-25 20:01:17] ✅ Contagem VICTORIA concluída: 9.VICTORIA/1.RENOMEANDO -> 24999 páginas
[2026-01-25 20:20:46] Starting page count...
[2026-01-25 20:20:46] 📂 Pasta raiz configurada para contagem: G:/My Drive/XABLAU/
[2026-01-25 20:20:46] 📁 Pastas detectadas para contagem: 9
[2026-01-25 20:20:46] 🔎 Iniciando contagem da pasta: 3.BRUNO (G:/My Drive/XABLAU/3.BRUNO)
[2026-01-25 20:20:46] 🔎 Iniciando contagem da pasta: 1.LEIANES (G:/My Drive/XABLAU/1.LEIANES)
[2026-01-25 20:20:46] 🔎 Iniciando contagem da pasta: 2.EROS (G:/My Drive/XABLAU/2.EROS)
[2026-01-25 20:20:46] 🔎 Iniciando contagem da pasta: 4.MAYA (G:/My Drive/XABLAU/4.MAYA)
[2026-01-25 20:20:46] 🔎 Iniciando contagem da pasta: 5.CUSH (G:/My Drive/XABLAU/5.CUSH)
[2026-01-25 20:20:46] 🔎 Iniciando contagem da pasta: 6.ELIS (G:/My Drive/XABLAU/6.ELIS)
[2026-01-25 20:20:46] 🔎 Iniciando contagem da pasta: 7.NICO (G:/My Drive/XABLAU/7.NICO)
[2026-01-25 20:20:46] 🔎 Iniciando contagem da pasta: 8.JACQUES (G:/My Drive/XABLAU/8.JACQUES)
[2026-01-25 20:20:46] ✅ Contagem concluída: 1.LEIANES -> 0 páginas
[2026-01-25 20:20:46] ✅ Contagem concluída: 4.MAYA -> 0 páginas
[2026-01-25 20:20:50] ✅ Contagem concluída: 6.ELIS -> 607 páginas
[2026-01-25 20:20:50] ✅ Contagem concluída: 7.NICO -> 16 páginas
[2026-01-25 20:20:54] ✅ Contagem concluída: 8.JACQUES -> 762 páginas
[2026-01-25 20:21:31] ✅ Contagem concluída: 2.EROS -> 7788 páginas
[2026-01-25 20:21:33] ✅ Contagem concluída: 5.CUSH -> 8814 páginas
[2026-01-25 20:21:35] ✅ Contagem concluída: 3.BRUNO -> 9291 páginas
[2026-01-25 20:21:35] 🔎 Iniciando contagem da pasta VICTORIA: 9.VICTORIA/1.RENOMEANDO (G:/My Drive/XABLAU/9.VICTORIA\1.RENOMEANDO)
[2026-01-25 20:21:35] 🔎 Iniciando contagem da pasta VICTORIA: 9.VICTORIA/2.RENOMEADOS (G:/My Drive/XABLAU/9.VICTORIA\2.RENOMEADOS)
[2026-01-25 20:22:01] ✅ Contagem VICTORIA concluída: 9.VICTORIA/2.RENOMEADOS -> 6741 páginas
[2026-01-25 20:22:22] ✅ Contagem VICTORIA concluída: 9.VICTORIA/1.RENOMEANDO -> 18258 páginas
[2026-01-25 20:22:22] ✅ Mensagem liberada para envio: Message differs and cooldown passed
[2026-01-25 20:22:22] 📨 Destino WhatsApp: tipo=group alvo=XABLAU UPDATES
[2026-01-25 20:22:22] Enviando resultados para WhatsApp...
[2026-01-25 20:22:22] ℹ️ Tamanho da mensagem: 535 caracteres
[2026-01-25 20:22:38] Message sent successfully to WhatsApp!
[2026-01-25 20:22:38] ℹ️ Saída do envio: WhatsApp connected!
Sending message to group: XABLAU UPDATES (id: 120363421676358028@g.us)
Message sent successfully! msgId: true_120363421676358028@g.us_3EB011832B6CE6769A956A_174462209097938@lid chatId: 120363421676358028@g.us
Ack de entrega recebido (pelo menos chegou ao servidor).
[2026-01-26 11:34:28] Starting page count...
[2026-01-26 11:34:28] 📂 Pasta raiz configurada para contagem: G:/My Drive/XABLAU/
[2026-01-26 11:34:29] 📁 Pastas detectadas para contagem: 9
[2026-01-26 11:34:29] 🔎 Iniciando contagem da pasta: 3.BRUNO (G:/My Drive/XABLAU/3.BRUNO)
[2026-01-26 11:34:29] 🔎 Iniciando contagem da pasta: 1.LEIANES (G:/My Drive/XABLAU/1.LEIANES)
[2026-01-26 11:34:29] 🔎 Iniciando contagem da pasta: 2.EROS (G:/My Drive/XABLAU/2.EROS)
[2026-01-26 11:34:29] 🔎 Iniciando contagem da pasta: 4.MAYA (G:/My Drive/XABLAU/4.MAYA)
[2026-01-26 11:34:29] 🔎 Iniciando contagem da pasta: 5.CUSH (G:/My Drive/XABLAU/5.CUSH)
[2026-01-26 11:34:29] 🔎 Iniciando contagem da pasta: 6.ELIS (G:/My Drive/XABLAU/6.ELIS)
[2026-01-26 11:34:29] 🔎 Iniciando contagem da pasta: 7.NICO (G:/My Drive/XABLAU/7.NICO)
[2026-01-26 11:34:29] 🔎 Iniciando contagem da pasta: 8.JACQUES (G:/My Drive/XABLAU/8.JACQUES)
[2026-01-26 11:34:29] ✅ Contagem concluída: 1.LEIANES -> 0 páginas
[2026-01-26 11:34:29] ✅ Contagem concluída: 4.MAYA -> 0 páginas
[2026-01-26 11:34:32] ✅ Contagem concluída: 6.ELIS -> 607 páginas
[2026-01-26 11:34:32] ✅ Contagem concluída: 7.NICO -> 16 páginas
[2026-01-26 11:34:38] ✅ Contagem concluída: 8.JACQUES -> 762 páginas
[2026-01-26 11:35:15] ✅ Contagem concluída: 2.EROS -> 7788 páginas
[2026-01-26 11:35:18] ✅ Contagem concluída: 5.CUSH -> 8814 páginas
[2026-01-26 11:35:20] ✅ Contagem concluída: 3.BRUNO -> 9291 páginas
[2026-01-26 11:35:20] 🔎 Iniciando contagem da pasta VICTORIA: 9.VICTORIA/1.RENOMEANDO (G:/My Drive/XABLAU/9.VICTORIA\1.RENOMEANDO)
[2026-01-26 11:35:20] 🔎 Iniciando contagem da pasta VICTORIA: 9.VICTORIA/2.RENOMEADOS (G:/My Drive/XABLAU/9.VICTORIA\2.RENOMEADOS)
[2026-01-26 11:35:50] ✅ Contagem VICTORIA concluída: 9.VICTORIA/2.RENOMEADOS -> 8142 páginas
[2026-01-26 11:36:06] ✅ Contagem VICTORIA concluída: 9.VICTORIA/1.RENOMEANDO -> 16847 páginas
[2026-01-26 11:36:06] ✅ Mensagem liberada para envio: Message differs and cooldown passed
[2026-01-26 11:36:06] 📨 Destino WhatsApp: tipo=group alvo=XABLAU UPDATES
[2026-01-26 11:36:06] Enviando resultados para WhatsApp...
[2026-01-26 11:36:06] ℹ️ Tamanho da mensagem: 531 caracteres
[2026-01-26 11:36:22] Message sent successfully to WhatsApp!
[2026-01-26 11:36:22] ℹ️ Saída do envio: WhatsApp connected!
Sending message to group: XABLAU UPDATES (id: 120363421676358028@g.us)
Message sent successfully! msgId: true_120363421676358028@g.us_3EB05976636B22F5AAFBB2_174462209097938@lid chatId: 120363421676358028@g.us
Ack de entrega recebido (pelo menos chegou ao servidor).
[2026-01-26 11:48:14] Starting page count...
[2026-01-26 11:48:14] 📂 Pasta raiz configurada para contagem: G:/My Drive/XABLAU/
[2026-01-26 11:48:14] 📁 Pastas detectadas para contagem: 9
[2026-01-26 11:48:14] 🔎 Iniciando contagem da pasta: 3.BRUNO (G:/My Drive/XABLAU/3.BRUNO)
[2026-01-26 11:48:14] 🔎 Iniciando contagem da pasta: 1.LEIANES (G:/My Drive/XABLAU/1.LEIANES)
[2026-01-26 11:48:14] 🔎 Iniciando contagem da pasta: 2.EROS (G:/My Drive/XABLAU/2.EROS)
[2026-01-26 11:48:14] 🔎 Iniciando contagem da pasta: 4.MAYA (G:/My Drive/XABLAU/4.MAYA)
[2026-01-26 11:48:14] 🔎 Iniciando contagem da pasta: 5.CUSH (G:/My Drive/XABLAU/5.CUSH)
[2026-01-26 11:48:14] 🔎 Iniciando contagem da pasta: 6.ELIS (G:/My Drive/XABLAU/6.ELIS)
[2026-01-26 11:48:14] 🔎 Iniciando contagem da pasta: 7.NICO (G:/My Drive/XABLAU/7.NICO)
[2026-01-26 11:48:14] 🔎 Iniciando contagem da pasta: 8.JACQUES (G:/My Drive/XABLAU/8.JACQUES)
[2026-01-26 11:48:14] ✅ Contagem concluída: 4.MAYA -> 0 páginas
[2026-01-26 11:48:14] ✅ Contagem concluída: 1.LEIANES -> 0 páginas
[2026-01-26 11:48:18] ✅ Contagem concluída: 6.ELIS -> 607 páginas
[2026-01-26 11:48:18] ✅ Contagem concluída: 7.NICO -> 16 páginas
[2026-01-26 11:48:22] ✅ Contagem concluída: 8.JACQUES -> 762 páginas
[2026-01-26 11:48:59] ✅ Contagem concluída: 2.EROS -> 7788 páginas
[2026-01-26 11:49:02] ✅ Contagem concluída: 5.CUSH -> 8814 páginas
[2026-01-26 11:49:03] ✅ Contagem concluída: 3.BRUNO -> 9291 páginas
[2026-01-26 11:49:03] 🔎 Iniciando contagem da pasta VICTORIA: 9.VICTORIA/1.RENOMEANDO (G:/My Drive/XABLAU/9.VICTORIA\1.RENOMEANDO)
[2026-01-26 11:49:03] 🔎 Iniciando contagem da pasta VICTORIA: 9.VICTORIA/2.RENOMEADOS (G:/My Drive/XABLAU/9.VICTORIA\2.RENOMEADOS)
[2026-01-26 11:49:36] ✅ Contagem VICTORIA concluída: 9.VICTORIA/2.RENOMEADOS -> 8965 páginas
[2026-01-26 11:49:50] ✅ Contagem VICTORIA concluída: 9.VICTORIA/1.RENOMEANDO -> 16034 páginas
[2026-01-26 11:49:50] ✅ Mensagem liberada para envio: Message differs and cooldown passed
[2026-01-26 11:49:50] 📨 Destino WhatsApp: tipo=group alvo=XABLAU UPDATES
[2026-01-26 11:49:50] Enviando resultados para WhatsApp...
[2026-01-26 11:49:50] ℹ️ Tamanho da mensagem: 529 caracteres
[2026-01-26 11:50:02] Message sent successfully to WhatsApp!
[2026-01-26 11:50:02] ℹ️ Saída do envio: WhatsApp connected!
Sending message to group: XABLAU UPDATES (id: 120363421676358028@g.us)
Message sent successfully! msgId: true_120363421676358028@g.us_3EB06E61C71587ECCCF5FD_174462209097938@lid chatId: 120363421676358028@g.us
Ack de entrega recebido (pelo menos chegou ao servidor).
[2026-01-26 12:02:36] Starting page count...
[2026-01-26 12:02:36] 📂 Pasta raiz configurada para contagem: G:/My Drive/XABLAU/
[2026-01-26 12:02:36] 📁 Pastas detectadas para contagem: 9
[2026-01-26 12:02:36] 🔎 Iniciando contagem da pasta: 3.BRUNO (G:/My Drive/XABLAU/3.BRUNO)
[2026-01-26 12:02:36] 🔎 Iniciando contagem da pasta: 1.LEIANES (G:/My Drive/XABLAU/1.LEIANES)
[2026-01-26 12:02:36] 🔎 Iniciando contagem da pasta: 2.EROS (G:/My Drive/XABLAU/2.EROS)
[2026-01-26 12:02:36] 🔎 Iniciando contagem da pasta: 4.MAYA (G:/My Drive/XABLAU/4.MAYA)
[2026-01-26 12:02:36] 🔎 Iniciando contagem da pasta: 5.CUSH (G:/My Drive/XABLAU/5.CUSH)
[2026-01-26 12:02:36] 🔎 Iniciando contagem da pasta: 6.ELIS (G:/My Drive/XABLAU/6.ELIS)
[2026-01-26 12:02:36] 🔎 Iniciando contagem da pasta: 7.NICO (G:/My Drive/XABLAU/7.NICO)
[2026-01-26 12:02:36] 🔎 Iniciando contagem da pasta: 8.JACQUES (G:/My Drive/XABLAU/8.JACQUES)
[2026-01-26 12:02:36] ✅ Contagem concluída: 1.LEIANES -> 0 páginas
[2026-01-26 12:02:36] ✅ Contagem concluída: 4.MAYA -> 0 páginas
[2026-01-26 12:02:36] ✅ Contagem concluída: 6.ELIS -> 607 páginas
[2026-01-26 12:02:36] ✅ Contagem concluída: 7.NICO -> 16 páginas
[2026-01-26 12:02:37] ✅ Contagem concluída: 8.JACQUES -> 762 páginas
[2026-01-26 12:02:45] ✅ Contagem concluída: 2.EROS -> 7788 páginas
[2026-01-26 12:02:46] ✅ Contagem concluída: 5.CUSH -> 8814 páginas
[2026-01-26 12:02:46] ✅ Contagem concluída: 3.BRUNO -> 9291 páginas
[2026-01-26 12:02:46] 🔎 Iniciando contagem da pasta VICTORIA: 9.VICTORIA/1.RENOMEANDO (G:/My Drive/XABLAU/9.VICTORIA\1.RENOMEANDO)
[2026-01-26 12:02:46] 🔎 Iniciando contagem da pasta VICTORIA: 9.VICTORIA/2.RENOMEADOS (G:/My Drive/XABLAU/9.VICTORIA\2.RENOMEADOS)
[2026-01-26 12:02:53] ✅ Contagem VICTORIA concluída: 9.VICTORIA/2.RENOMEADOS -> 9837 páginas
[2026-01-26 12:02:57] ✅ Contagem VICTORIA concluída: 9.VICTORIA/1.RENOMEANDO -> 15162 páginas
[2026-01-26 12:02:57] ✅ Mensagem liberada para envio: Message differs and cooldown passed
[2026-01-26 12:02:57] 📨 Destino WhatsApp: tipo=group alvo=XABLAU UPDATES
[2026-01-26 12:02:57] Enviando resultados para WhatsApp...
[2026-01-26 12:02:57] ℹ️ Tamanho da mensagem: 505 caracteres
[2026-01-26 12:03:04] Message sent successfully to WhatsApp!
[2026-01-26 12:03:04] ℹ️ Saída do envio: WhatsApp connected!
Sending message to group: XABLAU UPDATES (id: 120363421676358028@g.us)
Message sent successfully! msgId: true_120363421676358028@g.us_3EB0E2C1B755A9A6C82A0B_174462209097938@lid chatId: 120363421676358028@g.us
Ack de entrega recebido (pelo menos chegou ao servidor).
[2026-01-26 12:16:26] Starting page count...
[2026-01-26 12:16:26] 📂 Pasta raiz configurada para contagem: G:/My Drive/XABLAU/
[2026-01-26 12:16:26] 📁 Pastas detectadas para contagem: 9
[2026-01-26 12:16:26] 🔎 Iniciando contagem da pasta: 3.BRUNO (G:/My Drive/XABLAU/3.BRUNO)
[2026-01-26 12:16:26] 🔎 Iniciando contagem da pasta: 1.LEIANES (G:/My Drive/XABLAU/1.LEIANES)
[2026-01-26 12:16:26] 🔎 Iniciando contagem da pasta: 2.EROS (G:/My Drive/XABLAU/2.EROS)
[2026-01-26 12:16:26] 🔎 Iniciando contagem da pasta: 4.MAYA (G:/My Drive/XABLAU/4.MAYA)
[2026-01-26 12:16:26] 🔎 Iniciando contagem da pasta: 5.CUSH (G:/My Drive/XABLAU/5.CUSH)
[2026-01-26 12:16:26] 🔎 Iniciando contagem da pasta: 6.ELIS (G:/My Drive/XABLAU/6.ELIS)
[2026-01-26 12:16:26] 🔎 Iniciando contagem da pasta: 7.NICO (G:/My Drive/XABLAU/7.NICO)
[2026-01-26 12:16:26] 🔎 Iniciando contagem da pasta: 8.JACQUES (G:/My Drive/XABLAU/8.JACQUES)
[2026-01-26 12:16:26] ✅ Contagem concluída: 1.LEIANES -> 0 páginas
[2026-01-26 12:16:26] ✅ Contagem concluída: 4.MAYA -> 0 páginas
[2026-01-26 12:16:27] ✅ Contagem concluída: 6.ELIS -> 607 páginas
[2026-01-26 12:16:27] ✅ Contagem concluída: 7.NICO -> 16 páginas
[2026-01-26 12:16:28] ✅ Contagem concluída: 8.JACQUES -> 762 páginas
[2026-01-26 12:16:36] ✅ Contagem concluída: 2.EROS -> 7788 páginas
[2026-01-26 12:16:36] ✅ Contagem concluída: 5.CUSH -> 8814 páginas
[2026-01-26 12:16:37] ✅ Contagem concluída: 3.BRUNO -> 9291 páginas
[2026-01-26 12:16:37] 🔎 Iniciando contagem da pasta VICTORIA: 9.VICTORIA/1.RENOMEANDO (G:/My Drive/XABLAU/9.VICTORIA\1.RENOMEANDO)
[2026-01-26 12:16:37] 🔎 Iniciando contagem da pasta VICTORIA: 9.VICTORIA/2.RENOMEADOS (G:/My Drive/XABLAU/9.VICTORIA\2.RENOMEADOS)
[2026-01-26 12:16:45] ✅ Contagem VICTORIA concluída: 9.VICTORIA/2.RENOMEADOS -> 10590 páginas
[2026-01-26 12:16:48] ✅ Contagem VICTORIA concluída: 9.VICTORIA/1.RENOMEANDO -> 14409 páginas
[2026-01-26 12:16:48] ✅ Mensagem liberada para envio: Message differs and cooldown passed
[2026-01-26 12:16:48] 📨 Destino WhatsApp: tipo=group alvo=XABLAU UPDATES
[2026-01-26 12:16:48] Enviando resultados para WhatsApp...
[2026-01-26 12:16:48] ℹ️ Tamanho da mensagem: 506 caracteres
[2026-01-26 12:16:55] Message sent successfully to WhatsApp!
[2026-01-26 12:16:55] ℹ️ Saída do envio: WhatsApp connected!
Sending message to group: XABLAU UPDATES (id: 120363421676358028@g.us)
Message sent successfully! msgId: true_120363421676358028@g.us_3EB0991A4678290F04E697_174462209097938@lid chatId: 120363421676358028@g.us
Ack de entrega recebido (pelo menos chegou ao servidor).
[2026-01-26 17:48:08] Starting page count...
[2026-01-26 17:48:08] 📂 Pasta raiz configurada para contagem: G:/My Drive/XABLAU/
[2026-01-26 17:48:08] 📁 Pastas detectadas para contagem: 9
[2026-01-26 17:48:08] 🔎 Iniciando contagem da pasta: 3.BRUNO (G:/My Drive/XABLAU/3.BRUNO)
[2026-01-26 17:48:08] 🔎 Iniciando contagem da pasta: 1.LEIANES (G:/My Drive/XABLAU/1.LEIANES)
[2026-01-26 17:48:08] 🔎 Iniciando contagem da pasta: 2.EROS (G:/My Drive/XABLAU/2.EROS)
[2026-01-26 17:48:08] 🔎 Iniciando contagem da pasta: 4.MAYA (G:/My Drive/XABLAU/4.MAYA)
[2026-01-26 17:48:08] 🔎 Iniciando contagem da pasta: 5.CUSH (G:/My Drive/XABLAU/5.CUSH)
[2026-01-26 17:48:08] 🔎 Iniciando contagem da pasta: 6.ELIS (G:/My Drive/XABLAU/6.ELIS)
[2026-01-26 17:48:08] 🔎 Iniciando contagem da pasta: 7.NICO (G:/My Drive/XABLAU/7.NICO)
[2026-01-26 17:48:08] 🔎 Iniciando contagem da pasta: 8.JACQUES (G:/My Drive/XABLAU/8.JACQUES)
[2026-01-26 17:48:08] ✅ Contagem concluída: 1.LEIANES -> 0 páginas
[2026-01-26 17:48:08] ✅ Contagem concluída: 4.MAYA -> 0 páginas
[2026-01-26 17:48:12] ✅ Contagem concluída: 6.ELIS -> 607 páginas
[2026-01-26 17:48:12] ✅ Contagem concluída: 7.NICO -> 16 páginas
[2026-01-26 17:48:16] ✅ Contagem concluída: 8.JACQUES -> 762 páginas
[2026-01-26 17:48:58] ✅ Contagem concluída: 2.EROS -> 7788 páginas
[2026-01-26 17:49:01] ✅ Contagem concluída: 5.CUSH -> 8814 páginas
[2026-01-26 17:49:03] ✅ Contagem concluída: 3.BRUNO -> 9291 páginas
[2026-01-26 17:49:03] 🔎 Iniciando contagem da pasta VICTORIA: 9.VICTORIA/1.RENOMEANDO (G:/My Drive/XABLAU/9.VICTORIA\1.RENOMEANDO)
[2026-01-26 17:49:03] 🔎 Iniciando contagem da pasta VICTORIA: 9.VICTORIA/2.RENOMEADOS (G:/My Drive/XABLAU/9.VICTORIA\2.RENOMEADOS)
[2026-01-26 17:49:43] ✅ Contagem VICTORIA concluída: 9.VICTORIA/2.RENOMEADOS -> 10590 páginas
[2026-01-26 17:49:52] ✅ Contagem VICTORIA concluída: 9.VICTORIA/1.RENOMEANDO -> 14409 páginas
[2026-01-26 18:20:34] Starting page count...
[2026-01-26 18:20:34] 📂 Pasta raiz configurada para contagem: G:/My Drive/XABLAU/
[2026-01-26 18:20:34] 📁 Pastas detectadas para contagem: 9
[2026-01-26 18:20:34] 🔎 Iniciando contagem da pasta: 3.BRUNO (G:/My Drive/XABLAU/3.BRUNO)
[2026-01-26 18:20:34] 🔎 Iniciando contagem da pasta: 1.LEIANES (G:/My Drive/XABLAU/1.LEIANES)
[2026-01-26 18:20:34] 🔎 Iniciando contagem da pasta: 2.EROS (G:/My Drive/XABLAU/2.EROS)
[2026-01-26 18:20:34] 🔎 Iniciando contagem da pasta: 4.MAYA (G:/My Drive/XABLAU/4.MAYA)
[2026-01-26 18:20:34] 🔎 Iniciando contagem da pasta: 5.CUSH (G:/My Drive/XABLAU/5.CUSH)
[2026-01-26 18:20:34] 🔎 Iniciando contagem da pasta: 6.ELIS (G:/My Drive/XABLAU/6.ELIS)
[2026-01-26 18:20:34] 🔎 Iniciando contagem da pasta: 7.NICO (G:/My Drive/XABLAU/7.NICO)
[2026-01-26 18:20:34] 🔎 Iniciando contagem da pasta: 8.JACQUES (G:/My Drive/XABLAU/8.JACQUES)
[2026-01-26 18:20:34] ✅ Contagem concluída: 1.LEIANES -> 0 páginas
[2026-01-26 18:20:34] ✅ Contagem concluída: 4.MAYA -> 0 páginas
[2026-01-26 18:20:35] ✅ Contagem concluída: 6.ELIS -> 607 páginas
[2026-01-26 18:20:35] ✅ Contagem concluída: 7.NICO -> 16 páginas
[2026-01-26 18:20:36] ✅ Contagem concluída: 8.JACQUES -> 762 páginas
[2026-01-26 18:20:45] ✅ Contagem concluída: 2.EROS -> 8535 páginas
[2026-01-26 18:20:45] ✅ Contagem concluída: 5.CUSH -> 8814 páginas
[2026-01-26 18:20:45] ✅ Contagem concluída: 3.BRUNO -> 9291 páginas
[2026-01-26 18:20:45] 🔎 Iniciando contagem da pasta VICTORIA: 9.VICTORIA/1.RENOMEANDO (G:/My Drive/XABLAU/9.VICTORIA\1.RENOMEANDO)
[2026-01-26 18:20:45] 🔎 Iniciando contagem da pasta VICTORIA: 9.VICTORIA/2.RENOMEADOS (G:/My Drive/XABLAU/9.VICTORIA\2.RENOMEADOS)
[2026-01-26 18:20:55] ✅ Contagem VICTORIA concluída: 9.VICTORIA/2.RENOMEADOS -> 10590 páginas
[2026-01-26 18:20:57] ✅ Contagem VICTORIA concluída: 9.VICTORIA/1.RENOMEANDO -> 14409 páginas
[2026-01-26 18:20:57] ✅ Mensagem liberada para envio: Message differs and cooldown passed
[2026-01-26 18:20:57] 📨 Destino WhatsApp: tipo=group alvo=XABLAU UPDATES
[2026-01-26 18:20:57] Enviando resultados para WhatsApp...
[2026-01-26 18:20:57] ℹ️ Tamanho da mensagem: 520 caracteres
[2026-01-26 18:21:11] Message sent successfully to WhatsApp!
[2026-01-26 18:21:11] ℹ️ Saída do envio: WhatsApp connected!
Sending message to group: XABLAU UPDATES (id: 120363421676358028@g.us)
Message sent successfully! msgId: true_120363421676358028@g.us_3EB095C1ECEB1047C39B78_174462209097938@lid chatId: 120363421676358028@g.us
Ack de entrega recebido (pelo menos chegou ao servidor).
[2026-01-26 18:24:08] Starting page count...
[2026-01-26 18:24:08] 📂 Pasta raiz configurada para contagem: G:/My Drive/XABLAU/
[2026-01-26 18:24:08] 📁 Pastas detectadas para contagem: 9
[2026-01-26 18:24:08] 🔎 Iniciando contagem da pasta: 3.BRUNO (G:/My Drive/XABLAU/3.BRUNO)
[2026-01-26 18:24:08] 🔎 Iniciando contagem da pasta: 1.LEIANES (G:/My Drive/XABLAU/1.LEIANES)
[2026-01-26 18:24:08] 🔎 Iniciando contagem da pasta: 2.EROS (G:/My Drive/XABLAU/2.EROS)
[2026-01-26 18:24:08] 🔎 Iniciando contagem da pasta: 4.MAYA (G:/My Drive/XABLAU/4.MAYA)
[2026-01-26 18:24:08] 🔎 Iniciando contagem da pasta: 5.CUSH (G:/My Drive/XABLAU/5.CUSH)
[2026-01-26 18:24:08] 🔎 Iniciando contagem da pasta: 6.ELIS (G:/My Drive/XABLAU/6.ELIS)
[2026-01-26 18:24:08] 🔎 Iniciando contagem da pasta: 7.NICO (G:/My Drive/XABLAU/7.NICO)
[2026-01-26 18:24:08] 🔎 Iniciando contagem da pasta: 8.JACQUES (G:/My Drive/XABLAU/8.JACQUES)
[2026-01-26 18:24:08] ✅ Contagem concluída: 1.LEIANES -> 0 páginas
[2026-01-26 18:24:08] ✅ Contagem concluída: 4.MAYA -> 0 páginas
[2026-01-26 18:24:09] ✅ Contagem concluída: 6.ELIS -> 607 páginas
[2026-01-26 18:24:09] ✅ Contagem concluída: 7.NICO -> 16 páginas
[2026-01-26 18:24:10] ✅ Contagem concluída: 8.JACQUES -> 762 páginas
[2026-01-26 18:24:19] ✅ Contagem concluída: 2.EROS -> 8535 páginas
[2026-01-26 18:24:19] ✅ Contagem concluída: 5.CUSH -> 8814 páginas
[2026-01-26 18:24:20] ✅ Contagem concluída: 3.BRUNO -> 9291 páginas
[2026-01-26 18:24:20] 🔎 Iniciando contagem da pasta VICTORIA: 9.VICTORIA/1.RENOMEANDO (G:/My Drive/XABLAU/9.VICTORIA\1.RENOMEANDO)
[2026-01-26 18:24:20] 🔎 Iniciando contagem da pasta VICTORIA: 9.VICTORIA/2.RENOMEADOS (G:/My Drive/XABLAU/9.VICTORIA\2.RENOMEADOS)
[2026-01-26 18:24:30] ✅ Contagem VICTORIA concluída: 9.VICTORIA/2.RENOMEADOS -> 10590 páginas
[2026-01-26 18:24:33] ✅ Contagem VICTORIA concluída: 9.VICTORIA/1.RENOMEANDO -> 14409 páginas
[2026-01-26 19:56:14] Starting page count...
[2026-01-26 19:56:14] 📂 Pasta raiz configurada para contagem: G:/My Drive/XABLAU/
[2026-01-26 19:56:14] 📁 Pastas detectadas para contagem: 9
[2026-01-26 19:56:14] 🔎 Iniciando contagem da pasta: 3.BRUNO (G:/My Drive/XABLAU/3.BRUNO)
[2026-01-26 19:56:14] 🔎 Iniciando contagem da pasta: 1.LEIANES (G:/My Drive/XABLAU/1.LEIANES)
[2026-01-26 19:56:14] 🔎 Iniciando contagem da pasta: 2.EROS (G:/My Drive/XABLAU/2.EROS)
[2026-01-26 19:56:14] 🔎 Iniciando contagem da pasta: 4.MAYA (G:/My Drive/XABLAU/4.MAYA)
[2026-01-26 19:56:14] 🔎 Iniciando contagem da pasta: 5.CUSH (G:/My Drive/XABLAU/5.CUSH)
[2026-01-26 19:56:14] 🔎 Iniciando contagem da pasta: 6.ELIS (G:/My Drive/XABLAU/6.ELIS)
[2026-01-26 19:56:14] 🔎 Iniciando contagem da pasta: 7.NICO (G:/My Drive/XABLAU/7.NICO)
[2026-01-26 19:56:14] 🔎 Iniciando contagem da pasta: 8.JACQUES (G:/My Drive/XABLAU/8.JACQUES)
[2026-01-26 19:56:14] ✅ Contagem concluída: 1.LEIANES -> 0 páginas
[2026-01-26 19:56:14] ✅ Contagem concluída: 4.MAYA -> 0 páginas
[2026-01-26 19:56:15] ✅ Contagem concluída: 6.ELIS -> 607 páginas
[2026-01-26 19:56:17] ✅ Contagem concluída: 7.NICO -> 1037 páginas
[2026-01-26 19:56:18] ✅ Contagem concluída: 8.JACQUES -> 762 páginas
[2026-01-26 19:56:25] ✅ Contagem concluída: 2.EROS -> 8535 páginas
[2026-01-26 19:56:25] ✅ Contagem concluída: 5.CUSH -> 8814 páginas
[2026-01-26 19:56:25] ✅ Contagem concluída: 3.BRUNO -> 9291 páginas
[2026-01-26 19:56:25] 🔎 Iniciando contagem da pasta VICTORIA: 9.VICTORIA/1.RENOMEANDO (G:/My Drive/XABLAU/9.VICTORIA\1.RENOMEANDO)
[2026-01-26 19:56:25] 🔎 Iniciando contagem da pasta VICTORIA: 9.VICTORIA/2.RENOMEADOS (G:/My Drive/XABLAU/9.VICTORIA\2.RENOMEADOS)
[2026-01-26 19:56:34] ✅ Contagem VICTORIA concluída: 9.VICTORIA/2.RENOMEADOS -> 10590 páginas
[2026-01-26 19:56:37] ✅ Contagem VICTORIA concluída: 9.VICTORIA/1.RENOMEANDO -> 14409 páginas
[2026-01-26 19:56:37] ✅ Mensagem liberada para envio: Message differs and cooldown passed
[2026-01-26 19:56:37] 📨 Destino WhatsApp: tipo=group alvo=XABLAU UPDATES
[2026-01-26 19:56:37] Enviando resultados para WhatsApp...
[2026-01-26 19:56:37] ℹ️ Tamanho da mensagem: 524 caracteres
[2026-01-26 19:56:50] Message sent successfully to WhatsApp!
[2026-01-26 19:56:50] ℹ️ Saída do envio: WhatsApp connected!
Sending message to group: XABLAU UPDATES (id: 120363421676358028@g.us)
Message sent successfully! msgId: true_120363421676358028@g.us_3EB06B3800150B9979AF4C_174462209097938@lid chatId: 120363421676358028@g.us
Ack de entrega recebido (pelo menos chegou ao servidor).
[2026-01-26 20:24:53] Starting page count...
[2026-01-26 20:24:53] 📂 Pasta raiz configurada para contagem: G:/My Drive/XABLAU/
[2026-01-26 20:24:53] 📁 Pastas detectadas para contagem: 9
[2026-01-26 20:24:53] 🔎 Iniciando contagem da pasta: 3.BRUNO (G:/My Drive/XABLAU/3.BRUNO)
[2026-01-26 20:24:53] 🔎 Iniciando contagem da pasta: 1.LEIANES (G:/My Drive/XABLAU/1.LEIANES)
[2026-01-26 20:24:53] 🔎 Iniciando contagem da pasta: 2.EROS (G:/My Drive/XABLAU/2.EROS)
[2026-01-26 20:24:53] 🔎 Iniciando contagem da pasta: 4.MAYA (G:/My Drive/XABLAU/4.MAYA)
[2026-01-26 20:24:53] 🔎 Iniciando contagem da pasta: 5.CUSH (G:/My Drive/XABLAU/5.CUSH)
[2026-01-26 20:24:53] 🔎 Iniciando contagem da pasta: 6.ELIS (G:/My Drive/XABLAU/6.ELIS)
[2026-01-26 20:24:53] 🔎 Iniciando contagem da pasta: 7.NICO (G:/My Drive/XABLAU/7.NICO)
[2026-01-26 20:24:53] 🔎 Iniciando contagem da pasta: 8.JACQUES (G:/My Drive/XABLAU/8.JACQUES)
[2026-01-26 20:24:53] ✅ Contagem concluída: 1.LEIANES -> 0 páginas
[2026-01-26 20:24:53] ✅ Contagem concluída: 4.MAYA -> 0 páginas
[2026-01-26 20:24:54] ✅ Contagem concluída: 6.ELIS -> 607 páginas
[2026-01-26 20:24:56] ✅ Contagem concluída: 7.NICO -> 1105 páginas
[2026-01-26 20:24:57] ✅ Contagem concluída: 8.JACQUES -> 762 páginas
[2026-01-26 20:25:05] ✅ Contagem concluída: 2.EROS -> 8535 páginas
[2026-01-26 20:25:05] ✅ Contagem concluída: 5.CUSH -> 8814 páginas
[2026-01-26 20:25:05] ✅ Contagem concluída: 3.BRUNO -> 9291 páginas
[2026-01-26 20:25:05] 🔎 Iniciando contagem da pasta VICTORIA: 9.VICTORIA/1.RENOMEANDO (G:/My Drive/XABLAU/9.VICTORIA\1.RENOMEANDO)
[2026-01-26 20:25:05] 🔎 Iniciando contagem da pasta VICTORIA: 9.VICTORIA/2.RENOMEADOS (G:/My Drive/XABLAU/9.VICTORIA\2.RENOMEADOS)
[2026-01-26 20:25:14] ✅ Contagem VICTORIA concluída: 9.VICTORIA/2.RENOMEADOS -> 10590 páginas
[2026-01-26 20:25:17] ✅ Contagem VICTORIA concluída: 9.VICTORIA/1.RENOMEANDO -> 14409 páginas
[2026-01-26 20:25:17] ✅ Mensagem liberada para envio: Message differs and cooldown passed
[2026-01-26 20:25:17] 📨 Destino WhatsApp: tipo=group alvo=XABLAU UPDATES
[2026-01-26 20:25:17] Enviando resultados para WhatsApp...
[2026-01-26 20:25:17] ℹ️ Tamanho da mensagem: 520 caracteres
[2026-01-26 20:25:29] Message sent successfully to WhatsApp!
[2026-01-26 20:25:29] ℹ️ Saída do envio: WhatsApp connected!
Sending message to group: XABLAU UPDATES (id: 120363421676358028@g.us)
Message sent successfully! msgId: true_120363421676358028@g.us_3EB073240D1D831F0B837F_174462209097938@lid chatId: 120363421676358028@g.us
Ack de entrega recebido (pelo menos chegou ao servidor).
[2026-01-26 20:49:53] Starting page count...
[2026-01-26 20:49:53] 📂 Pasta raiz configurada para contagem: G:/My Drive/XABLAU/
[2026-01-26 20:49:53] 📁 Pastas detectadas para contagem: 9
[2026-01-26 20:49:53] 🔎 Iniciando contagem da pasta: 3.BRUNO (G:/My Drive/XABLAU/3.BRUNO)
[2026-01-26 20:49:53] 🔎 Iniciando contagem da pasta: 1.LEIANES (G:/My Drive/XABLAU/1.LEIANES)
[2026-01-26 20:49:53] 🔎 Iniciando contagem da pasta: 2.EROS (G:/My Drive/XABLAU/2.EROS)
[2026-01-26 20:49:53] 🔎 Iniciando contagem da pasta: 4.MAYA (G:/My Drive/XABLAU/4.MAYA)
[2026-01-26 20:49:53] 🔎 Iniciando contagem da pasta: 5.CUSH (G:/My Drive/XABLAU/5.CUSH)
[2026-01-26 20:49:53] 🔎 Iniciando contagem da pasta: 6.ELIS (G:/My Drive/XABLAU/6.ELIS)
[2026-01-26 20:49:53] 🔎 Iniciando contagem da pasta: 7.NICO (G:/My Drive/XABLAU/7.NICO)
[2026-01-26 20:49:53] 🔎 Iniciando contagem da pasta: 8.JACQUES (G:/My Drive/XABLAU/8.JACQUES)
[2026-01-26 20:49:53] ✅ Contagem concluída: 1.LEIANES -> 0 páginas
[2026-01-26 20:49:53] ✅ Contagem concluída: 4.MAYA -> 0 páginas
[2026-01-26 20:49:57] ✅ Contagem concluída: 6.ELIS -> 607 páginas
[2026-01-26 20:50:10] ✅ Contagem concluída: 7.NICO -> 1105 páginas
[2026-01-26 20:50:16] ✅ Contagem concluída: 8.JACQUES -> 762 páginas
[2026-01-26 20:50:53] ✅ Contagem concluída: 5.CUSH -> 8814 páginas
[2026-01-26 20:50:55] ✅ Contagem concluída: 2.EROS -> 8535 páginas
[2026-01-26 20:50:56] ✅ Contagem concluída: 3.BRUNO -> 9291 páginas
[2026-01-26 20:50:56] 🔎 Iniciando contagem da pasta VICTORIA: 9.VICTORIA/1.RENOMEANDO (G:/My Drive/XABLAU/9.VICTORIA\1.RENOMEANDO)
[2026-01-26 20:50:56] 🔎 Iniciando contagem da pasta VICTORIA: 9.VICTORIA/2.RENOMEADOS (G:/My Drive/XABLAU/9.VICTORIA\2.RENOMEADOS)
[2026-01-26 20:51:39] ✅ Contagem VICTORIA concluída: 9.VICTORIA/2.RENOMEADOS -> 10590 páginas
[2026-01-26 20:51:48] ✅ Contagem VICTORIA concluída: 9.VICTORIA/1.RENOMEANDO -> 14409 páginas
[2026-01-26 21:05:57] Starting page count...
[2026-01-26 21:05:57] 📂 Pasta raiz configurada para contagem: G:/My Drive/XABLAU/
[2026-01-26 21:05:57] 📁 Pastas detectadas para contagem: 9
[2026-01-26 21:05:57] 🔎 Iniciando contagem da pasta: 3.BRUNO (G:/My Drive/XABLAU/3.BRUNO)
[2026-01-26 21:05:57] 🔎 Iniciando contagem da pasta: 1.LEIANES (G:/My Drive/XABLAU/1.LEIANES)
[2026-01-26 21:05:57] 🔎 Iniciando contagem da pasta: 2.EROS (G:/My Drive/XABLAU/2.EROS)
[2026-01-26 21:05:57] 🔎 Iniciando contagem da pasta: 4.MAYA (G:/My Drive/XABLAU/4.MAYA)
[2026-01-26 21:05:57] 🔎 Iniciando contagem da pasta: 5.CUSH (G:/My Drive/XABLAU/5.CUSH)
[2026-01-26 21:05:57] 🔎 Iniciando contagem da pasta: 6.ELIS (G:/My Drive/XABLAU/6.ELIS)
[2026-01-26 21:05:57] 🔎 Iniciando contagem da pasta: 7.NICO (G:/My Drive/XABLAU/7.NICO)
[2026-01-26 21:05:57] 🔎 Iniciando contagem da pasta: 8.JACQUES (G:/My Drive/XABLAU/8.JACQUES)
[2026-01-26 21:05:57] ✅ Contagem concluída: 1.LEIANES -> 0 páginas
[2026-01-26 21:05:57] ✅ Contagem concluída: 4.MAYA -> 0 páginas
[2026-01-26 21:06:01] ✅ Contagem concluída: 6.ELIS -> 607 páginas
[2026-01-26 21:06:13] ✅ Contagem concluída: 7.NICO -> 1105 páginas
[2026-01-26 21:06:18] ✅ Contagem concluída: 8.JACQUES -> 762 páginas
[2026-01-26 21:06:58] ✅ Contagem concluída: 2.EROS -> 8535 páginas
[2026-01-26 21:06:59] ✅ Contagem concluída: 5.CUSH -> 9506 páginas
[2026-01-26 21:06:59] ✅ Contagem concluída: 3.BRUNO -> 9291 páginas
[2026-01-26 21:06:59] 🔎 Iniciando contagem da pasta VICTORIA: 9.VICTORIA/1.RENOMEANDO (G:/My Drive/XABLAU/9.VICTORIA\1.RENOMEANDO)
[2026-01-26 21:06:59] 🔎 Iniciando contagem da pasta VICTORIA: 9.VICTORIA/2.RENOMEADOS (G:/My Drive/XABLAU/9.VICTORIA\2.RENOMEADOS)
[2026-01-26 21:07:43] ✅ Contagem VICTORIA concluída: 9.VICTORIA/2.RENOMEADOS -> 10590 páginas
[2026-01-26 21:07:52] ✅ Contagem VICTORIA concluída: 9.VICTORIA/1.RENOMEANDO -> 14409 páginas
[2026-01-26 21:07:52] ✅ Mensagem liberada para envio: Message differs and cooldown passed
[2026-01-26 21:07:52] 📨 Destino WhatsApp: tipo=group alvo=XABLAU UPDATES
[2026-01-26 21:07:52] Enviando resultados para WhatsApp...
[2026-01-26 21:07:52] ℹ️ Tamanho da mensagem: 522 caracteres
[2026-01-26 21:08:13] Message sent successfully to WhatsApp!
[2026-01-26 21:08:13] ℹ️ Saída do envio: WhatsApp connected!
Sending message to group: XABLAU UPDATES (id: 120363421676358028@g.us)
Message sent successfully! msgId: true_120363421676358028@g.us_3EB0085766F3856E0BF5E3_174462209097938@lid chatId: 120363421676358028@g.us
Ack de entrega recebido (pelo menos chegou ao servidor).
[2026-01-27 10:58:20] Starting page count...
[2026-01-27 10:58:20] 📂 Pasta raiz configurada para contagem: G:/My Drive/XABLAU/
[2026-01-27 10:58:20] 📁 Pastas detectadas para contagem: 9
[2026-01-27 10:58:20] 🔎 Iniciando contagem da pasta: 3.BRUNO (G:/My Drive/XABLAU/3.BRUNO)
[2026-01-27 10:58:21] 🔎 Iniciando contagem da pasta: 1.LEIANES (G:/My Drive/XABLAU/1.LEIANES)
[2026-01-27 10:58:21] 🔎 Iniciando contagem da pasta: 2.EROS (G:/My Drive/XABLAU/2.EROS)
[2026-01-27 10:58:21] 🔎 Iniciando contagem da pasta: 4.MAYA (G:/My Drive/XABLAU/4.MAYA)
[2026-01-27 10:58:21] 🔎 Iniciando contagem da pasta: 5.CUSH (G:/My Drive/XABLAU/5.CUSH)
[2026-01-27 10:58:21] 🔎 Iniciando contagem da pasta: 6.ELIS (G:/My Drive/XABLAU/6.ELIS)
[2026-01-27 10:58:21] 🔎 Iniciando contagem da pasta: 7.NICO (G:/My Drive/XABLAU/7.NICO)
[2026-01-27 10:58:21] 🔎 Iniciando contagem da pasta: 8.JACQUES (G:/My Drive/XABLAU/8.JACQUES)
[2026-01-27 10:58:21] ✅ Contagem concluída: 1.LEIANES -> 0 páginas
[2026-01-27 10:58:21] ✅ Contagem concluída: 4.MAYA -> 0 páginas
[2026-01-27 10:58:24] ✅ Contagem concluída: 6.ELIS -> 607 páginas
[2026-01-27 10:58:35] ✅ Contagem concluída: 7.NICO -> 1105 páginas
[2026-01-27 10:58:39] ✅ Contagem concluída: 8.JACQUES -> 762 páginas
[2026-01-27 10:59:14] ✅ Contagem concluída: 2.EROS -> 8535 páginas
[2026-01-27 10:59:15] ✅ Contagem concluída: 5.CUSH -> 9506 páginas
[2026-01-27 10:59:15] ✅ Contagem concluída: 3.BRUNO -> 9291 páginas
[2026-01-27 10:59:15] 🔎 Iniciando contagem da pasta VICTORIA: 9.VICTORIA/1.RENOMEANDO (G:/My Drive/XABLAU/9.VICTORIA\1.RENOMEANDO)
[2026-01-27 10:59:15] 🔎 Iniciando contagem da pasta VICTORIA: 9.VICTORIA/2.RENOMEADOS (G:/My Drive/XABLAU/9.VICTORIA\2.RENOMEADOS)
[2026-01-27 10:59:54] ✅ Contagem VICTORIA concluída: 9.VICTORIA/2.RENOMEADOS -> 10590 páginas
[2026-01-27 11:00:02] ✅ Contagem VICTORIA concluída: 9.VICTORIA/1.RENOMEANDO -> 14409 páginas
[2026-01-27 11:11:52] Starting page count...
[2026-01-27 11:11:52] 📂 Pasta raiz configurada para contagem: G:/My Drive/XABLAU/
[2026-01-27 11:11:52] 📁 Pastas detectadas para contagem: 9
[2026-01-27 11:11:52] 🔎 Iniciando contagem da pasta: 3.BRUNO (G:/My Drive/XABLAU/3.BRUNO)
[2026-01-27 11:11:52] 🔎 Iniciando contagem da pasta: 1.LEIANES (G:/My Drive/XABLAU/1.LEIANES)
[2026-01-27 11:11:52] 🔎 Iniciando contagem da pasta: 2.EROS (G:/My Drive/XABLAU/2.EROS)
[2026-01-27 11:11:52] 🔎 Iniciando contagem da pasta: 4.MAYA (G:/My Drive/XABLAU/4.MAYA)
[2026-01-27 11:11:52] 🔎 Iniciando contagem da pasta: 5.CUSH (G:/My Drive/XABLAU/5.CUSH)
[2026-01-27 11:11:52] 🔎 Iniciando contagem da pasta: 6.ELIS (G:/My Drive/XABLAU/6.ELIS)
[2026-01-27 11:11:52] 🔎 Iniciando contagem da pasta: 7.NICO (G:/My Drive/XABLAU/7.NICO)
[2026-01-27 11:11:52] 🔎 Iniciando contagem da pasta: 8.JACQUES (G:/My Drive/XABLAU/8.JACQUES)
[2026-01-27 11:11:52] ✅ Contagem concluída: 1.LEIANES -> 0 páginas
[2026-01-27 11:11:52] ✅ Contagem concluída: 4.MAYA -> 0 páginas
[2026-01-27 11:11:55] ✅ Contagem concluída: 6.ELIS -> 607 páginas
[2026-01-27 11:12:06] ✅ Contagem concluída: 7.NICO -> 1105 páginas
[2026-01-27 11:12:10] ✅ Contagem concluída: 8.JACQUES -> 762 páginas
[2026-01-27 11:12:22] ✅ Contagem concluída: 2.EROS -> 8535 páginas
[2026-01-27 11:12:23] ✅ Contagem concluída: 3.BRUNO -> 9291 páginas
[2026-01-27 11:12:23] ✅ Contagem concluída: 5.CUSH -> 9506 páginas
[2026-01-27 11:12:23] 🔎 Iniciando contagem da pasta VICTORIA: 9.VICTORIA/1.RENOMEANDO (G:/My Drive/XABLAU/9.VICTORIA\1.RENOMEANDO)
[2026-01-27 11:12:23] 🔎 Iniciando contagem da pasta VICTORIA: 9.VICTORIA/2.RENOMEADOS (G:/My Drive/XABLAU/9.VICTORIA\2.RENOMEADOS)
[2026-01-27 11:12:34] ✅ Contagem VICTORIA concluída: 9.VICTORIA/2.RENOMEADOS -> 10596 páginas
[2026-01-27 11:12:37] ✅ Contagem VICTORIA concluída: 9.VICTORIA/1.RENOMEANDO -> 14403 páginas
[2026-01-27 11:12:37] ✅ Mensagem liberada para envio: Message differs and cooldown passed
[2026-01-27 11:12:37] 📨 Destino WhatsApp: tipo=group alvo=XABLAU UPDATES
[2026-01-27 11:12:37] Enviando resultados para WhatsApp...
[2026-01-27 11:12:37] ℹ️ Tamanho da mensagem: 504 caracteres
[2026-01-27 11:12:53] Message sent successfully to WhatsApp!
[2026-01-27 11:12:53] ℹ️ Saída do envio: WhatsApp connected!
Sending message to group: XABLAU UPDATES (id: 120363421676358028@g.us)
Message sent successfully! msgId: true_120363421676358028@g.us_3EB06C335B91222FAB0CBD_174462209097938@lid chatId: 120363421676358028@g.us
Ack de entrega recebido (pelo menos chegou ao servidor).
[2026-01-27 11:30:18] Starting page count...
[2026-01-27 11:30:18] 📂 Pasta raiz configurada para contagem: G:/My Drive/XABLAU/
[2026-01-27 11:30:18] 📁 Pastas detectadas para contagem: 9
[2026-01-27 11:30:18] 🔎 Iniciando contagem da pasta: 3.BRUNO (G:/My Drive/XABLAU/3.BRUNO)
[2026-01-27 11:30:18] 🔎 Iniciando contagem da pasta: 1.LEIANES (G:/My Drive/XABLAU/1.LEIANES)
[2026-01-27 11:30:18] 🔎 Iniciando contagem da pasta: 2.EROS (G:/My Drive/XABLAU/2.EROS)
[2026-01-27 11:30:18] 🔎 Iniciando contagem da pasta: 4.MAYA (G:/My Drive/XABLAU/4.MAYA)
[2026-01-27 11:30:18] 🔎 Iniciando contagem da pasta: 5.CUSH (G:/My Drive/XABLAU/5.CUSH)
[2026-01-27 11:30:18] 🔎 Iniciando contagem da pasta: 6.ELIS (G:/My Drive/XABLAU/6.ELIS)
[2026-01-27 11:30:18] 🔎 Iniciando contagem da pasta: 7.NICO (G:/My Drive/XABLAU/7.NICO)
[2026-01-27 11:30:18] 🔎 Iniciando contagem da pasta: 8.JACQUES (G:/My Drive/XABLAU/8.JACQUES)
[2026-01-27 11:30:18] ✅ Contagem concluída: 1.LEIANES -> 0 páginas
[2026-01-27 11:30:18] ✅ Contagem concluída: 4.MAYA -> 0 páginas
[2026-01-27 11:30:22] ✅ Contagem concluída: 6.ELIS -> 607 páginas
[2026-01-27 11:30:25] ✅ Contagem concluída: 7.NICO -> 1105 páginas
[2026-01-27 11:30:26] ✅ Contagem concluída: 8.JACQUES -> 762 páginas
[2026-01-27 11:30:36] ✅ Contagem concluída: 2.EROS -> 8535 páginas
[2026-01-27 11:30:36] ✅ Contagem concluída: 3.BRUNO -> 9291 páginas
[2026-01-27 11:30:37] ✅ Contagem concluída: 5.CUSH -> 9506 páginas
[2026-01-27 11:30:37] 🔎 Iniciando contagem da pasta VICTORIA: 9.VICTORIA/1.RENOMEANDO (G:/My Drive/XABLAU/9.VICTORIA\1.RENOMEANDO)
[2026-01-27 11:30:37] 🔎 Iniciando contagem da pasta VICTORIA: 9.VICTORIA/2.RENOMEADOS (G:/My Drive/XABLAU/9.VICTORIA\2.RENOMEADOS)
[2026-01-27 11:30:50] ✅ Contagem VICTORIA concluída: 9.VICTORIA/2.RENOMEADOS -> 11222 páginas
[2026-01-27 11:30:52] ✅ Contagem VICTORIA concluída: 9.VICTORIA/1.RENOMEANDO -> 13777 páginas
[2026-01-27 11:30:52] ✅ Mensagem liberada para envio: Message differs and cooldown passed
[2026-01-27 11:30:52] 📨 Destino WhatsApp: tipo=group alvo=XABLAU UPDATES
[2026-01-27 11:30:52] Enviando resultados para WhatsApp...
[2026-01-27 11:30:52] ℹ️ Tamanho da mensagem: 508 caracteres
[2026-01-27 11:31:10] Message sent successfully to WhatsApp!
[2026-01-27 11:31:10] ℹ️ Saída do envio: WhatsApp connected!
Sending message to group: XABLAU UPDATES (id: 120363421676358028@g.us)
Message sent successfully! msgId: true_120363421676358028@g.us_3EB0E357E2FC409D674FF5_174462209097938@lid chatId: 120363421676358028@g.us
Ack de entrega recebido (pelo menos chegou ao servidor).
[2026-01-27 11:33:32] Starting page count...
[2026-01-27 11:33:32] 📂 Pasta raiz configurada para contagem: G:/My Drive/XABLAU/
[2026-01-27 11:33:32] 📁 Pastas detectadas para contagem: 9
[2026-01-27 11:33:32] 🔎 Iniciando contagem da pasta: 3.BRUNO (G:/My Drive/XABLAU/3.BRUNO)
[2026-01-27 11:33:32] 🔎 Iniciando contagem da pasta: 1.LEIANES (G:/My Drive/XABLAU/1.LEIANES)
[2026-01-27 11:33:32] 🔎 Iniciando contagem da pasta: 2.EROS (G:/My Drive/XABLAU/2.EROS)
[2026-01-27 11:33:32] 🔎 Iniciando contagem da pasta: 4.MAYA (G:/My Drive/XABLAU/4.MAYA)
[2026-01-27 11:33:32] 🔎 Iniciando contagem da pasta: 5.CUSH (G:/My Drive/XABLAU/5.CUSH)
[2026-01-27 11:33:32] 🔎 Iniciando contagem da pasta: 6.ELIS (G:/My Drive/XABLAU/6.ELIS)
[2026-01-27 11:33:32] 🔎 Iniciando contagem da pasta: 7.NICO (G:/My Drive/XABLAU/7.NICO)
[2026-01-27 11:33:32] 🔎 Iniciando contagem da pasta: 8.JACQUES (G:/My Drive/XABLAU/8.JACQUES)
[2026-01-27 11:33:32] ✅ Contagem concluída: 4.MAYA -> 0 páginas
[2026-01-27 11:33:32] ✅ Contagem concluída: 1.LEIANES -> 0 páginas
[2026-01-27 11:33:33] ✅ Contagem concluída: 6.ELIS -> 607 páginas
[2026-01-27 11:33:36] ✅ Contagem concluída: 7.NICO -> 1105 páginas
[2026-01-27 11:33:37] ✅ Contagem concluída: 8.JACQUES -> 762 páginas
[2026-01-27 11:33:47] ✅ Contagem concluída: 2.EROS -> 8535 páginas
[2026-01-27 11:33:47] ✅ Contagem concluída: 3.BRUNO -> 9291 páginas
[2026-01-27 11:33:47] ✅ Contagem concluída: 5.CUSH -> 9506 páginas
[2026-01-27 11:33:47] 🔎 Iniciando contagem da pasta VICTORIA: 9.VICTORIA/1.RENOMEANDO (G:/My Drive/XABLAU/9.VICTORIA\1.RENOMEANDO)
[2026-01-27 11:33:47] 🔎 Iniciando contagem da pasta VICTORIA: 9.VICTORIA/2.RENOMEADOS (G:/My Drive/XABLAU/9.VICTORIA\2.RENOMEADOS)
[2026-01-27 11:34:00] ✅ Contagem VICTORIA concluída: 9.VICTORIA/2.RENOMEADOS -> 11222 páginas
[2026-01-27 11:34:02] ✅ Contagem VICTORIA concluída: 9.VICTORIA/1.RENOMEANDO -> 13777 páginas
[2026-01-27 11:45:03] Starting page count...
[2026-01-27 11:45:04] 📂 Pasta raiz configurada para contagem: G:/My Drive/XABLAU/
[2026-01-27 11:45:04] 📁 Pastas detectadas para contagem: 9
[2026-01-27 11:45:04] 🔎 Iniciando contagem da pasta: 3.BRUNO (G:/My Drive/XABLAU/3.BRUNO)
[2026-01-27 11:45:04] 🔎 Iniciando contagem da pasta: 1.LEIANES (G:/My Drive/XABLAU/1.LEIANES)
[2026-01-27 11:45:04] 🔎 Iniciando contagem da pasta: 2.EROS (G:/My Drive/XABLAU/2.EROS)
[2026-01-27 11:45:04] 🔎 Iniciando contagem da pasta: 4.MAYA (G:/My Drive/XABLAU/4.MAYA)
[2026-01-27 11:45:04] 🔎 Iniciando contagem da pasta: 5.CUSH (G:/My Drive/XABLAU/5.CUSH)
[2026-01-27 11:45:04] 🔎 Iniciando contagem da pasta: 6.ELIS (G:/My Drive/XABLAU/6.ELIS)
[2026-01-27 11:45:04] 🔎 Iniciando contagem da pasta: 7.NICO (G:/My Drive/XABLAU/7.NICO)
[2026-01-27 11:45:04] 🔎 Iniciando contagem da pasta: 8.JACQUES (G:/My Drive/XABLAU/8.JACQUES)
[2026-01-27 11:45:04] ✅ Contagem concluída: 1.LEIANES -> 0 páginas
[2026-01-27 11:45:04] ✅ Contagem concluída: 4.MAYA -> 0 páginas
[2026-01-27 11:45:05] ✅ Contagem concluída: 6.ELIS -> 607 páginas
[2026-01-27 11:45:08] ✅ Contagem concluída: 7.NICO -> 1105 páginas
[2026-01-27 11:45:09] ✅ Contagem concluída: 8.JACQUES -> 762 páginas
[2026-01-27 11:45:19] ✅ Contagem concluída: 2.EROS -> 8535 páginas
[2026-01-27 11:45:20] ✅ Contagem concluída: 3.BRUNO -> 9291 páginas
[2026-01-27 11:45:20] ✅ Contagem concluída: 5.CUSH -> 9506 páginas
[2026-01-27 11:45:20] 🔎 Iniciando contagem da pasta VICTORIA: 9.VICTORIA/1.RENOMEANDO (G:/My Drive/XABLAU/9.VICTORIA\1.RENOMEANDO)
[2026-01-27 11:45:20] 🔎 Iniciando contagem da pasta VICTORIA: 9.VICTORIA/2.RENOMEADOS (G:/My Drive/XABLAU/9.VICTORIA\2.RENOMEADOS)
[2026-01-27 11:45:34] ✅ Contagem VICTORIA concluída: 9.VICTORIA/2.RENOMEADOS -> 11222 páginas
[2026-01-27 11:45:36] ✅ Contagem VICTORIA concluída: 9.VICTORIA/1.RENOMEANDO -> 13777 páginas
[2026-01-27 11:50:14] Starting page count...
[2026-01-27 11:50:14] 📂 Pasta raiz configurada para contagem: G:/My Drive/XABLAU/
[2026-01-27 11:50:14] 📁 Pastas detectadas para contagem: 9
[2026-01-27 11:50:14] 🔎 Iniciando contagem da pasta: 3.BRUNO (G:/My Drive/XABLAU/3.BRUNO)
[2026-01-27 11:50:14] 🔎 Iniciando contagem da pasta: 1.LEIANES (G:/My Drive/XABLAU/1.LEIANES)
[2026-01-27 11:50:14] 🔎 Iniciando contagem da pasta: 2.EROS (G:/My Drive/XABLAU/2.EROS)
[2026-01-27 11:50:14] 🔎 Iniciando contagem da pasta: 4.MAYA (G:/My Drive/XABLAU/4.MAYA)
[2026-01-27 11:50:14] 🔎 Iniciando contagem da pasta: 5.CUSH (G:/My Drive/XABLAU/5.CUSH)
[2026-01-27 11:50:14] 🔎 Iniciando contagem da pasta: 6.ELIS (G:/My Drive/XABLAU/6.ELIS)
[2026-01-27 11:50:14] 🔎 Iniciando contagem da pasta: 7.NICO (G:/My Drive/XABLAU/7.NICO)
[2026-01-27 11:50:14] 🔎 Iniciando contagem da pasta: 8.JACQUES (G:/My Drive/XABLAU/8.JACQUES)
[2026-01-27 11:50:14] ✅ Contagem concluída: 1.LEIANES -> 0 páginas
[2026-01-27 11:50:14] ✅ Contagem concluída: 4.MAYA -> 0 páginas
[2026-01-27 11:50:15] ✅ Contagem concluída: 6.ELIS -> 607 páginas
[2026-01-27 11:50:18] ✅ Contagem concluída: 7.NICO -> 1105 páginas
[2026-01-27 11:50:20] ✅ Contagem concluída: 8.JACQUES -> 762 páginas
[2026-01-27 11:50:30] ✅ Contagem concluída: 2.EROS -> 8535 páginas
[2026-01-27 11:50:31] ✅ Contagem concluída: 3.BRUNO -> 9291 páginas
[2026-01-27 11:50:31] ✅ Contagem concluída: 5.CUSH -> 9506 páginas
[2026-01-27 11:50:31] 🔎 Iniciando contagem da pasta VICTORIA: 9.VICTORIA/1.RENOMEANDO (G:/My Drive/XABLAU/9.VICTORIA\1.RENOMEANDO)
[2026-01-27 11:50:31] 🔎 Iniciando contagem da pasta VICTORIA: 9.VICTORIA/2.RENOMEADOS (G:/My Drive/XABLAU/9.VICTORIA\2.RENOMEADOS)
[2026-01-27 11:50:44] ✅ Contagem VICTORIA concluída: 9.VICTORIA/2.RENOMEADOS -> 11222 páginas
[2026-01-27 11:50:46] ✅ Contagem VICTORIA concluída: 9.VICTORIA/1.RENOMEANDO -> 13777 páginas
[2026-01-27 11:52:49] Starting page count...
[2026-01-27 11:52:49] 📂 Pasta raiz configurada para contagem: G:/My Drive/XABLAU/
[2026-01-27 11:52:49] 📁 Pastas detectadas para contagem: 9
[2026-01-27 11:52:49] 🔎 Iniciando contagem da pasta: 3.BRUNO (G:/My Drive/XABLAU/3.BRUNO)
[2026-01-27 11:52:49] 🔎 Iniciando contagem da pasta: 1.LEIANES (G:/My Drive/XABLAU/1.LEIANES)
[2026-01-27 11:52:49] 🔎 Iniciando contagem da pasta: 2.EROS (G:/My Drive/XABLAU/2.EROS)
[2026-01-27 11:52:49] 🔎 Iniciando contagem da pasta: 4.MAYA (G:/My Drive/XABLAU/4.MAYA)
[2026-01-27 11:52:49] 🔎 Iniciando contagem da pasta: 5.CUSH (G:/My Drive/XABLAU/5.CUSH)
[2026-01-27 11:52:49] 🔎 Iniciando contagem da pasta: 6.ELIS (G:/My Drive/XABLAU/6.ELIS)
[2026-01-27 11:52:49] 🔎 Iniciando contagem da pasta: 7.NICO (G:/My Drive/XABLAU/7.NICO)
[2026-01-27 11:52:49] 🔎 Iniciando contagem da pasta: 8.JACQUES (G:/My Drive/XABLAU/8.JACQUES)
[2026-01-27 11:52:49] ✅ Contagem concluída: 4.MAYA -> 0 páginas
[2026-01-27 11:52:49] ✅ Contagem concluída: 1.LEIANES -> 0 páginas
[2026-01-27 11:52:50] ✅ Contagem concluída: 6.ELIS -> 607 páginas
[2026-01-27 11:52:53] ✅ Contagem concluída: 7.NICO -> 1105 páginas
[2026-01-27 11:52:54] ✅ Contagem concluída: 8.JACQUES -> 762 páginas
[2026-01-27 11:53:01] ✅ Contagem concluída: 2.EROS -> 8535 páginas
[2026-01-27 11:53:02] ✅ Contagem concluída: 3.BRUNO -> 9291 páginas
[2026-01-27 11:53:02] ✅ Contagem concluída: 5.CUSH -> 9506 páginas
[2026-01-27 11:53:02] 🔎 Iniciando contagem da pasta VICTORIA: 9.VICTORIA/1.RENOMEANDO (G:/My Drive/XABLAU/9.VICTORIA\1.RENOMEANDO)
[2026-01-27 11:53:02] 🔎 Iniciando contagem da pasta VICTORIA: 9.VICTORIA/2.RENOMEADOS (G:/My Drive/XABLAU/9.VICTORIA\2.RENOMEADOS)
[2026-01-27 11:53:12] ✅ Contagem VICTORIA concluída: 9.VICTORIA/2.RENOMEADOS -> 11222 páginas
[2026-01-27 11:53:14] ✅ Contagem VICTORIA concluída: 9.VICTORIA/1.RENOMEANDO -> 13777 páginas
[2026-01-27 11:57:24] Starting page count...
[2026-01-27 11:57:24] 📂 Pasta raiz configurada para contagem: G:/My Drive/XABLAU/
[2026-01-27 11:57:25] 📁 Pastas detectadas para contagem: 9
[2026-01-27 11:57:25] 🔎 Iniciando contagem da pasta: 3.BRUNO (G:/My Drive/XABLAU/3.BRUNO)
[2026-01-27 11:57:25] 🔎 Iniciando contagem da pasta: 1.LEIANES (G:/My Drive/XABLAU/1.LEIANES)
[2026-01-27 11:57:25] 🔎 Iniciando contagem da pasta: 2.EROS (G:/My Drive/XABLAU/2.EROS)
[2026-01-27 11:57:25] 🔎 Iniciando contagem da pasta: 4.MAYA (G:/My Drive/XABLAU/4.MAYA)
[2026-01-27 11:57:25] 🔎 Iniciando contagem da pasta: 5.CUSH (G:/My Drive/XABLAU/5.CUSH)
[2026-01-27 11:57:25] 🔎 Iniciando contagem da pasta: 6.ELIS (G:/My Drive/XABLAU/6.ELIS)
[2026-01-27 11:57:25] 🔎 Iniciando contagem da pasta: 7.NICO (G:/My Drive/XABLAU/7.NICO)
[2026-01-27 11:57:25] 🔎 Iniciando contagem da pasta: 8.JACQUES (G:/My Drive/XABLAU/8.JACQUES)
[2026-01-27 11:57:25] ✅ Contagem concluída: 4.MAYA -> 0 páginas
[2026-01-27 11:57:25] ✅ Contagem concluída: 1.LEIANES -> 0 páginas
[2026-01-27 11:57:25] ✅ Contagem concluída: 6.ELIS -> 607 páginas
[2026-01-27 11:57:27] ✅ Contagem concluída: 7.NICO -> 1105 páginas
[2026-01-27 11:57:28] ✅ Contagem concluída: 8.JACQUES -> 762 páginas
[2026-01-27 11:57:35] ✅ Contagem concluída: 2.EROS -> 8535 páginas
[2026-01-27 11:57:36] ✅ Contagem concluída: 3.BRUNO -> 9291 páginas
[2026-01-27 11:57:36] ✅ Contagem concluída: 5.CUSH -> 9506 páginas
[2026-01-27 11:57:36] 🔎 Iniciando contagem da pasta VICTORIA: 9.VICTORIA/1.RENOMEANDO (G:/My Drive/XABLAU/9.VICTORIA\1.RENOMEANDO)
[2026-01-27 11:57:36] 🔎 Iniciando contagem da pasta VICTORIA: 9.VICTORIA/2.RENOMEADOS (G:/My Drive/XABLAU/9.VICTORIA\2.RENOMEADOS)
[2026-01-27 11:57:46] ✅ Contagem VICTORIA concluída: 9.VICTORIA/2.RENOMEADOS -> 11222 páginas
[2026-01-27 11:57:48] ✅ Contagem VICTORIA concluída: 9.VICTORIA/1.RENOMEANDO -> 13777 páginas
[2026-01-27 12:50:59] Starting page count...
[2026-01-27 12:50:59] 📂 Pasta raiz configurada para contagem: G:/My Drive/XABLAU/
[2026-01-27 12:50:59] 📁 Pastas detectadas para contagem: 9
[2026-01-27 12:50:59] 🔎 Iniciando contagem da pasta: 3.BRUNO (G:/My Drive/XABLAU/3.BRUNO)
[2026-01-27 12:50:59] 🔎 Iniciando contagem da pasta: 1.LEIANES (G:/My Drive/XABLAU/1.LEIANES)
[2026-01-27 12:50:59] 🔎 Iniciando contagem da pasta: 2.EROS (G:/My Drive/XABLAU/2.EROS)
[2026-01-27 12:50:59] 🔎 Iniciando contagem da pasta: 4.MAYA (G:/My Drive/XABLAU/4.MAYA)
[2026-01-27 12:50:59] 🔎 Iniciando contagem da pasta: 5.CUSH (G:/My Drive/XABLAU/5.CUSH)
[2026-01-27 12:50:59] 🔎 Iniciando contagem da pasta: 6.ELIS (G:/My Drive/XABLAU/6.ELIS)
[2026-01-27 12:50:59] 🔎 Iniciando contagem da pasta: 7.NICO (G:/My Drive/XABLAU/7.NICO)
[2026-01-27 12:50:59] 🔎 Iniciando contagem da pasta: 8.JACQUES (G:/My Drive/XABLAU/8.JACQUES)
[2026-01-27 12:50:59] ✅ Contagem concluída: 4.MAYA -> 0 páginas
[2026-01-27 12:50:59] ✅ Contagem concluída: 1.LEIANES -> 0 páginas
[2026-01-27 12:51:00] ✅ Contagem concluída: 6.ELIS -> 607 páginas
[2026-01-27 12:51:02] ✅ Contagem concluída: 7.NICO -> 1105 páginas
[2026-01-27 12:51:03] ✅ Contagem concluída: 8.JACQUES -> 762 páginas
[2026-01-27 12:51:10] ✅ Contagem concluída: 2.EROS -> 8535 páginas
[2026-01-27 12:51:10] ✅ Contagem concluída: 3.BRUNO -> 9291 páginas
[2026-01-27 12:51:10] ✅ Contagem concluída: 5.CUSH -> 9506 páginas
[2026-01-27 12:51:10] 🔎 Iniciando contagem da pasta VICTORIA: 9.VICTORIA/1.RENOMEANDO (G:/My Drive/XABLAU/9.VICTORIA\1.RENOMEANDO)
[2026-01-27 12:51:10] 🔎 Iniciando contagem da pasta VICTORIA: 9.VICTORIA/2.RENOMEADOS (G:/My Drive/XABLAU/9.VICTORIA\2.RENOMEADOS)
[2026-01-27 12:51:20] ✅ Contagem VICTORIA concluída: 9.VICTORIA/2.RENOMEADOS -> 11222 páginas
[2026-01-27 12:51:22] ✅ Contagem VICTORIA concluída: 9.VICTORIA/1.RENOMEANDO -> 13777 páginas
[2026-01-27 12:59:57] Starting page count...
[2026-01-27 12:59:57] 📂 Pasta raiz configurada para contagem: G:/My Drive/XABLAU/
[2026-01-27 12:59:57] 📁 Pastas detectadas para contagem: 9
[2026-01-27 12:59:57] 🔎 Iniciando contagem da pasta: 3.BRUNO (G:/My Drive/XABLAU/3.BRUNO)
[2026-01-27 12:59:57] 🔎 Iniciando contagem da pasta: 1.LEIANES (G:/My Drive/XABLAU/1.LEIANES)
[2026-01-27 12:59:57] 🔎 Iniciando contagem da pasta: 2.EROS (G:/My Drive/XABLAU/2.EROS)
[2026-01-27 12:59:57] 🔎 Iniciando contagem da pasta: 4.MAYA (G:/My Drive/XABLAU/4.MAYA)
[2026-01-27 12:59:57] 🔎 Iniciando contagem da pasta: 5.CUSH (G:/My Drive/XABLAU/5.CUSH)
[2026-01-27 12:59:57] 🔎 Iniciando contagem da pasta: 6.ELIS (G:/My Drive/XABLAU/6.ELIS)
[2026-01-27 12:59:57] 🔎 Iniciando contagem da pasta: 7.NICO (G:/My Drive/XABLAU/7.NICO)
[2026-01-27 12:59:57] 🔎 Iniciando contagem da pasta: 8.JACQUES (G:/My Drive/XABLAU/8.JACQUES)
[2026-01-27 12:59:57] ✅ Contagem concluída: 4.MAYA -> 0 páginas
[2026-01-27 12:59:57] ✅ Contagem concluída: 1.LEIANES -> 0 páginas
[2026-01-27 13:00:00] ✅ Contagem concluída: 6.ELIS -> 607 páginas
[2026-01-27 13:00:10] ✅ Contagem concluída: 7.NICO -> 1105 páginas
[2026-01-27 13:00:15] ✅ Contagem concluída: 8.JACQUES -> 762 páginas
[2026-01-27 13:00:48] ✅ Contagem concluída: 2.EROS -> 8535 páginas
[2026-01-27 13:00:50] ✅ Contagem concluída: 5.CUSH -> 9506 páginas
[2026-01-27 13:00:50] ✅ Contagem concluída: 3.BRUNO -> 9291 páginas
[2026-01-27 13:00:50] 🔎 Iniciando contagem da pasta VICTORIA: 9.VICTORIA/1.RENOMEANDO (G:/My Drive/XABLAU/9.VICTORIA\1.RENOMEANDO)
[2026-01-27 13:00:50] 🔎 Iniciando contagem da pasta VICTORIA: 9.VICTORIA/2.RENOMEADOS (G:/My Drive/XABLAU/9.VICTORIA\2.RENOMEADOS)
[2026-01-27 13:01:33] ✅ Contagem VICTORIA concluída: 9.VICTORIA/2.RENOMEADOS -> 11695 páginas
[2026-01-27 13:01:34] ✅ Contagem VICTORIA concluída: 9.VICTORIA/1.RENOMEANDO -> 13304 páginas
[2026-01-27 13:01:34] ✅ Mensagem liberada para envio: Message differs and cooldown passed
[2026-01-27 13:01:34] 📨 Destino WhatsApp: tipo=group alvo=XABLAU UPDATES
[2026-01-27 13:01:34] Enviando resultados para WhatsApp...
[2026-01-27 13:01:34] ℹ️ Tamanho da mensagem: 508 caracteres
[2026-01-27 13:01:48] Message sent successfully to WhatsApp!
[2026-01-27 13:01:48] ℹ️ Saída do envio: WhatsApp connected!
Sending message to group: XABLAU UPDATES (id: 120363421676358028@g.us)
Message sent successfully! msgId: true_120363421676358028@g.us_3EB0D156BAE6D116F199B4_174462209097938@lid chatId: 120363421676358028@g.us
Ack de entrega recebido (pelo menos chegou ao servidor).
[2026-01-27 13:27:38] Starting page count...
[2026-01-27 13:27:38] 📂 Pasta raiz configurada para contagem: G:/My Drive/XABLAU/
[2026-01-27 13:27:38] 📁 Pastas detectadas para contagem: 9
[2026-01-27 13:27:38] 🔎 Iniciando contagem da pasta: 3.BRUNO (G:/My Drive/XABLAU/3.BRUNO)
[2026-01-27 13:27:38] 🔎 Iniciando contagem da pasta: 1.LEIANES (G:/My Drive/XABLAU/1.LEIANES)
[2026-01-27 13:27:38] 🔎 Iniciando contagem da pasta: 2.EROS (G:/My Drive/XABLAU/2.EROS)
[2026-01-27 13:27:38] 🔎 Iniciando contagem da pasta: 4.MAYA (G:/My Drive/XABLAU/4.MAYA)
[2026-01-27 13:27:38] 🔎 Iniciando contagem da pasta: 5.CUSH (G:/My Drive/XABLAU/5.CUSH)
[2026-01-27 13:27:38] 🔎 Iniciando contagem da pasta: 6.ELIS (G:/My Drive/XABLAU/6.ELIS)
[2026-01-27 13:27:38] 🔎 Iniciando contagem da pasta: 7.NICO (G:/My Drive/XABLAU/7.NICO)
[2026-01-27 13:27:38] 🔎 Iniciando contagem da pasta: 8.JACQUES (G:/My Drive/XABLAU/8.JACQUES)
[2026-01-27 13:27:38] ✅ Contagem concluída: 1.LEIANES -> 0 páginas
[2026-01-27 13:27:38] ✅ Contagem concluída: 4.MAYA -> 0 páginas
[2026-01-27 13:27:38] ✅ Contagem concluída: 6.ELIS -> 607 páginas
[2026-01-27 13:27:40] ✅ Contagem concluída: 7.NICO -> 1105 páginas
[2026-01-27 13:27:41] ✅ Contagem concluída: 8.JACQUES -> 762 páginas
[2026-01-27 13:27:48] ✅ Contagem concluída: 2.EROS -> 8535 páginas
[2026-01-27 13:27:48] ✅ Contagem concluída: 3.BRUNO -> 9291 páginas
[2026-01-27 13:27:49] ✅ Contagem concluída: 5.CUSH -> 9506 páginas
[2026-01-27 13:27:49] 🔎 Iniciando contagem da pasta VICTORIA: 9.VICTORIA/1.RENOMEANDO (G:/My Drive/XABLAU/9.VICTORIA\1.RENOMEANDO)
[2026-01-27 13:27:49] 🔎 Iniciando contagem da pasta VICTORIA: 9.VICTORIA/2.RENOMEADOS (G:/My Drive/XABLAU/9.VICTORIA\2.RENOMEADOS)
[2026-01-27 13:27:59] ✅ Contagem VICTORIA concluída: 9.VICTORIA/1.RENOMEANDO -> 12586 páginas
[2026-01-27 13:27:59] ✅ Contagem VICTORIA concluída: 9.VICTORIA/2.RENOMEADOS -> 12413 páginas
[2026-01-27 13:27:59] ✅ Mensagem liberada para envio: Message differs and cooldown passed
[2026-01-27 13:27:59] 📨 Destino WhatsApp: tipo=group alvo=XABLAU UPDATES
[2026-01-27 13:27:59] Enviando resultados para WhatsApp...
[2026-01-27 13:27:59] ℹ️ Tamanho da mensagem: 508 caracteres
[2026-01-27 13:28:06] Message sent successfully to WhatsApp!
[2026-01-27 13:28:06] ℹ️ Saída do envio: WhatsApp connected!
Sending message to group: XABLAU UPDATES (id: 120363421676358028@g.us)
Message sent successfully! msgId: true_120363421676358028@g.us_3EB0ED21CCA71C37B90620_174462209097938@lid chatId: 120363421676358028@g.us
Ack de entrega recebido (pelo menos chegou ao servidor).
[2026-01-27 13:56:58] Starting page count...
[2026-01-27 13:56:58] 📂 Pasta raiz configurada para contagem: G:/My Drive/XABLAU/
[2026-01-27 13:56:58] 📁 Pastas detectadas para contagem: 9
[2026-01-27 13:56:58] 🔎 Iniciando contagem da pasta: 3.BRUNO (G:/My Drive/XABLAU/3.BRUNO)
[2026-01-27 13:56:58] 🔎 Iniciando contagem da pasta: 1.LEIANES (G:/My Drive/XABLAU/1.LEIANES)
[2026-01-27 13:56:58] 🔎 Iniciando contagem da pasta: 2.EROS (G:/My Drive/XABLAU/2.EROS)
[2026-01-27 13:56:58] 🔎 Iniciando contagem da pasta: 4.MAYA (G:/My Drive/XABLAU/4.MAYA)
[2026-01-27 13:56:58] 🔎 Iniciando contagem da pasta: 5.CUSH (G:/My Drive/XABLAU/5.CUSH)
[2026-01-27 13:56:58] 🔎 Iniciando contagem da pasta: 6.ELIS (G:/My Drive/XABLAU/6.ELIS)
[2026-01-27 13:56:58] 🔎 Iniciando contagem da pasta: 7.NICO (G:/My Drive/XABLAU/7.NICO)
[2026-01-27 13:56:58] 🔎 Iniciando contagem da pasta: 8.JACQUES (G:/My Drive/XABLAU/8.JACQUES)
[2026-01-27 13:56:58] ✅ Contagem concluída: 4.MAYA -> 0 páginas
[2026-01-27 13:56:58] ✅ Contagem concluída: 1.LEIANES -> 0 páginas
[2026-01-27 13:56:59] ✅ Contagem concluída: 6.ELIS -> 607 páginas
[2026-01-27 13:57:01] ✅ Contagem concluída: 7.NICO -> 1105 páginas
[2026-01-27 13:57:02] ✅ Contagem concluída: 8.JACQUES -> 762 páginas
[2026-01-27 13:57:09] ✅ Contagem concluída: 2.EROS -> 8535 páginas
[2026-01-27 13:57:09] ✅ Contagem concluída: 3.BRUNO -> 9291 páginas
[2026-01-27 13:57:09] ✅ Contagem concluída: 5.CUSH -> 9506 páginas
[2026-01-27 13:57:09] 🔎 Iniciando contagem da pasta VICTORIA: 9.VICTORIA/1.RENOMEANDO (G:/My Drive/XABLAU/9.VICTORIA\1.RENOMEANDO)
[2026-01-27 13:57:09] 🔎 Iniciando contagem da pasta VICTORIA: 9.VICTORIA/2.RENOMEADOS (G:/My Drive/XABLAU/9.VICTORIA\2.RENOMEADOS)
[2026-01-27 13:57:19] ✅ Contagem VICTORIA concluída: 9.VICTORIA/1.RENOMEANDO -> 11132 páginas
[2026-01-27 13:57:20] ✅ Contagem VICTORIA concluída: 9.VICTORIA/2.RENOMEADOS -> 13861 páginas
[2026-01-27 13:57:20] ✅ Mensagem liberada para envio: Message differs and cooldown passed
[2026-01-27 13:57:20] 📨 Destino WhatsApp: tipo=group alvo=XABLAU UPDATES
[2026-01-27 13:57:20] Enviando resultados para WhatsApp...
[2026-01-27 13:57:20] ℹ️ Tamanho da mensagem: 533 caracteres
[2026-01-27 13:57:30] Message sent successfully to WhatsApp!
[2026-01-27 13:57:30] ℹ️ Saída do envio: WhatsApp connected!
Sending message to group: XABLAU UPDATES (id: 120363421676358028@g.us)
Message sent successfully! msgId: true_120363421676358028@g.us_3EB07E43185C8B522FE94B_174462209097938@lid chatId: 120363421676358028@g.us
Ack de entrega recebido (pelo menos chegou ao servidor).
[2026-01-27 14:01:23] Starting page count...
[2026-01-27 14:01:23] 📂 Pasta raiz configurada para contagem: G:/My Drive/XABLAU/
[2026-01-27 14:01:23] 📁 Pastas detectadas para contagem: 9
[2026-01-27 14:01:23] 🔎 Iniciando contagem da pasta: 3.BRUNO (G:/My Drive/XABLAU/3.BRUNO)
[2026-01-27 14:01:23] 🔎 Iniciando contagem da pasta: 1.LEIANES (G:/My Drive/XABLAU/1.LEIANES)
[2026-01-27 14:01:23] 🔎 Iniciando contagem da pasta: 2.EROS (G:/My Drive/XABLAU/2.EROS)
[2026-01-27 14:01:23] 🔎 Iniciando contagem da pasta: 4.MAYA (G:/My Drive/XABLAU/4.MAYA)
[2026-01-27 14:01:23] 🔎 Iniciando contagem da pasta: 5.CUSH (G:/My Drive/XABLAU/5.CUSH)
[2026-01-27 14:01:23] 🔎 Iniciando contagem da pasta: 6.ELIS (G:/My Drive/XABLAU/6.ELIS)
[2026-01-27 14:01:23] 🔎 Iniciando contagem da pasta: 7.NICO (G:/My Drive/XABLAU/7.NICO)
[2026-01-27 14:01:23] 🔎 Iniciando contagem da pasta: 8.JACQUES (G:/My Drive/XABLAU/8.JACQUES)
[2026-01-27 14:01:23] ✅ Contagem concluída: 1.LEIANES -> 0 páginas
[2026-01-27 14:01:23] ✅ Contagem concluída: 4.MAYA -> 0 páginas
[2026-01-27 14:01:24] ✅ Contagem concluída: 6.ELIS -> 607 páginas
[2026-01-27 14:01:26] ✅ Contagem concluída: 7.NICO -> 1105 páginas
[2026-01-27 14:01:27] ✅ Contagem concluída: 8.JACQUES -> 762 páginas
[2026-01-27 14:01:33] ✅ Contagem concluída: 2.EROS -> 8535 páginas
[2026-01-27 14:01:34] ✅ Contagem concluída: 3.BRUNO -> 9291 páginas
[2026-01-27 14:01:34] ✅ Contagem concluída: 5.CUSH -> 9506 páginas
[2026-01-27 14:01:34] 🔎 Iniciando contagem da pasta VICTORIA: 9.VICTORIA/1.RENOMEANDO (G:/My Drive/XABLAU/9.VICTORIA\1.RENOMEANDO)
[2026-01-27 14:01:34] 🔎 Iniciando contagem da pasta VICTORIA: 9.VICTORIA/2.RENOMEADOS (G:/My Drive/XABLAU/9.VICTORIA\2.RENOMEADOS)
[2026-01-27 14:01:43] ✅ Contagem VICTORIA concluída: 9.VICTORIA/1.RENOMEANDO -> 10599 páginas
[2026-01-27 14:01:45] ✅ Contagem VICTORIA concluída: 9.VICTORIA/2.RENOMEADOS -> 14400 páginas
[2026-01-27 14:01:45] ✅ Mensagem liberada para envio: Message differs and cooldown passed
[2026-01-27 14:01:45] 📨 Destino WhatsApp: tipo=group alvo=XABLAU UPDATES
[2026-01-27 14:01:45] Enviando resultados para WhatsApp...
[2026-01-27 14:01:45] ℹ️ Tamanho da mensagem: 531 caracteres
[2026-01-27 14:01:57] Message sent successfully to WhatsApp!
[2026-01-27 14:01:57] ℹ️ Saída do envio: WhatsApp connected!
Sending message to group: XABLAU UPDATES (id: 120363421676358028@g.us)
Message sent successfully! msgId: true_120363421676358028@g.us_3EB0E15FA536E4B59ED2ED_174462209097938@lid chatId: 120363421676358028@g.us
Ack de entrega recebido (pelo menos chegou ao servidor).
[2026-01-27 23:59:21] Starting page count...
[2026-01-27 23:59:21] 📂 Pasta raiz configurada para contagem: G:/My Drive/XABLAU/
[2026-01-27 23:59:21] 📁 Pastas detectadas para contagem: 9
[2026-01-27 23:59:21] 🔎 Iniciando contagem da pasta: 3.BRUNO (G:/My Drive/XABLAU/3.BRUNO)
[2026-01-27 23:59:21] 🔎 Iniciando contagem da pasta: 1.LEIANES (G:/My Drive/XABLAU/1.LEIANES)
[2026-01-27 23:59:21] 🔎 Iniciando contagem da pasta: 2.EROS (G:/My Drive/XABLAU/2.EROS)
[2026-01-27 23:59:21] 🔎 Iniciando contagem da pasta: 4.MAYA (G:/My Drive/XABLAU/4.MAYA)
[2026-01-27 23:59:21] 🔎 Iniciando contagem da pasta: 5.CUSH (G:/My Drive/XABLAU/5.CUSH)
[2026-01-27 23:59:21] 🔎 Iniciando contagem da pasta: 6.ELIS (G:/My Drive/XABLAU/6.ELIS)
[2026-01-27 23:59:21] 🔎 Iniciando contagem da pasta: 7.NICO (G:/My Drive/XABLAU/7.NICO)
[2026-01-27 23:59:21] 🔎 Iniciando contagem da pasta: 8.JACQUES (G:/My Drive/XABLAU/8.JACQUES)
[2026-01-27 23:59:21] ✅ Contagem concluída: 1.LEIANES -> 0 páginas
[2026-01-27 23:59:21] ✅ Contagem concluída: 4.MAYA -> 0 páginas
[2026-01-27 23:59:24] ✅ Contagem concluída: 6.ELIS -> 607 páginas
[2026-01-27 23:59:40] ✅ Contagem concluída: 7.NICO -> 2070 páginas
[2026-01-27 23:59:44] ✅ Contagem concluída: 8.JACQUES -> 762 páginas
[2026-01-28 00:00:12] ✅ Contagem concluída: 2.EROS -> 8535 páginas
[2026-01-28 00:00:14] ✅ Contagem concluída: 5.CUSH -> 9506 páginas
[2026-01-28 00:00:14] ✅ Contagem concluída: 3.BRUNO -> 9291 páginas
[2026-01-28 00:00:14] 🔎 Iniciando contagem da pasta VICTORIA: 9.VICTORIA/1.RENOMEANDO (G:/My Drive/XABLAU/9.VICTORIA\1.RENOMEANDO)
[2026-01-28 00:00:14] 🔎 Iniciando contagem da pasta VICTORIA: 9.VICTORIA/2.RENOMEADOS (G:/My Drive/XABLAU/9.VICTORIA\2.RENOMEADOS)
[2026-01-28 00:00:50] ✅ Contagem VICTORIA concluída: 9.VICTORIA/1.RENOMEANDO -> 10599 páginas
[2026-01-28 00:00:59] ✅ Contagem VICTORIA concluída: 9.VICTORIA/2.RENOMEADOS -> 14400 páginas
[2026-01-28 00:00:59] ✅ Mensagem liberada para envio: Message differs and cooldown passed
[2026-01-28 00:00:59] 📨 Destino WhatsApp: tipo=group alvo=XABLAU UPDATES
[2026-01-28 00:00:59] Enviando resultados para WhatsApp...
[2026-01-28 00:00:59] ℹ️ Tamanho da mensagem: 522 caracteres
[2026-01-28 22:38:41] Starting page count...
[2026-01-28 22:38:41] 📂 Pasta raiz configurada para contagem: G:/My Drive/XABLAU/
[2026-01-28 22:38:41] ❌ Pasta raiz não existe: G:/My Drive/XABLAU/
[2026-01-28 22:39:18] Starting page count...
[2026-01-28 22:39:18] 📂 Pasta raiz configurada para contagem: H:/My Drive/XABLAU/
[2026-01-28 22:39:18] 📁 Pastas detectadas para contagem: 9
[2026-01-28 22:39:18] 🔎 Iniciando contagem da pasta: 3.BRUNO (H:/My Drive/XABLAU/3.BRUNO)
[2026-01-28 22:39:18] 🔎 Iniciando contagem da pasta: 1.LEIANES (H:/My Drive/XABLAU/1.LEIANES)
[2026-01-28 22:39:18] 🔎 Iniciando contagem da pasta: 2.EROS (H:/My Drive/XABLAU/2.EROS)
[2026-01-28 22:39:18] 🔎 Iniciando contagem da pasta: 4.MAYA (H:/My Drive/XABLAU/4.MAYA)
[2026-01-28 22:39:18] 🔎 Iniciando contagem da pasta: 5.CUSH (H:/My Drive/XABLAU/5.CUSH)
[2026-01-28 22:39:18] 🔎 Iniciando contagem da pasta: 6.ELIS (H:/My Drive/XABLAU/6.ELIS)
[2026-01-28 22:39:18] 🔎 Iniciando contagem da pasta: 7.NICO (H:/My Drive/XABLAU/7.NICO)
[2026-01-28 22:39:18] 🔎 Iniciando contagem da pasta: 8.JACQUES (H:/My Drive/XABLAU/8.JACQUES)
[2026-01-28 22:39:18] ✅ Contagem concluída: 4.MAYA -> 0 páginas
[2026-01-28 22:39:22] ✅ Contagem concluída: 1.LEIANES -> 782 páginas
[2026-01-28 22:39:26] ✅ Contagem concluída: 6.ELIS -> 607 páginas
[2026-01-28 22:39:44] ✅ Contagem concluída: 7.NICO -> 2225 páginas
[2026-01-28 22:39:48] ✅ Contagem concluída: 8.JACQUES -> 762 páginas
[2026-01-28 22:40:14] ✅ Contagem concluída: 3.BRUNO -> 9291 páginas
[2026-01-28 22:40:15] ✅ Contagem concluída: 5.CUSH -> 10575 páginas
[2026-01-28 22:40:15] ✅ Contagem concluída: 2.EROS -> 10011 páginas
[2026-01-28 22:40:15] 🔎 Iniciando contagem da pasta VICTORIA: 9.VICTORIA/1.RENOMEANDO (H:/My Drive/XABLAU/9.VICTORIA\1.RENOMEANDO)
[2026-01-28 22:40:15] 🔎 Iniciando contagem da pasta VICTORIA: 9.VICTORIA/2.RENOMEADOS (H:/My Drive/XABLAU/9.VICTORIA\2.RENOMEADOS)
[2026-01-28 22:40:39] ✅ Contagem VICTORIA concluída: 9.VICTORIA/1.RENOMEANDO -> 7028 páginas
[2026-01-28 22:41:03] ✅ Contagem VICTORIA concluída: 9.VICTORIA/2.RENOMEADOS -> 17971 páginas
[2026-01-28 22:41:03] ✅ Mensagem liberada para envio: Message differs and cooldown passed
[2026-01-28 22:41:03] 📨 Destino WhatsApp: tipo=group alvo=XABLAU UPDATES
[2026-01-28 22:41:03] Enviando resultados para WhatsApp...
[2026-01-28 22:41:03] ℹ️ Tamanho da mensagem: 756 caracteres
[2026-01-28 22:46:28] Starting page count...
[2026-01-28 22:46:28] 🔧 Modo FORCE ativado via linha de comando
[2026-01-28 22:46:28] 📂 Pasta raiz configurada para contagem: H:/My Drive/XABLAU/
[2026-01-28 22:46:28] 📁 Pastas detectadas para contagem: 9
[2026-01-28 22:46:28] 🔎 Iniciando contagem da pasta: 3.BRUNO (H:/My Drive/XABLAU/3.BRUNO)
[2026-01-28 22:46:28] 🔎 Iniciando contagem da pasta: 1.LEIANES (H:/My Drive/XABLAU/1.LEIANES)
[2026-01-28 22:46:28] 🔎 Iniciando contagem da pasta: 2.EROS (H:/My Drive/XABLAU/2.EROS)
[2026-01-28 22:46:28] 🔎 Iniciando contagem da pasta: 4.MAYA (H:/My Drive/XABLAU/4.MAYA)
[2026-01-28 22:46:28] 🔎 Iniciando contagem da pasta: 5.CUSH (H:/My Drive/XABLAU/5.CUSH)
[2026-01-28 22:46:28] 🔎 Iniciando contagem da pasta: 6.ELIS (H:/My Drive/XABLAU/6.ELIS)
[2026-01-28 22:46:28] 🔎 Iniciando contagem da pasta: 7.NICO (H:/My Drive/XABLAU/7.NICO)
[2026-01-28 22:46:28] 🔎 Iniciando contagem da pasta: 8.JACQUES (H:/My Drive/XABLAU/8.JACQUES)
[2026-01-28 22:46:28] ✅ Contagem concluída: 4.MAYA -> 0 páginas
[2026-01-28 22:46:29] ✅ Contagem concluída: 1.LEIANES -> 782 páginas
[2026-01-28 22:46:30] ✅ Contagem concluída: 6.ELIS -> 607 páginas
[2026-01-28 22:46:34] ✅ Contagem concluída: 7.NICO -> 2225 páginas
[2026-01-28 22:46:35] ✅ Contagem concluída: 8.JACQUES -> 762 páginas
[2026-01-28 22:46:40] ✅ Contagem concluída: 3.BRUNO -> 9291 páginas
[2026-01-28 22:46:40] ✅ Contagem concluída: 2.EROS -> 10011 páginas
[2026-01-28 22:46:40] ✅ Contagem concluída: 5.CUSH -> 10575 páginas
[2026-01-28 22:46:40] 🔎 Iniciando contagem da pasta VICTORIA: 9.VICTORIA/1.RENOMEANDO (H:/My Drive/XABLAU/9.VICTORIA\1.RENOMEANDO)
[2026-01-28 22:46:40] 🔎 Iniciando contagem da pasta VICTORIA: 9.VICTORIA/2.RENOMEADOS (H:/My Drive/XABLAU/9.VICTORIA\2.RENOMEADOS)
[2026-01-28 22:46:46] ✅ Contagem VICTORIA concluída: 9.VICTORIA/1.RENOMEANDO -> 7028 páginas
[2026-01-28 22:46:53] ✅ Contagem VICTORIA concluída: 9.VICTORIA/2.RENOMEADOS -> 17971 páginas
[2026-01-28 22:46:53] 🔧 Modo FORCE ativado: ignorando verificação de cooldown e mensagem repetida
[2026-01-28 22:46:53] 📨 Destino WhatsApp: tipo=group alvo=XABLAU UPDATES
[2026-01-28 22:46:53] ⏱️ Timeout configurado: 140s (inicialização: 60s + mensagem: 30s + ACK: 20s + buffer: 30s)
[2026-01-28 22:46:53] Enviando resultados para WhatsApp...
[2026-01-28 22:46:53] ℹ️ Tamanho da mensagem: 423 caracteres
[2026-01-28 22:48:53] ⏱️ Tempo de execução do WhatsApp: 120.26s
[2026-01-28 22:48:53] ❌ Error sending message (código: 1)
[2026-01-28 22:48:53] ❌ Erro: ❌ Global timeout reached (120000ms). WhatsApp operation took too long.
Possible causes: WhatsApp Web disconnected, authentication needed, or slow connection.
[2026-01-28 22:48:53] ℹ️ Saída do script: Initializing WhatsApp client...
Global timeout set to 120000ms (120s)
[2026-01-28 22:53:17] Starting page count...
[2026-01-28 22:53:17] 🔧 Modo FORCE ativado via linha de comando
[2026-01-28 22:53:17] 📂 Pasta raiz configurada para contagem: H:/My Drive/XABLAU/
[2026-01-28 22:53:17] 📁 Pastas detectadas para contagem: 9
[2026-01-28 22:53:17] 🔎 Iniciando contagem da pasta: 3.BRUNO (H:/My Drive/XABLAU/3.BRUNO)
[2026-01-28 22:53:17] 🔎 Iniciando contagem da pasta: 1.LEIANES (H:/My Drive/XABLAU/1.LEIANES)
[2026-01-28 22:53:17] 🔎 Iniciando contagem da pasta: 2.EROS (H:/My Drive/XABLAU/2.EROS)
[2026-01-28 22:53:17] 🔎 Iniciando contagem da pasta: 4.MAYA (H:/My Drive/XABLAU/4.MAYA)
[2026-01-28 22:53:17] 🔎 Iniciando contagem da pasta: 5.CUSH (H:/My Drive/XABLAU/5.CUSH)
[2026-01-28 22:53:17] 🔎 Iniciando contagem da pasta: 6.ELIS (H:/My Drive/XABLAU/6.ELIS)
[2026-01-28 22:53:17] 🔎 Iniciando contagem da pasta: 7.NICO (H:/My Drive/XABLAU/7.NICO)
[2026-01-28 22:53:17] 🔎 Iniciando contagem da pasta: 8.JACQUES (H:/My Drive/XABLAU/8.JACQUES)
[2026-01-28 22:53:17] ✅ Contagem concluída: 4.MAYA -> 0 páginas
[2026-01-28 22:53:18] ✅ Contagem concluída: 1.LEIANES -> 782 páginas
[2026-01-28 22:53:18] ✅ Contagem concluída: 6.ELIS -> 607 páginas
[2026-01-28 22:53:22] ✅ Contagem concluída: 7.NICO -> 2225 páginas
[2026-01-28 22:53:23] ✅ Contagem concluída: 8.JACQUES -> 762 páginas
[2026-01-28 22:53:28] ✅ Contagem concluída: 3.BRUNO -> 9291 páginas
[2026-01-28 22:53:29] ✅ Contagem concluída: 2.EROS -> 10011 páginas
[2026-01-28 22:53:29] ✅ Contagem concluída: 5.CUSH -> 10575 páginas
[2026-01-28 22:53:29] 🔎 Iniciando contagem da pasta VICTORIA: 9.VICTORIA/1.RENOMEANDO (H:/My Drive/XABLAU/9.VICTORIA\1.RENOMEANDO)
[2026-01-28 22:53:29] 🔎 Iniciando contagem da pasta VICTORIA: 9.VICTORIA/2.RENOMEADOS (H:/My Drive/XABLAU/9.VICTORIA\2.RENOMEADOS)
[2026-01-28 22:53:35] ✅ Contagem VICTORIA concluída: 9.VICTORIA/1.RENOMEANDO -> 7028 páginas
[2026-01-28 22:53:42] ✅ Contagem VICTORIA concluída: 9.VICTORIA/2.RENOMEADOS -> 17971 páginas
[2026-01-28 22:53:42] 🔧 Modo FORCE ativado: ignorando verificação de cooldown e mensagem repetida
[2026-01-28 22:53:42] 📨 Destino WhatsApp: tipo=group alvo=XABLAU UPDATES
[2026-01-28 22:53:42] ⏱️ Timeout configurado: 140s (inicialização: 60s + mensagem: 30s + ACK: 20s + buffer: 30s)
[2026-01-28 22:53:42] Enviando resultados para WhatsApp...
[2026-01-28 22:53:42] ℹ️ Tamanho da mensagem: 423 caracteres
[2026-01-28 22:56:02] ❌ Timeout ao enviar mensagem WhatsApp após 140.02s (limite: 140s)
[2026-01-28 22:56:02] ⚠️ Possíveis causas: WhatsApp Web desconectado, necessidade de reautenticação, ou conexão lenta
[2026-01-28 22:59:31] Starting page count...
[2026-01-28 22:59:31] 🔧 Modo FORCE ativado via linha de comando
[2026-01-28 22:59:31] 📂 Pasta raiz configurada para contagem: H:/My Drive/XABLAU/
[2026-01-28 22:59:31] 📁 Pastas detectadas para contagem: 9
[2026-01-28 22:59:31] 🔎 Iniciando contagem da pasta: 3.BRUNO (H:/My Drive/XABLAU/3.BRUNO)
[2026-01-28 22:59:31] 🔎 Iniciando contagem da pasta: 1.LEIANES (H:/My Drive/XABLAU/1.LEIANES)
[2026-01-28 22:59:31] 🔎 Iniciando contagem da pasta: 2.EROS (H:/My Drive/XABLAU/2.EROS)
[2026-01-28 22:59:31] 🔎 Iniciando contagem da pasta: 4.MAYA (H:/My Drive/XABLAU/4.MAYA)
[2026-01-28 22:59:31] 🔎 Iniciando contagem da pasta: 5.CUSH (H:/My Drive/XABLAU/5.CUSH)
[2026-01-28 22:59:31] 🔎 Iniciando contagem da pasta: 6.ELIS (H:/My Drive/XABLAU/6.ELIS)
[2026-01-28 22:59:31] 🔎 Iniciando contagem da pasta: 7.NICO (H:/My Drive/XABLAU/7.NICO)
[2026-01-28 22:59:31] 🔎 Iniciando contagem da pasta: 8.JACQUES (H:/My Drive/XABLAU/8.JACQUES)
[2026-01-28 22:59:31] ✅ Contagem concluída: 4.MAYA -> 0 páginas
[2026-01-28 22:59:33] ✅ Contagem concluída: 1.LEIANES -> 782 páginas
[2026-01-28 22:59:33] ✅ Contagem concluída: 6.ELIS -> 607 páginas
[2026-01-28 22:59:37] ✅ Contagem concluída: 7.NICO -> 2225 páginas
[2026-01-28 22:59:38] ✅ Contagem concluída: 8.JACQUES -> 762 páginas
[2026-01-28 22:59:43] ✅ Contagem concluída: 3.BRUNO -> 9291 páginas
[2026-01-28 22:59:43] ✅ Contagem concluída: 2.EROS -> 10011 páginas
[2026-01-28 22:59:44] ✅ Contagem concluída: 5.CUSH -> 10575 páginas
[2026-01-28 22:59:44] 🔎 Iniciando contagem da pasta VICTORIA: 9.VICTORIA/1.RENOMEANDO (H:/My Drive/XABLAU/9.VICTORIA\1.RENOMEANDO)
[2026-01-28 22:59:44] 🔎 Iniciando contagem da pasta VICTORIA: 9.VICTORIA/2.RENOMEADOS (H:/My Drive/XABLAU/9.VICTORIA\2.RENOMEADOS)
[2026-01-28 22:59:49] ✅ Contagem VICTORIA concluída: 9.VICTORIA/1.RENOMEANDO -> 7028 páginas
[2026-01-28 22:59:56] ✅ Contagem VICTORIA concluída: 9.VICTORIA/2.RENOMEADOS -> 17971 páginas
[2026-01-28 22:59:56] 🔧 Modo FORCE ativado: ignorando verificação de cooldown e mensagem repetida
[2026-01-28 22:59:56] 📨 Destino WhatsApp: tipo=group alvo=XABLAU UPDATES
[2026-01-28 22:59:56] ⏱️ Timeout configurado: 140s (inicialização: 60s + mensagem: 30s + ACK: 20s + buffer: 30s)
[2026-01-28 22:59:56] Enviando resultados para WhatsApp...
[2026-01-28 22:59:56] ℹ️ Tamanho da mensagem: 423 caracteres
[2026-01-28 23:02:16] ❌ Timeout ao enviar mensagem WhatsApp após 140.02s (limite: 140s)
[2026-01-28 23:02:16] ⚠️ Possíveis causas: WhatsApp Web desconectado, necessidade de reautenticação, ou conexão lenta
[2026-01-28 23:02:44] Starting page count...
[2026-01-28 23:02:44] 🔧 Modo FORCE ativado via linha de comando
[2026-01-28 23:02:44] 📂 Pasta raiz configurada para contagem: H:/My Drive/XABLAU/
[2026-01-28 23:02:45] 📁 Pastas detectadas para contagem: 9
[2026-01-28 23:02:45] 🔎 Iniciando contagem da pasta: 3.BRUNO (H:/My Drive/XABLAU/3.BRUNO)
[2026-01-28 23:02:45] 🔎 Iniciando contagem da pasta: 1.LEIANES (H:/My Drive/XABLAU/1.LEIANES)
[2026-01-28 23:02:45] 🔎 Iniciando contagem da pasta: 2.EROS (H:/My Drive/XABLAU/2.EROS)
[2026-01-28 23:02:45] 🔎 Iniciando contagem da pasta: 4.MAYA (H:/My Drive/XABLAU/4.MAYA)
[2026-01-28 23:02:45] 🔎 Iniciando contagem da pasta: 5.CUSH (H:/My Drive/XABLAU/5.CUSH)
[2026-01-28 23:02:45] 🔎 Iniciando contagem da pasta: 6.ELIS (H:/My Drive/XABLAU/6.ELIS)
[2026-01-28 23:02:45] 🔎 Iniciando contagem da pasta: 7.NICO (H:/My Drive/XABLAU/7.NICO)
[2026-01-28 23:02:45] 🔎 Iniciando contagem da pasta: 8.JACQUES (H:/My Drive/XABLAU/8.JACQUES)
[2026-01-28 23:02:45] ✅ Contagem concluída: 4.MAYA -> 0 páginas
[2026-01-28 23:02:46] ✅ Contagem concluída: 1.LEIANES -> 782 páginas
[2026-01-28 23:02:46] ✅ Contagem concluída: 6.ELIS -> 607 páginas
[2026-01-28 23:02:50] ✅ Contagem concluída: 7.NICO -> 2225 páginas
[2026-01-28 23:02:51] ✅ Contagem concluída: 8.JACQUES -> 762 páginas
[2026-01-28 23:02:56] ✅ Contagem concluída: 3.BRUNO -> 9291 páginas
[2026-01-28 23:02:57] ✅ Contagem concluída: 2.EROS -> 10011 páginas
[2026-01-28 23:02:57] ✅ Contagem concluída: 5.CUSH -> 10575 páginas
[2026-01-28 23:02:57] 🔎 Iniciando contagem da pasta VICTORIA: 9.VICTORIA/1.RENOMEANDO (H:/My Drive/XABLAU/9.VICTORIA\1.RENOMEANDO)
[2026-01-28 23:02:57] 🔎 Iniciando contagem da pasta VICTORIA: 9.VICTORIA/2.RENOMEADOS (H:/My Drive/XABLAU/9.VICTORIA\2.RENOMEADOS)
[2026-01-28 23:03:02] ✅ Contagem VICTORIA concluída: 9.VICTORIA/1.RENOMEANDO -> 7028 páginas
[2026-01-28 23:03:09] ✅ Contagem VICTORIA concluída: 9.VICTORIA/2.RENOMEADOS -> 17971 páginas
[2026-01-28 23:03:09] 🔧 Modo FORCE ativado: ignorando verificação de cooldown e mensagem repetida
[2026-01-28 23:03:09] 📨 Destino WhatsApp: tipo=group alvo=XABLAU UPDATES
[2026-01-28 23:03:09] ⏱️ Timeout configurado: 140s (inicialização: 60s + mensagem: 30s + ACK: 20s + buffer: 30s)
[2026-01-28 23:03:09] Enviando resultados para WhatsApp...
[2026-01-28 23:03:09] ℹ️ Tamanho da mensagem: 423 caracteres
[2026-01-28 23:05:29] ❌ Timeout ao enviar mensagem WhatsApp após 140.02s (limite: 140s)
[2026-01-28 23:05:29] ⚠️ Possíveis causas: WhatsApp Web desconectado, necessidade de reautenticação, ou conexão lenta
[2026-01-29 13:37:07] Starting page count...
[2026-01-29 13:37:07] 📂 Pasta raiz configurada para contagem: H:/My Drive/XABLAU/
[2026-01-29 13:37:07] 📁 Pastas detectadas para contagem: 9
[2026-01-29 13:37:07] 🔎 Iniciando contagem da pasta: 3.BRUNO (H:/My Drive/XABLAU/3.BRUNO)
[2026-01-29 13:37:07] 🔎 Iniciando contagem da pasta: 1.LEIANES (H:/My Drive/XABLAU/1.LEIANES)
[2026-01-29 13:37:07] 🔎 Iniciando contagem da pasta: 2.EROS (H:/My Drive/XABLAU/2.EROS)
[2026-01-29 13:37:07] 🔎 Iniciando contagem da pasta: 4.MAYA (H:/My Drive/XABLAU/4.MAYA)
[2026-01-29 13:37:07] 🔎 Iniciando contagem da pasta: 5.CUSH (H:/My Drive/XABLAU/5.CUSH)
[2026-01-29 13:37:07] 🔎 Iniciando contagem da pasta: 6.ELIS (H:/My Drive/XABLAU/6.ELIS)
[2026-01-29 13:37:07] 🔎 Iniciando contagem da pasta: 7.NICO (H:/My Drive/XABLAU/7.NICO)
[2026-01-29 13:37:07] 🔎 Iniciando contagem da pasta: 8.JACQUES (H:/My Drive/XABLAU/8.JACQUES)
[2026-01-29 13:37:07] ✅ Contagem concluída: 4.MAYA -> 0 páginas
[2026-01-29 13:37:12] ✅ Contagem concluída: 1.LEIANES -> 782 páginas
[2026-01-29 13:37:16] ✅ Contagem concluída: 6.ELIS -> 607 páginas
[2026-01-29 13:37:34] ✅ Contagem concluída: 7.NICO -> 2225 páginas
[2026-01-29 13:37:38] ✅ Contagem concluída: 8.JACQUES -> 762 páginas
[2026-01-29 13:38:05] ✅ Contagem concluída: 3.BRUNO -> 9291 páginas
[2026-01-29 13:38:07] ✅ Contagem concluída: 5.CUSH -> 10575 páginas
[2026-01-29 13:38:07] ✅ Contagem concluída: 2.EROS -> 10011 páginas
[2026-01-29 13:38:07] 🔎 Iniciando contagem da pasta VICTORIA: 9.VICTORIA/1.RENOMEANDO (H:/My Drive/XABLAU/9.VICTORIA\1.RENOMEANDO)
[2026-01-29 13:38:07] 🔎 Iniciando contagem da pasta VICTORIA: 9.VICTORIA/2.RENOMEADOS (H:/My Drive/XABLAU/9.VICTORIA\2.RENOMEADOS)
[2026-01-29 13:38:31] ✅ Contagem VICTORIA concluída: 9.VICTORIA/1.RENOMEANDO -> 7028 páginas
[2026-01-29 13:38:55] ✅ Contagem VICTORIA concluída: 9.VICTORIA/2.RENOMEADOS -> 17971 páginas
[2026-01-29 13:48:41] Starting page count...
[2026-01-29 13:48:41] 📂 Pasta raiz configurada para contagem: H:/My Drive/XABLAU/
[2026-01-29 13:48:41] 📁 Pastas detectadas para contagem: 9
[2026-01-29 13:48:41] 🔎 Iniciando contagem da pasta: 3.BRUNO (H:/My Drive/XABLAU/3.BRUNO)
[2026-01-29 13:48:41] 🔎 Iniciando contagem da pasta: 1.LEIANES (H:/My Drive/XABLAU/1.LEIANES)
[2026-01-29 13:48:41] 🔎 Iniciando contagem da pasta: 2.EROS (H:/My Drive/XABLAU/2.EROS)
[2026-01-29 13:48:41] 🔎 Iniciando contagem da pasta: 4.MAYA (H:/My Drive/XABLAU/4.MAYA)
[2026-01-29 13:48:41] 🔎 Iniciando contagem da pasta: 5.CUSH (H:/My Drive/XABLAU/5.CUSH)
[2026-01-29 13:48:41] 🔎 Iniciando contagem da pasta: 6.ELIS (H:/My Drive/XABLAU/6.ELIS)
[2026-01-29 13:48:41] 🔎 Iniciando contagem da pasta: 7.NICO (H:/My Drive/XABLAU/7.NICO)
[2026-01-29 13:48:41] 🔎 Iniciando contagem da pasta: 8.JACQUES (H:/My Drive/XABLAU/8.JACQUES)
[2026-01-29 13:48:41] ✅ Contagem concluída: 4.MAYA -> 0 páginas
[2026-01-29 13:48:46] ✅ Contagem concluída: 1.LEIANES -> 782 páginas
[2026-01-29 13:48:50] ✅ Contagem concluída: 6.ELIS -> 607 páginas
[2026-01-29 13:49:09] ✅ Contagem concluída: 7.NICO -> 2225 páginas
[2026-01-29 13:49:14] ✅ Contagem concluída: 8.JACQUES -> 762 páginas
[2026-01-29 13:49:41] ✅ Contagem concluída: 3.BRUNO -> 9291 páginas
[2026-01-29 13:49:43] ✅ Contagem concluída: 5.CUSH -> 10575 páginas
[2026-01-29 13:49:43] ✅ Contagem concluída: 2.EROS -> 10011 páginas
[2026-01-29 13:49:43] 🔎 Iniciando contagem da pasta VICTORIA: 9.VICTORIA/1.RENOMEANDO (H:/My Drive/XABLAU/9.VICTORIA\1.RENOMEANDO)
[2026-01-29 13:49:43] 🔎 Iniciando contagem da pasta VICTORIA: 9.VICTORIA/2.RENOMEADOS (H:/My Drive/XABLAU/9.VICTORIA\2.RENOMEADOS)
[2026-01-29 13:49:55] ✅ Contagem VICTORIA concluída: 9.VICTORIA/1.RENOMEANDO -> 3024 páginas
[2026-01-29 13:50:35] ✅ Contagem VICTORIA concluída: 9.VICTORIA/2.RENOMEADOS -> 21975 páginas
[2026-01-29 13:50:35] ✅ Mensagem liberada para envio: Message differs and cooldown passed
[2026-01-29 13:50:35] 📨 Destino WhatsApp: tipo=group alvo=XABLAU UPDATES
[2026-01-29 13:50:35] ⏱️ Timeout configurado: 140s (inicialização: 60s + mensagem: 30s + ACK: 20s + buffer: 30s)
[2026-01-29 13:50:35] Enviando resultados para WhatsApp...
[2026-01-29 13:50:35] ℹ️ Tamanho da mensagem: 513 caracteres
[2026-01-29 13:52:55] ❌ Timeout ao enviar mensagem WhatsApp após 140.03s (limite: 140s)
[2026-01-29 13:52:55] ⚠️ Possíveis causas: WhatsApp Web desconectado, necessidade de reautenticação, ou conexão lenta
[2026-01-30 15:17:13] Starting page count...
[2026-01-30 15:17:13] 📂 Pasta raiz configurada para contagem: H:/My Drive/XABLAU/
[2026-01-30 15:17:13] 📁 Pastas detectadas para contagem: 9
[2026-01-30 15:17:13] 🔎 Iniciando contagem da pasta: 3.BRUNO (H:/My Drive/XABLAU/3.BRUNO)
[2026-01-30 15:17:13] 🔎 Iniciando contagem da pasta: 1.LEIANES (H:/My Drive/XABLAU/1.LEIANES)
[2026-01-30 15:17:13] 🔎 Iniciando contagem da pasta: 2.EROS (H:/My Drive/XABLAU/2.EROS)
[2026-01-30 15:17:13] 🔎 Iniciando contagem da pasta: 4.MAYA (H:/My Drive/XABLAU/4.MAYA)
[2026-01-30 15:17:13] 🔎 Iniciando contagem da pasta: 5.CUSH (H:/My Drive/XABLAU/5.CUSH)
[2026-01-30 15:17:13] 🔎 Iniciando contagem da pasta: 6.ELIS (H:/My Drive/XABLAU/6.ELIS)
[2026-01-30 15:17:13] 🔎 Iniciando contagem da pasta: 7.NICO (H:/My Drive/XABLAU/7.NICO)
[2026-01-30 15:17:13] 🔎 Iniciando contagem da pasta: 8.JACQUES (H:/My Drive/XABLAU/8.JACQUES)
[2026-01-30 15:17:13] ✅ Contagem concluída: 4.MAYA -> 0 páginas
[2026-01-30 15:17:18] ✅ Contagem concluída: 1.LEIANES -> 782 páginas
[2026-01-30 15:17:22] ✅ Contagem concluída: 6.ELIS -> 607 páginas
[2026-01-30 15:17:41] ✅ Contagem concluída: 7.NICO -> 2225 páginas
[2026-01-30 15:17:45] ✅ Contagem concluída: 8.JACQUES -> 762 páginas
[2026-01-30 15:18:13] ✅ Contagem concluída: 3.BRUNO -> 9291 páginas
[2026-01-30 15:18:15] ✅ Contagem concluída: 5.CUSH -> 10575 páginas
[2026-01-30 15:18:15] ✅ Contagem concluída: 2.EROS -> 10011 páginas
[2026-01-30 15:18:15] 🔎 Iniciando contagem da pasta VICTORIA: 9.VICTORIA/1.RENOMEANDO (H:/My Drive/XABLAU/9.VICTORIA\1.RENOMEANDO)
[2026-01-30 15:18:15] 🔎 Iniciando contagem da pasta VICTORIA: 9.VICTORIA/2.RENOMEADOS (H:/My Drive/XABLAU/9.VICTORIA\2.RENOMEADOS)
[2026-01-30 15:18:21] ✅ Contagem VICTORIA concluída: 9.VICTORIA/1.RENOMEANDO -> 2573 páginas
[2026-01-30 15:19:10] ✅ Contagem VICTORIA concluída: 9.VICTORIA/2.RENOMEADOS -> 24999 páginas
[2026-01-30 15:19:10] ✅ Mensagem liberada para envio: Message differs and cooldown passed
[2026-01-30 15:19:10] 📨 Destino WhatsApp: tipo=group alvo=XABLAU UPDATES
[2026-01-30 15:19:10] ⏱️ Timeout configurado: 140s (inicialização: 60s + mensagem: 30s + ACK: 20s + buffer: 30s)
[2026-01-30 15:19:10] Enviando resultados para WhatsApp...
[2026-01-30 15:19:10] ℹ️ Tamanho da mensagem: 538 caracteres
[2026-01-30 15:21:30] ❌ Timeout ao enviar mensagem WhatsApp após 140.02s (limite: 140s)
[2026-01-30 15:21:30] ⚠️ Possíveis causas: WhatsApp Web desconectado, necessidade de reautenticação, ou conexão lenta
[2026-01-30 15:28:35] Starting page count...
[2026-01-30 15:28:35] 📂 Pasta raiz configurada para contagem: H:/My Drive/XABLAU/
[2026-01-30 15:28:35] 📁 Pastas detectadas para contagem: 9
[2026-01-30 15:28:35] 🔎 Iniciando contagem da pasta: 3.BRUNO (H:/My Drive/XABLAU/3.BRUNO)
[2026-01-30 15:28:35] 🔎 Iniciando contagem da pasta: 1.LEIANES (H:/My Drive/XABLAU/1.LEIANES)
[2026-01-30 15:28:35] 🔎 Iniciando contagem da pasta: 2.EROS (H:/My Drive/XABLAU/2.EROS)
[2026-01-30 15:28:35] 🔎 Iniciando contagem da pasta: 4.MAYA (H:/My Drive/XABLAU/4.MAYA)
[2026-01-30 15:28:35] 🔎 Iniciando contagem da pasta: 5.CUSH (H:/My Drive/XABLAU/5.CUSH)
[2026-01-30 15:28:35] 🔎 Iniciando contagem da pasta: 6.ELIS (H:/My Drive/XABLAU/6.ELIS)
[2026-01-30 15:28:35] 🔎 Iniciando contagem da pasta: 7.NICO (H:/My Drive/XABLAU/7.NICO)
[2026-01-30 15:28:35] 🔎 Iniciando contagem da pasta: 8.JACQUES (H:/My Drive/XABLAU/8.JACQUES)
[2026-01-30 15:28:35] ✅ Contagem concluída: 4.MAYA -> 0 páginas
[2026-01-30 15:28:41] ✅ Contagem concluída: 1.LEIANES -> 782 páginas
[2026-01-30 15:28:45] ✅ Contagem concluída: 6.ELIS -> 607 páginas
[2026-01-30 15:29:06] ✅ Contagem concluída: 7.NICO -> 2225 páginas
[2026-01-30 15:29:11] ✅ Contagem concluída: 8.JACQUES -> 762 páginas
[2026-01-30 15:29:40] ✅ Contagem concluída: 3.BRUNO -> 9291 páginas
[2026-01-30 15:29:43] ✅ Contagem concluída: 5.CUSH -> 10575 páginas
[2026-01-30 15:29:43] ✅ Contagem concluída: 2.EROS -> 10011 páginas
[2026-01-30 15:29:43] 🔎 Iniciando contagem da pasta VICTORIA: 9.VICTORIA/1.RENOMEANDO (H:/My Drive/XABLAU/9.VICTORIA\1.RENOMEANDO)
[2026-01-30 15:29:43] 🔎 Iniciando contagem da pasta VICTORIA: 9.VICTORIA/2.RENOMEADOS (H:/My Drive/XABLAU/9.VICTORIA\2.RENOMEADOS)
[2026-01-30 15:30:20] ✅ Contagem VICTORIA concluída: 9.VICTORIA/1.RENOMEANDO -> 9254 páginas
[2026-01-30 15:30:58] ✅ Contagem VICTORIA concluída: 9.VICTORIA/2.RENOMEADOS -> 24999 páginas
[2026-01-30 15:30:58] ✅ Mensagem liberada para envio: Message differs and cooldown passed
[2026-01-30 15:30:58] 📨 Destino WhatsApp: tipo=group alvo=XABLAU UPDATES
[2026-01-30 15:30:58] ⏱️ Timeout configurado: 140s (inicialização: 60s + mensagem: 30s + ACK: 20s + buffer: 30s)
[2026-01-30 15:30:58] Enviando resultados para WhatsApp...
[2026-01-30 15:30:58] ℹ️ Tamanho da mensagem: 531 caracteres
[2026-01-30 15:33:18] ❌ Timeout ao enviar mensagem WhatsApp após 140.03s (limite: 140s)
[2026-01-30 15:33:18] ⚠️ Possíveis causas: WhatsApp Web desconectado, necessidade de reautenticação, ou conexão lenta
[2026-01-30 15:47:05] Starting page count...
[2026-01-30 15:47:05] 📂 Pasta raiz configurada para contagem: H:/My Drive/XABLAU/
[2026-01-30 15:47:05] 📁 Pastas detectadas para contagem: 9
[2026-01-30 15:47:05] 🔎 Iniciando contagem da pasta: 3.BRUNO (H:/My Drive/XABLAU/3.BRUNO)
[2026-01-30 15:47:05] 🔎 Iniciando contagem da pasta: 1.LEIANES (H:/My Drive/XABLAU/1.LEIANES)
[2026-01-30 15:47:05] 🔎 Iniciando contagem da pasta: 2.EROS (H:/My Drive/XABLAU/2.EROS)
[2026-01-30 15:47:05] 🔎 Iniciando contagem da pasta: 4.MAYA (H:/My Drive/XABLAU/4.MAYA)
[2026-01-30 15:47:05] 🔎 Iniciando contagem da pasta: 5.CUSH (H:/My Drive/XABLAU/5.CUSH)
[2026-01-30 15:47:05] 🔎 Iniciando contagem da pasta: 6.ELIS (H:/My Drive/XABLAU/6.ELIS)
[2026-01-30 15:47:05] 🔎 Iniciando contagem da pasta: 7.NICO (H:/My Drive/XABLAU/7.NICO)
[2026-01-30 15:47:05] 🔎 Iniciando contagem da pasta: 8.JACQUES (H:/My Drive/XABLAU/8.JACQUES)
[2026-01-30 15:47:05] ✅ Contagem concluída: 4.MAYA -> 0 páginas
[2026-01-30 15:47:06] ✅ Contagem concluída: 1.LEIANES -> 782 páginas
[2026-01-30 15:47:07] ✅ Contagem concluída: 6.ELIS -> 607 páginas
[2026-01-30 15:47:11] ✅ Contagem concluída: 7.NICO -> 2225 páginas
[2026-01-30 15:47:12] ✅ Contagem concluída: 8.JACQUES -> 762 páginas
[2026-01-30 15:47:18] ✅ Contagem concluída: 3.BRUNO -> 9291 páginas
[2026-01-30 15:47:18] ✅ Contagem concluída: 2.EROS -> 10011 páginas
[2026-01-30 15:47:19] ✅ Contagem concluída: 5.CUSH -> 10575 páginas
[2026-01-30 15:47:19] 🔎 Iniciando contagem da pasta VICTORIA: 9.VICTORIA/1.RENOMEANDO (H:/My Drive/XABLAU/9.VICTORIA\1.RENOMEANDO)
[2026-01-30 15:47:19] 🔎 Iniciando contagem da pasta VICTORIA: 9.VICTORIA/2.RENOMEADOS (H:/My Drive/XABLAU/9.VICTORIA\2.RENOMEADOS)
[2026-01-30 15:47:27] ✅ Contagem VICTORIA concluída: 9.VICTORIA/1.RENOMEANDO -> 9254 páginas
[2026-01-30 15:47:38] ✅ Contagem VICTORIA concluída: 9.VICTORIA/2.RENOMEADOS -> 24999 páginas
[2026-01-31 16:39:15] Starting page count...
[2026-01-31 16:39:15] 📂 Pasta raiz configurada para contagem: H:/My Drive/XABLAU/
[2026-01-31 16:39:15] 📁 Pastas detectadas para contagem: 9
[2026-01-31 16:39:15] 🔎 Iniciando contagem da pasta: 3.BRUNO (H:/My Drive/XABLAU/3.BRUNO)
[2026-01-31 16:39:15] 🔎 Iniciando contagem da pasta: 1.LEIANES (H:/My Drive/XABLAU/1.LEIANES)
[2026-01-31 16:39:15] 🔎 Iniciando contagem da pasta: 2.EROS (H:/My Drive/XABLAU/2.EROS)
[2026-01-31 16:39:15] 🔎 Iniciando contagem da pasta: 4.MAYA (H:/My Drive/XABLAU/4.MAYA)
[2026-01-31 16:39:15] 🔎 Iniciando contagem da pasta: 5.CUSH (H:/My Drive/XABLAU/5.CUSH)
[2026-01-31 16:39:15] 🔎 Iniciando contagem da pasta: 6.ELIS (H:/My Drive/XABLAU/6.ELIS)
[2026-01-31 16:39:15] 🔎 Iniciando contagem da pasta: 7.NICO (H:/My Drive/XABLAU/7.NICO)
[2026-01-31 16:39:15] 🔎 Iniciando contagem da pasta: 8.JACQUES (H:/My Drive/XABLAU/8.JACQUES)
[2026-01-31 16:39:15] ✅ Contagem concluída: 4.MAYA -> 0 páginas
[2026-01-31 16:39:22] ✅ Contagem concluída: 1.LEIANES -> 782 páginas
[2026-01-31 16:39:25] ✅ Contagem concluída: 6.ELIS -> 607 páginas
[2026-01-31 16:39:47] ✅ Contagem concluída: 7.NICO -> 2792 páginas
[2026-01-31 16:39:51] ✅ Contagem concluída: 8.JACQUES -> 762 páginas
[2026-01-31 16:40:18] ✅ Contagem concluída: 3.BRUNO -> 9291 páginas
[2026-01-31 16:40:21] ✅ Contagem concluída: 5.CUSH -> 10575 páginas
[2026-01-31 16:40:21] ✅ Contagem concluída: 2.EROS -> 10011 páginas
[2026-01-31 16:40:21] 🔎 Iniciando contagem da pasta VICTORIA: 9.VICTORIA/1.RENOMEANDO (H:/My Drive/XABLAU/9.VICTORIA\1.RENOMEANDO)
[2026-01-31 16:40:21] 🔎 Iniciando contagem da pasta VICTORIA: 9.VICTORIA/2.RENOMEADOS (H:/My Drive/XABLAU/9.VICTORIA\2.RENOMEADOS)
[2026-01-31 16:40:53] ✅ Contagem VICTORIA concluída: 9.VICTORIA/1.RENOMEANDO -> 7849 páginas
[2026-01-31 16:41:35] ✅ Contagem VICTORIA concluída: 9.VICTORIA/2.RENOMEADOS -> 26404 páginas
[2026-01-31 16:41:35] ✅ Mensagem liberada para envio: Message differs and cooldown passed
[2026-01-31 16:41:35] 📨 Destino WhatsApp: tipo=group alvo=XABLAU UPDATES
[2026-01-31 16:41:35] ⏱️ Timeout configurado: 140s (inicialização: 60s + mensagem: 30s + ACK: 20s + buffer: 30s)
[2026-01-31 16:41:35] Enviando resultados para WhatsApp...
[2026-01-31 16:41:35] ℹ️ Tamanho da mensagem: 541 caracteres
[2026-01-31 16:43:55] ❌ Timeout ao enviar mensagem WhatsApp após 140.03s (limite: 140s)
[2026-01-31 16:43:55] ⚠️ Possíveis causas: WhatsApp Web desconectado, necessidade de reautenticação, ou conexão lenta
[2026-02-01 18:25:31] Starting page count...
[2026-02-01 18:25:31] 📂 Pasta raiz configurada para contagem: H:/My Drive/XABLAU/
[2026-02-01 18:25:31] 📁 Pastas detectadas para contagem: 9
[2026-02-01 18:25:31] 🔎 Iniciando contagem da pasta: 3.BRUNO (H:/My Drive/XABLAU/3.BRUNO)
[2026-02-01 18:25:31] 🔎 Iniciando contagem da pasta: 1.LEIANES (H:/My Drive/XABLAU/1.LEIANES)
[2026-02-01 18:25:31] 🔎 Iniciando contagem da pasta: 2.EROS (H:/My Drive/XABLAU/2.EROS)
[2026-02-01 18:25:31] 🔎 Iniciando contagem da pasta: 4.MAYA (H:/My Drive/XABLAU/4.MAYA)
[2026-02-01 18:25:31] 🔎 Iniciando contagem da pasta: 5.CUSH (H:/My Drive/XABLAU/5.CUSH)
[2026-02-01 18:25:31] 🔎 Iniciando contagem da pasta: 6.ELIS (H:/My Drive/XABLAU/6.ELIS)
[2026-02-01 18:25:31] 🔎 Iniciando contagem da pasta: 7.NICO (H:/My Drive/XABLAU/7.NICO)
[2026-02-01 18:25:31] 🔎 Iniciando contagem da pasta: 8.JACQUES (H:/My Drive/XABLAU/8.JACQUES)
[2026-02-01 18:25:31] ✅ Contagem concluída: 4.MAYA -> 0 páginas
[2026-02-01 18:25:37] ✅ Contagem concluída: 1.LEIANES -> 782 páginas
[2026-02-01 18:25:41] ✅ Contagem concluída: 6.ELIS -> 607 páginas
[2026-02-01 18:26:04] ✅ Contagem concluída: 7.NICO -> 2792 páginas
[2026-02-01 18:26:09] ✅ Contagem concluída: 8.JACQUES -> 762 páginas
[2026-02-01 18:26:36] ✅ Contagem concluída: 3.BRUNO -> 9291 páginas
[2026-02-01 18:26:40] ✅ Contagem concluída: 5.CUSH -> 10575 páginas
[2026-02-01 18:26:40] ✅ Contagem concluída: 2.EROS -> 10011 páginas
[2026-02-01 18:26:40] 🔎 Iniciando contagem da pasta VICTORIA: 9.VICTORIA/1.RENOMEANDO (H:/My Drive/XABLAU/9.VICTORIA\1.RENOMEANDO)
[2026-02-01 18:26:40] 🔎 Iniciando contagem da pasta VICTORIA: 9.VICTORIA/2.RENOMEADOS (H:/My Drive/XABLAU/9.VICTORIA\2.RENOMEADOS)
[2026-02-01 18:27:13] ✅ Contagem VICTORIA concluída: 9.VICTORIA/1.RENOMEANDO -> 7839 páginas
[2026-02-01 18:27:54] ✅ Contagem VICTORIA concluída: 9.VICTORIA/2.RENOMEADOS -> 26414 páginas
[2026-02-01 18:27:54] ✅ Mensagem liberada para envio: Message differs and cooldown passed
[2026-02-01 18:27:54] 📨 Destino WhatsApp: tipo=group alvo=XABLAU UPDATES
[2026-02-01 18:27:54] ⏱️ Timeout configurado: 140s (inicialização: 60s + mensagem: 30s + ACK: 20s + buffer: 30s)
[2026-02-01 18:27:54] Enviando resultados para WhatsApp...
[2026-02-01 18:27:54] ℹ️ Tamanho da mensagem: 509 caracteres
[2026-02-01 18:30:14] ❌ Timeout ao enviar mensagem WhatsApp após 140.03s (limite: 140s)
[2026-02-01 18:30:14] ⚠️ Possíveis causas: WhatsApp Web desconectado, necessidade de reautenticação, ou conexão lenta
[2026-02-01 18:37:42] Starting page count...
[2026-02-01 18:37:42] 📂 Pasta raiz configurada para contagem: H:/My Drive/XABLAU/
[2026-02-01 18:37:42] 📁 Pastas detectadas para contagem: 9
[2026-02-01 18:37:42] 🔎 Iniciando contagem da pasta: 3.BRUNO (H:/My Drive/XABLAU/3.BRUNO)
[2026-02-01 18:37:42] 🔎 Iniciando contagem da pasta: 1.LEIANES (H:/My Drive/XABLAU/1.LEIANES)
[2026-02-01 18:37:42] 🔎 Iniciando contagem da pasta: 2.EROS (H:/My Drive/XABLAU/2.EROS)
[2026-02-01 18:37:42] 🔎 Iniciando contagem da pasta: 4.MAYA (H:/My Drive/XABLAU/4.MAYA)
[2026-02-01 18:37:42] 🔎 Iniciando contagem da pasta: 5.CUSH (H:/My Drive/XABLAU/5.CUSH)
[2026-02-01 18:37:42] 🔎 Iniciando contagem da pasta: 6.ELIS (H:/My Drive/XABLAU/6.ELIS)
[2026-02-01 18:37:42] 🔎 Iniciando contagem da pasta: 7.NICO (H:/My Drive/XABLAU/7.NICO)
[2026-02-01 18:37:42] 🔎 Iniciando contagem da pasta: 8.JACQUES (H:/My Drive/XABLAU/8.JACQUES)
[2026-02-01 18:37:42] ✅ Contagem concluída: 4.MAYA -> 0 páginas
[2026-02-01 18:37:43] ✅ Contagem concluída: 1.LEIANES -> 782 páginas
[2026-02-01 18:37:44] ✅ Contagem concluída: 6.ELIS -> 607 páginas
[2026-02-01 18:37:49] ✅ Contagem concluída: 7.NICO -> 2792 páginas
[2026-02-01 18:37:50] ✅ Contagem concluída: 8.JACQUES -> 762 páginas
[2026-02-01 18:37:55] ✅ Contagem concluída: 3.BRUNO -> 9291 páginas
[2026-02-01 18:37:55] ✅ Contagem concluída: 2.EROS -> 10011 páginas
[2026-02-01 18:37:56] ✅ Contagem concluída: 5.CUSH -> 10575 páginas
[2026-02-01 18:37:56] 🔎 Iniciando contagem da pasta VICTORIA: 9.VICTORIA/1.RENOMEANDO (H:/My Drive/XABLAU/9.VICTORIA\1.RENOMEANDO)
[2026-02-01 18:37:56] 🔎 Iniciando contagem da pasta VICTORIA: 9.VICTORIA/2.RENOMEADOS (H:/My Drive/XABLAU/9.VICTORIA\2.RENOMEADOS)
[2026-02-01 18:38:03] ✅ Contagem VICTORIA concluída: 9.VICTORIA/1.RENOMEANDO -> 7018 páginas
[2026-02-01 18:38:16] ✅ Contagem VICTORIA concluída: 9.VICTORIA/2.RENOMEADOS -> 27235 páginas
[2026-02-01 18:38:16] ✅ Mensagem liberada para envio: Message differs and cooldown passed
[2026-02-01 18:38:16] 📨 Destino WhatsApp: tipo=group alvo=XABLAU UPDATES
[2026-02-01 18:38:16] ⏱️ Timeout configurado: 140s (inicialização: 60s + mensagem: 30s + ACK: 20s + buffer: 30s)
[2026-02-01 18:38:16] Enviando resultados para WhatsApp...
[2026-02-01 18:38:16] ℹ️ Tamanho da mensagem: 511 caracteres
[2026-02-01 18:40:36] ❌ Timeout ao enviar mensagem WhatsApp após 140.02s (limite: 140s)
[2026-02-01 18:40:36] ⚠️ Possíveis causas: WhatsApp Web desconectado, necessidade de reautenticação, ou conexão lenta
[2026-02-01 18:52:52] Starting page count...
[2026-02-01 18:52:52] 📂 Pasta raiz configurada para contagem: H:/My Drive/XABLAU/
[2026-02-01 18:52:52] 📁 Pastas detectadas para contagem: 9
[2026-02-01 18:52:52] 🔎 Iniciando contagem da pasta: 3.BRUNO (H:/My Drive/XABLAU/3.BRUNO)
[2026-02-01 18:52:52] 🔎 Iniciando contagem da pasta: 1.LEIANES (H:/My Drive/XABLAU/1.LEIANES)
[2026-02-01 18:52:52] 🔎 Iniciando contagem da pasta: 2.EROS (H:/My Drive/XABLAU/2.EROS)
[2026-02-01 18:52:52] 🔎 Iniciando contagem da pasta: 4.MAYA (H:/My Drive/XABLAU/4.MAYA)
[2026-02-01 18:52:52] 🔎 Iniciando contagem da pasta: 5.CUSH (H:/My Drive/XABLAU/5.CUSH)
[2026-02-01 18:52:52] 🔎 Iniciando contagem da pasta: 6.ELIS (H:/My Drive/XABLAU/6.ELIS)
[2026-02-01 18:52:52] 🔎 Iniciando contagem da pasta: 7.NICO (H:/My Drive/XABLAU/7.NICO)
[2026-02-01 18:52:52] 🔎 Iniciando contagem da pasta: 8.JACQUES (H:/My Drive/XABLAU/8.JACQUES)
[2026-02-01 18:52:52] ✅ Contagem concluída: 4.MAYA -> 0 páginas
[2026-02-01 18:52:53] ✅ Contagem concluída: 1.LEIANES -> 782 páginas
[2026-02-01 18:52:54] ✅ Contagem concluída: 6.ELIS -> 607 páginas
[2026-02-01 18:52:58] ✅ Contagem concluída: 7.NICO -> 2792 páginas
[2026-02-01 18:52:59] ✅ Contagem concluída: 8.JACQUES -> 762 páginas
[2026-02-01 18:53:04] ✅ Contagem concluída: 3.BRUNO -> 9291 páginas
[2026-02-01 18:53:05] ✅ Contagem concluída: 2.EROS -> 10011 páginas
[2026-02-01 18:53:05] ✅ Contagem concluída: 5.CUSH -> 10575 páginas
[2026-02-01 18:53:05] 🔎 Iniciando contagem da pasta VICTORIA: 9.VICTORIA/1.RENOMEANDO (H:/My Drive/XABLAU/9.VICTORIA\1.RENOMEANDO)
[2026-02-01 18:53:05] 🔎 Iniciando contagem da pasta VICTORIA: 9.VICTORIA/2.RENOMEADOS (H:/My Drive/XABLAU/9.VICTORIA\2.RENOMEADOS)
[2026-02-01 18:53:12] ✅ Contagem VICTORIA concluída: 9.VICTORIA/1.RENOMEANDO -> 7018 páginas
[2026-02-01 18:53:25] ✅ Contagem VICTORIA concluída: 9.VICTORIA/2.RENOMEADOS -> 27235 páginas
[2026-02-01 19:16:22] Starting page count...
[2026-02-01 19:16:22] 📂 Pasta raiz configurada para contagem: H:/My Drive/XABLAU/
[2026-02-01 19:16:22] 📁 Pastas detectadas para contagem: 9
[2026-02-01 19:16:22] 🔎 Iniciando contagem da pasta: 3.BRUNO (H:/My Drive/XABLAU/3.BRUNO)
[2026-02-01 19:16:22] 🔎 Iniciando contagem da pasta: 1.LEIANES (H:/My Drive/XABLAU/1.LEIANES)
[2026-02-01 19:16:22] 🔎 Iniciando contagem da pasta: 2.EROS (H:/My Drive/XABLAU/2.EROS)
[2026-02-01 19:16:22] 🔎 Iniciando contagem da pasta: 4.MAYA (H:/My Drive/XABLAU/4.MAYA)
[2026-02-01 19:16:22] 🔎 Iniciando contagem da pasta: 5.CUSH (H:/My Drive/XABLAU/5.CUSH)
[2026-02-01 19:16:22] 🔎 Iniciando contagem da pasta: 6.ELIS (H:/My Drive/XABLAU/6.ELIS)
[2026-02-01 19:16:22] 🔎 Iniciando contagem da pasta: 7.NICO (H:/My Drive/XABLAU/7.NICO)
[2026-02-01 19:16:22] 🔎 Iniciando contagem da pasta: 8.JACQUES (H:/My Drive/XABLAU/8.JACQUES)
[2026-02-01 19:16:22] ✅ Contagem concluída: 4.MAYA -> 0 páginas
[2026-02-01 19:16:23] ✅ Contagem concluída: 1.LEIANES -> 782 páginas
[2026-02-01 19:16:24] ✅ Contagem concluída: 6.ELIS -> 607 páginas
[2026-02-01 19:16:29] ✅ Contagem concluída: 7.NICO -> 2792 páginas
[2026-02-01 19:16:30] ✅ Contagem concluída: 8.JACQUES -> 762 páginas
[2026-02-01 19:16:35] ✅ Contagem concluída: 3.BRUNO -> 9291 páginas
[2026-02-01 19:16:35] ✅ Contagem concluída: 2.EROS -> 10011 páginas
[2026-02-01 19:16:36] ✅ Contagem concluída: 5.CUSH -> 10575 páginas
[2026-02-01 19:16:36] 🔎 Iniciando contagem da pasta VICTORIA: 9.VICTORIA/1.RENOMEANDO (H:/My Drive/XABLAU/9.VICTORIA\1.RENOMEANDO)
[2026-02-01 19:16:36] 🔎 Iniciando contagem da pasta VICTORIA: 9.VICTORIA/2.RENOMEADOS (H:/My Drive/XABLAU/9.VICTORIA\2.RENOMEADOS)
[2026-02-01 19:16:42] ✅ Contagem VICTORIA concluída: 9.VICTORIA/1.RENOMEANDO -> 5949 páginas
[2026-02-01 19:16:56] ✅ Contagem VICTORIA concluída: 9.VICTORIA/2.RENOMEADOS -> 28304 páginas
[2026-02-01 19:16:56] ✅ Mensagem liberada para envio: Message differs and cooldown passed
[2026-02-01 19:16:56] 📨 Destino WhatsApp: tipo=group alvo=XABLAU UPDATES
[2026-02-01 19:16:56] ⏱️ Timeout configurado: 140s (inicialização: 60s + mensagem: 30s + ACK: 20s + buffer: 30s)
[2026-02-01 19:16:56] Enviando resultados para WhatsApp...
[2026-02-01 19:16:56] ℹ️ Tamanho da mensagem: 513 caracteres
[2026-02-01 19:19:16] ❌ Timeout ao enviar mensagem WhatsApp após 140.02s (limite: 140s)
[2026-02-01 19:19:16] ⚠️ Possíveis causas: WhatsApp Web desconectado, necessidade de reautenticação, ou conexão lenta
[2026-02-01 19:21:15] Starting page count...
[2026-02-01 19:21:15] 📂 Pasta raiz configurada para contagem: H:/My Drive/XABLAU/
[2026-02-01 19:21:15] 📁 Pastas detectadas para contagem: 9
[2026-02-01 19:21:15] 🔎 Iniciando contagem da pasta: 3.BRUNO (H:/My Drive/XABLAU/3.BRUNO)
[2026-02-01 19:21:15] 🔎 Iniciando contagem da pasta: 1.LEIANES (H:/My Drive/XABLAU/1.LEIANES)
[2026-02-01 19:21:15] 🔎 Iniciando contagem da pasta: 2.EROS (H:/My Drive/XABLAU/2.EROS)
[2026-02-01 19:21:15] 🔎 Iniciando contagem da pasta: 4.MAYA (H:/My Drive/XABLAU/4.MAYA)
[2026-02-01 19:21:15] 🔎 Iniciando contagem da pasta: 5.CUSH (H:/My Drive/XABLAU/5.CUSH)
[2026-02-01 19:21:15] 🔎 Iniciando contagem da pasta: 6.ELIS (H:/My Drive/XABLAU/6.ELIS)
[2026-02-01 19:21:15] 🔎 Iniciando contagem da pasta: 7.NICO (H:/My Drive/XABLAU/7.NICO)
[2026-02-01 19:21:15] 🔎 Iniciando contagem da pasta: 8.JACQUES (H:/My Drive/XABLAU/8.JACQUES)
[2026-02-01 19:21:15] ✅ Contagem concluída: 4.MAYA -> 0 páginas
[2026-02-01 19:21:16] ✅ Contagem concluída: 1.LEIANES -> 782 páginas
[2026-02-01 19:21:17] ✅ Contagem concluída: 6.ELIS -> 607 páginas
[2026-02-01 19:21:21] ✅ Contagem concluída: 7.NICO -> 2792 páginas
[2026-02-01 19:21:22] ✅ Contagem concluída: 8.JACQUES -> 762 páginas
[2026-02-01 19:21:27] ✅ Contagem concluída: 3.BRUNO -> 9291 páginas
[2026-02-01 19:21:28] ✅ Contagem concluída: 2.EROS -> 10011 páginas
[2026-02-01 19:21:28] ✅ Contagem concluída: 5.CUSH -> 10575 páginas
[2026-02-01 19:21:28] 🔎 Iniciando contagem da pasta VICTORIA: 9.VICTORIA/1.RENOMEANDO (H:/My Drive/XABLAU/9.VICTORIA\1.RENOMEANDO)
[2026-02-01 19:21:28] 🔎 Iniciando contagem da pasta VICTORIA: 9.VICTORIA/2.RENOMEADOS (H:/My Drive/XABLAU/9.VICTORIA\2.RENOMEADOS)
[2026-02-01 19:21:33] ✅ Contagem VICTORIA concluída: 9.VICTORIA/1.RENOMEANDO -> 5202 páginas
[2026-02-01 19:21:48] ✅ Contagem VICTORIA concluída: 9.VICTORIA/2.RENOMEADOS -> 29051 páginas
[2026-02-01 19:21:48] ✅ Mensagem liberada para envio: Message differs and cooldown passed
[2026-02-01 19:21:48] 📨 Destino WhatsApp: tipo=group alvo=XABLAU UPDATES
[2026-02-01 19:21:48] ⏱️ Timeout configurado: 140s (inicialização: 60s + mensagem: 30s + ACK: 20s + buffer: 30s)
[2026-02-01 19:21:48] Enviando resultados para WhatsApp...
[2026-02-01 19:21:48] ℹ️ Tamanho da mensagem: 511 caracteres
[2026-02-01 19:24:08] ❌ Timeout ao enviar mensagem WhatsApp após 140.02s (limite: 140s)
[2026-02-01 19:24:08] ⚠️ Possíveis causas: WhatsApp Web desconectado, necessidade de reautenticação, ou conexão lenta
[2026-02-01 22:03:14] Starting page count...
[2026-02-01 22:03:14] 🔧 Modo FORCE ativado via linha de comando
[2026-02-01 22:03:14] 📂 Pasta raiz configurada para contagem: H:/My Drive/XABLAU/
[2026-02-01 22:03:14] 📁 Pastas detectadas para contagem: 9
[2026-02-01 22:03:14] 🔎 Iniciando contagem da pasta: 3.BRUNO (H:/My Drive/XABLAU/3.BRUNO)
[2026-02-01 22:03:14] 🔎 Iniciando contagem da pasta: 1.LEIANES (H:/My Drive/XABLAU/1.LEIANES)
[2026-02-01 22:03:14] 🔎 Iniciando contagem da pasta: 2.EROS (H:/My Drive/XABLAU/2.EROS)
[2026-02-01 22:03:14] 🔎 Iniciando contagem da pasta: 4.MAYA (H:/My Drive/XABLAU/4.MAYA)
[2026-02-01 22:03:14] 🔎 Iniciando contagem da pasta: 5.CUSH (H:/My Drive/XABLAU/5.CUSH)
[2026-02-01 22:03:14] 🔎 Iniciando contagem da pasta: 6.ELIS (H:/My Drive/XABLAU/6.ELIS)
[2026-02-01 22:03:14] 🔎 Iniciando contagem da pasta: 7.NICO (H:/My Drive/XABLAU/7.NICO)
[2026-02-01 22:03:14] 🔎 Iniciando contagem da pasta: 8.JACQUES (H:/My Drive/XABLAU/8.JACQUES)
[2026-02-01 22:03:14] ✅ Contagem concluída: 4.MAYA -> 0 páginas
[2026-02-01 22:03:15] ✅ Contagem concluída: 1.LEIANES -> 782 páginas
[2026-02-01 22:03:16] ✅ Contagem concluída: 6.ELIS -> 607 páginas
[2026-02-01 22:03:22] ✅ Contagem concluída: 7.NICO -> 2792 páginas
[2026-02-01 22:03:23] ✅ Contagem concluída: 8.JACQUES -> 762 páginas
[2026-02-01 22:03:29] ✅ Contagem concluída: 3.BRUNO -> 9291 páginas
[2026-02-01 22:03:30] ✅ Contagem concluída: 2.EROS -> 10011 páginas
[2026-02-01 22:03:30] ✅ Contagem concluída: 5.CUSH -> 10575 páginas
[2026-02-01 22:03:30] 🔎 Iniciando contagem da pasta VICTORIA: 9.VICTORIA/1.RENOMEANDO (H:/My Drive/XABLAU/9.VICTORIA\1.RENOMEANDO)
[2026-02-01 22:03:30] 🔎 Iniciando contagem da pasta VICTORIA: 9.VICTORIA/2.RENOMEADOS (H:/My Drive/XABLAU/9.VICTORIA\2.RENOMEADOS)
[2026-02-01 22:03:37] ✅ Contagem VICTORIA concluída: 9.VICTORIA/1.RENOMEANDO -> 5202 páginas
[2026-02-01 22:03:55] ✅ Contagem VICTORIA concluída: 9.VICTORIA/2.RENOMEADOS -> 29051 páginas
[2026-02-01 22:03:55] 🔧 Modo FORCE ativado: ignorando verificação de cooldown e mensagem repetida
[2026-02-01 22:03:55] 📨 Destino WhatsApp: tipo=group alvo=XABLAU UPDATES
[2026-02-01 22:03:55] ⏱️ Timeout configurado: 140s (inicialização: 60s + mensagem: 30s + ACK: 20s + buffer: 30s)
[2026-02-01 22:03:55] Enviando resultados para WhatsApp...
[2026-02-01 22:03:55] ℹ️ Tamanho da mensagem: 423 caracteres
[2026-02-01 22:06:15] ❌ Timeout ao enviar mensagem WhatsApp após 140.03s (limite: 140s)
[2026-02-01 22:06:15] ⚠️ Possíveis causas: WhatsApp Web desconectado, necessidade de reautenticação, ou conexão lenta
[2026-02-01 22:08:19] Starting page count...
[2026-02-01 22:08:19] 🔧 Modo FORCE ativado via linha de comando
[2026-02-01 22:08:19] 📂 Pasta raiz configurada para contagem: H:/My Drive/XABLAU/
[2026-02-01 22:08:19] 📁 Pastas detectadas para contagem: 9
[2026-02-01 22:08:19] 🔎 Iniciando contagem da pasta: 3.BRUNO (H:/My Drive/XABLAU/3.BRUNO)
[2026-02-01 22:08:19] 🔎 Iniciando contagem da pasta: 1.LEIANES (H:/My Drive/XABLAU/1.LEIANES)
[2026-02-01 22:08:19] 🔎 Iniciando contagem da pasta: 2.EROS (H:/My Drive/XABLAU/2.EROS)
[2026-02-01 22:08:19] 🔎 Iniciando contagem da pasta: 4.MAYA (H:/My Drive/XABLAU/4.MAYA)
[2026-02-01 22:08:19] 🔎 Iniciando contagem da pasta: 5.CUSH (H:/My Drive/XABLAU/5.CUSH)
[2026-02-01 22:08:19] 🔎 Iniciando contagem da pasta: 6.ELIS (H:/My Drive/XABLAU/6.ELIS)
[2026-02-01 22:08:19] 🔎 Iniciando contagem da pasta: 7.NICO (H:/My Drive/XABLAU/7.NICO)
[2026-02-01 22:08:19] 🔎 Iniciando contagem da pasta: 8.JACQUES (H:/My Drive/XABLAU/8.JACQUES)
[2026-02-01 22:08:19] ✅ Contagem concluída: 4.MAYA -> 0 páginas
[2026-02-01 22:08:20] ✅ Contagem concluída: 1.LEIANES -> 782 páginas
[2026-02-01 22:08:20] ✅ Contagem concluída: 6.ELIS -> 607 páginas
[2026-02-01 22:08:25] ✅ Contagem concluída: 7.NICO -> 2792 páginas
[2026-02-01 22:08:26] ✅ Contagem concluída: 8.JACQUES -> 762 páginas
[2026-02-01 22:08:31] ✅ Contagem concluída: 3.BRUNO -> 9291 páginas
[2026-02-01 22:08:31] ✅ Contagem concluída: 2.EROS -> 10011 páginas
[2026-02-01 22:08:31] ✅ Contagem concluída: 5.CUSH -> 10575 páginas
[2026-02-01 22:08:31] 🔎 Iniciando contagem da pasta VICTORIA: 9.VICTORIA/1.RENOMEANDO (H:/My Drive/XABLAU/9.VICTORIA\1.RENOMEANDO)
[2026-02-01 22:08:31] 🔎 Iniciando contagem da pasta VICTORIA: 9.VICTORIA/2.RENOMEADOS (H:/My Drive/XABLAU/9.VICTORIA\2.RENOMEADOS)
[2026-02-01 22:08:36] ✅ Contagem VICTORIA concluída: 9.VICTORIA/1.RENOMEANDO -> 5202 páginas
[2026-02-01 22:08:50] ✅ Contagem VICTORIA concluída: 9.VICTORIA/2.RENOMEADOS -> 29051 páginas
[2026-02-01 22:08:50] 🔧 Modo FORCE ativado: ignorando verificação de cooldown e mensagem repetida
[2026-02-01 22:08:50] 📨 Destino WhatsApp: tipo=group alvo=XABLAU UPDATES
[2026-02-01 22:08:50] ⏱️ Timeout configurado: 140s (inicialização: 60s + mensagem: 30s + ACK: 20s + buffer: 30s)
[2026-02-01 22:08:50] Enviando resultados para WhatsApp...
[2026-02-01 22:08:50] ℹ️ Tamanho da mensagem: 423 caracteres
[2026-02-01 22:14:36] Starting page count...
[2026-02-01 22:14:36] 🔧 Modo FORCE ativado via linha de comando
[2026-02-01 22:14:36] 📂 Pasta raiz configurada para contagem: H:/My Drive/XABLAU/
[2026-02-01 22:14:36] 📁 Pastas detectadas para contagem: 9
[2026-02-01 22:14:36] 🔎 Iniciando contagem da pasta: 3.BRUNO (H:/My Drive/XABLAU/3.BRUNO)
[2026-02-01 22:14:36] 🔎 Iniciando contagem da pasta: 1.LEIANES (H:/My Drive/XABLAU/1.LEIANES)
[2026-02-01 22:14:36] 🔎 Iniciando contagem da pasta: 2.EROS (H:/My Drive/XABLAU/2.EROS)
[2026-02-01 22:14:36] 🔎 Iniciando contagem da pasta: 4.MAYA (H:/My Drive/XABLAU/4.MAYA)
[2026-02-01 22:14:36] 🔎 Iniciando contagem da pasta: 5.CUSH (H:/My Drive/XABLAU/5.CUSH)
[2026-02-01 22:14:36] 🔎 Iniciando contagem da pasta: 6.ELIS (H:/My Drive/XABLAU/6.ELIS)
[2026-02-01 22:14:36] 🔎 Iniciando contagem da pasta: 7.NICO (H:/My Drive/XABLAU/7.NICO)
[2026-02-01 22:14:36] 🔎 Iniciando contagem da pasta: 8.JACQUES (H:/My Drive/XABLAU/8.JACQUES)
[2026-02-01 22:14:36] ✅ Contagem concluída: 4.MAYA -> 0 páginas
[2026-02-01 22:14:37] ✅ Contagem concluída: 1.LEIANES -> 782 páginas
[2026-02-01 22:14:38] ✅ Contagem concluída: 6.ELIS -> 607 páginas
[2026-02-01 22:14:42] ✅ Contagem concluída: 7.NICO -> 2792 páginas
[2026-02-01 22:14:43] ✅ Contagem concluída: 8.JACQUES -> 762 páginas
[2026-02-01 22:14:48] ✅ Contagem concluída: 3.BRUNO -> 9291 páginas
[2026-02-01 22:14:48] ✅ Contagem concluída: 2.EROS -> 10011 páginas
[2026-02-01 22:14:49] ✅ Contagem concluída: 5.CUSH -> 10575 páginas
[2026-02-01 22:14:49] 🔎 Iniciando contagem da pasta VICTORIA: 9.VICTORIA/1.RENOMEANDO (H:/My Drive/XABLAU/9.VICTORIA\1.RENOMEANDO)
[2026-02-01 22:14:49] 🔎 Iniciando contagem da pasta VICTORIA: 9.VICTORIA/2.RENOMEADOS (H:/My Drive/XABLAU/9.VICTORIA\2.RENOMEADOS)
[2026-02-01 22:14:54] ✅ Contagem VICTORIA concluída: 9.VICTORIA/1.RENOMEANDO -> 5202 páginas
[2026-02-01 22:15:08] ✅ Contagem VICTORIA concluída: 9.VICTORIA/2.RENOMEADOS -> 29051 páginas
[2026-02-01 22:15:08] 🔧 Modo FORCE ativado: ignorando verificação de cooldown e mensagem repetida
[2026-02-01 22:15:08] 📨 Destino WhatsApp: tipo=group alvo=XABLAU UPDATES
[2026-02-01 22:15:08] ⏱️ Timeout configurado: 140s (inicialização: 60s + mensagem: 30s + ACK: 20s + buffer: 30s)
[2026-02-01 22:15:08] Enviando resultados para WhatsApp...
[2026-02-01 22:15:08] ℹ️ Tamanho da mensagem: 423 caracteres
[2026-02-01 22:17:28] ❌ Timeout ao enviar mensagem WhatsApp após 140.02s (limite: 140s)
[2026-02-01 22:17:28] ⚠️ Possíveis causas: WhatsApp Web desconectado, necessidade de reautenticação, ou conexão lenta
[2026-02-01 22:18:52] Starting page count...
[2026-02-01 22:18:52] 🔧 Modo FORCE ativado via linha de comando
[2026-02-01 22:18:52] 📂 Pasta raiz configurada para contagem: H:/My Drive/XABLAU/
[2026-02-01 22:18:52] 📁 Pastas detectadas para contagem: 9
[2026-02-01 22:18:52] 🔎 Iniciando contagem da pasta: 3.BRUNO (H:/My Drive/XABLAU/3.BRUNO)
[2026-02-01 22:18:52] 🔎 Iniciando contagem da pasta: 1.LEIANES (H:/My Drive/XABLAU/1.LEIANES)
[2026-02-01 22:18:52] 🔎 Iniciando contagem da pasta: 2.EROS (H:/My Drive/XABLAU/2.EROS)
[2026-02-01 22:18:52] 🔎 Iniciando contagem da pasta: 4.MAYA (H:/My Drive/XABLAU/4.MAYA)
[2026-02-01 22:18:52] 🔎 Iniciando contagem da pasta: 5.CUSH (H:/My Drive/XABLAU/5.CUSH)
[2026-02-01 22:18:52] 🔎 Iniciando contagem da pasta: 6.ELIS (H:/My Drive/XABLAU/6.ELIS)
[2026-02-01 22:18:52] 🔎 Iniciando contagem da pasta: 7.NICO (H:/My Drive/XABLAU/7.NICO)
[2026-02-01 22:18:52] 🔎 Iniciando contagem da pasta: 8.JACQUES (H:/My Drive/XABLAU/8.JACQUES)
[2026-02-01 22:18:52] ✅ Contagem concluída: 4.MAYA -> 0 páginas
[2026-02-01 22:18:53] ✅ Contagem concluída: 1.LEIANES -> 782 páginas
[2026-02-01 22:18:54] ✅ Contagem concluída: 6.ELIS -> 607 páginas
[2026-02-01 22:18:59] ✅ Contagem concluída: 7.NICO -> 2792 páginas
[2026-02-01 22:18:59] ✅ Contagem concluída: 8.JACQUES -> 762 páginas
[2026-02-01 22:19:04] ✅ Contagem concluída: 3.BRUNO -> 9291 páginas
[2026-02-01 22:19:05] ✅ Contagem concluída: 2.EROS -> 10011 páginas
[2026-02-01 22:19:05] ✅ Contagem concluída: 5.CUSH -> 10575 páginas
[2026-02-01 22:19:05] 🔎 Iniciando contagem da pasta VICTORIA: 9.VICTORIA/1.RENOMEANDO (H:/My Drive/XABLAU/9.VICTORIA\1.RENOMEANDO)
[2026-02-01 22:19:05] 🔎 Iniciando contagem da pasta VICTORIA: 9.VICTORIA/2.RENOMEADOS (H:/My Drive/XABLAU/9.VICTORIA\2.RENOMEADOS)
[2026-02-01 22:19:10] ✅ Contagem VICTORIA concluída: 9.VICTORIA/1.RENOMEANDO -> 5202 páginas
[2026-02-01 22:19:26] ✅ Contagem VICTORIA concluída: 9.VICTORIA/2.RENOMEADOS -> 29051 páginas
[2026-02-01 22:19:26] 🔧 Modo FORCE ativado: ignorando verificação de cooldown e mensagem repetida
[2026-02-01 22:19:26] 📨 Destino WhatsApp: tipo=group alvo=XABLAU UPDATES
[2026-02-01 22:19:26] ⏱️ Timeout configurado: 140s (inicialização: 60s + mensagem: 30s + ACK: 20s + buffer: 30s)
[2026-02-01 22:19:26] Enviando resultados para WhatsApp...
[2026-02-01 22:19:26] ℹ️ Tamanho da mensagem: 423 caracteres
[2026-02-01 22:19:31] ⏱️ Tempo de execução do WhatsApp: 5.01s
[2026-02-01 22:19:31] ✅ Message sent successfully to WhatsApp!
[2026-02-01 22:19:31] ℹ️ Saída do envio: Initializing WhatsApp client...
📁 Auth directory: D:\Trampo\xablau\XABLAU PROJECT\.wwebjs_auth
✅ Auth directory exists with 1 file(s)
   Files: session
✅ WhatsApp connected! (inicialização levou 2815ms)
Looking for group: XABLAU UPDATES
Sending message to group: XABLAU UPDATES (id: 120363421676358028@g.us)
Sending message (428 characters)...
Message sent successfully! msgId: true_120363421676358028@g.us_3EB06FE7858AEE095E3EC5_174462209097938@lid chatId: 120363421676358028@g.us (took 541ms)
Waiting for delivery ACK...
Ack de entrega recebido (pelo menos chegou ao servidor). (took 214ms)
Total WhatsApp operation time: 761ms
[2026-02-02 13:07:50] Starting page count...
[2026-02-02 13:07:50] 📂 Pasta raiz configurada para contagem: H:/My Drive/XABLAU/
[2026-02-02 13:07:50] 📁 Pastas detectadas para contagem: 9
[2026-02-02 13:07:50] 🔎 Iniciando contagem da pasta: 3.BRUNO (H:/My Drive/XABLAU/3.BRUNO)
[2026-02-02 13:07:50] 🔎 Iniciando contagem da pasta: 1.LEIANES (H:/My Drive/XABLAU/1.LEIANES)
[2026-02-02 13:07:50] 🔎 Iniciando contagem da pasta: 2.EROS (H:/My Drive/XABLAU/2.EROS)
[2026-02-02 13:07:50] 🔎 Iniciando contagem da pasta: 4.MAYA (H:/My Drive/XABLAU/4.MAYA)
[2026-02-02 13:07:50] 🔎 Iniciando contagem da pasta: 5.CUSH (H:/My Drive/XABLAU/5.CUSH)
[2026-02-02 13:07:50] 🔎 Iniciando contagem da pasta: 6.ELIS (H:/My Drive/XABLAU/6.ELIS)
[2026-02-02 13:07:50] 🔎 Iniciando contagem da pasta: 7.NICO (H:/My Drive/XABLAU/7.NICO)
[2026-02-02 13:07:50] 🔎 Iniciando contagem da pasta: 8.JACQUES (H:/My Drive/XABLAU/8.JACQUES)
[2026-02-02 13:07:50] ✅ Contagem concluída: 4.MAYA -> 0 páginas
[2026-02-02 13:07:55] ✅ Contagem concluída: 1.LEIANES -> 782 páginas
[2026-02-02 13:07:58] ✅ Contagem concluída: 6.ELIS -> 607 páginas
[2026-02-02 13:08:19] ✅ Contagem concluída: 7.NICO -> 2792 páginas
[2026-02-02 13:08:23] ✅ Contagem concluída: 8.JACQUES -> 762 páginas
[2026-02-02 13:08:50] ✅ Contagem concluída: 3.BRUNO -> 9291 páginas
[2026-02-02 13:08:53] ✅ Contagem concluída: 5.CUSH -> 10575 páginas
[2026-02-02 13:08:53] ✅ Contagem concluída: 2.EROS -> 10011 páginas
[2026-02-02 13:08:53] 🔎 Iniciando contagem da pasta VICTORIA: 9.VICTORIA/1.RENOMEANDO (H:/My Drive/XABLAU/9.VICTORIA\1.RENOMEANDO)
[2026-02-02 13:08:53] 🔎 Iniciando contagem da pasta VICTORIA: 9.VICTORIA/2.RENOMEADOS (H:/My Drive/XABLAU/9.VICTORIA\2.RENOMEADOS)
[2026-02-02 13:09:18] ✅ Contagem VICTORIA concluída: 9.VICTORIA/1.RENOMEANDO -> 5202 páginas
[2026-02-02 13:10:06] ✅ Contagem VICTORIA concluída: 9.VICTORIA/2.RENOMEADOS -> 29051 páginas
[2026-02-03 10:00:54] Starting page count...
[2026-02-03 10:00:54] 📂 Pasta raiz configurada para contagem: H:/My Drive/XABLAU/
[2026-02-03 10:00:54] 📁 Pastas detectadas para contagem: 9
[2026-02-03 10:00:54] 🔎 Iniciando contagem da pasta: 3.BRUNO (H:/My Drive/XABLAU/3.BRUNO)
[2026-02-03 10:00:54] 🔎 Iniciando contagem da pasta: 1.LEIANES (H:/My Drive/XABLAU/1.LEIANES)
[2026-02-03 10:00:54] 🔎 Iniciando contagem da pasta: 2.EROS (H:/My Drive/XABLAU/2.EROS)
[2026-02-03 10:00:54] 🔎 Iniciando contagem da pasta: 4.MAYA (H:/My Drive/XABLAU/4.MAYA)
[2026-02-03 10:00:54] 🔎 Iniciando contagem da pasta: 5.CUSH (H:/My Drive/XABLAU/5.CUSH)
[2026-02-03 10:00:54] 🔎 Iniciando contagem da pasta: 6.ELIS (H:/My Drive/XABLAU/6.ELIS)
[2026-02-03 10:00:54] 🔎 Iniciando contagem da pasta: 7.NICO (H:/My Drive/XABLAU/7.NICO)
[2026-02-03 10:00:54] 🔎 Iniciando contagem da pasta: 8.JACQUES (H:/My Drive/XABLAU/8.JACQUES)
[2026-02-03 10:00:54] ✅ Contagem concluída: 4.MAYA -> 0 páginas
[2026-02-03 10:00:59] ✅ Contagem concluída: 1.LEIANES -> 782 páginas
[2026-02-03 10:01:02] ✅ Contagem concluída: 6.ELIS -> 607 páginas
[2026-02-03 10:01:24] ✅ Contagem concluída: 7.NICO -> 2792 páginas
[2026-02-03 10:01:28] ✅ Contagem concluída: 8.JACQUES -> 762 páginas
[2026-02-03 10:01:54] ✅ Contagem concluída: 3.BRUNO -> 9291 páginas
[2026-02-03 10:01:56] ✅ Contagem concluída: 5.CUSH -> 10575 páginas
[2026-02-03 10:01:56] ✅ Contagem concluída: 2.EROS -> 10011 páginas
[2026-02-03 10:01:56] 🔎 Iniciando contagem da pasta VICTORIA: 9.VICTORIA/1.RENOMEANDO (H:/My Drive/XABLAU/9.VICTORIA\1.RENOMEANDO)
[2026-02-03 10:01:56] 🔎 Iniciando contagem da pasta VICTORIA: 9.VICTORIA/2.RENOMEADOS (H:/My Drive/XABLAU/9.VICTORIA\2.RENOMEADOS)
[2026-02-03 10:02:17] ✅ Contagem VICTORIA concluída: 9.VICTORIA/1.RENOMEANDO -> 5202 páginas
[2026-02-03 10:03:07] ✅ Contagem VICTORIA concluída: 9.VICTORIA/2.RENOMEADOS -> 29051 páginas
[2026-02-03 20:27:30] Starting page count...
[2026-02-03 20:27:31] 📂 Pasta raiz configurada para contagem: H:/My Drive/XABLAU/
[2026-02-03 20:27:31] 📁 Pastas detectadas para contagem: 9
[2026-02-03 20:27:31] 🔎 Iniciando contagem da pasta: 3.BRUNO (H:/My Drive/XABLAU/3.BRUNO)
[2026-02-03 20:27:31] 🔎 Iniciando contagem da pasta: 1.LEIANES (H:/My Drive/XABLAU/1.LEIANES)
[2026-02-03 20:27:31] 🔎 Iniciando contagem da pasta: 2.EROS (H:/My Drive/XABLAU/2.EROS)
[2026-02-03 20:27:31] 🔎 Iniciando contagem da pasta: 4.MAYA (H:/My Drive/XABLAU/4.MAYA)
[2026-02-03 20:27:31] 🔎 Iniciando contagem da pasta: 5.CUSH (H:/My Drive/XABLAU/5.CUSH)
[2026-02-03 20:27:31] 🔎 Iniciando contagem da pasta: 6.ELIS (H:/My Drive/XABLAU/6.ELIS)
[2026-02-03 20:27:31] 🔎 Iniciando contagem da pasta: 7.NICO (H:/My Drive/XABLAU/7.NICO)
[2026-02-03 20:27:31] 🔎 Iniciando contagem da pasta: 8.JACQUES (H:/My Drive/XABLAU/8.JACQUES)
[2026-02-03 20:27:31] ✅ Contagem concluída: 4.MAYA -> 0 páginas
[2026-02-03 20:27:37] ✅ Contagem concluída: 1.LEIANES -> 782 páginas
[2026-02-03 20:27:40] ✅ Contagem concluída: 6.ELIS -> 607 páginas
[2026-02-03 20:28:02] ✅ Contagem concluída: 7.NICO -> 2792 páginas
[2026-02-03 20:28:07] ✅ Contagem concluída: 8.JACQUES -> 762 páginas
[2026-02-03 20:28:34] ✅ Contagem concluída: 3.BRUNO -> 9291 páginas
[2026-02-03 20:28:37] ✅ Contagem concluída: 5.CUSH -> 10575 páginas
[2026-02-03 20:28:37] ✅ Contagem concluída: 2.EROS -> 10011 páginas
[2026-02-03 20:28:37] 🔎 Iniciando contagem da pasta VICTORIA: 9.VICTORIA/1.RENOMEANDO (H:/My Drive/XABLAU/9.VICTORIA\1.RENOMEANDO)
[2026-02-03 20:28:37] 🔎 Iniciando contagem da pasta VICTORIA: 9.VICTORIA/2.RENOMEADOS (H:/My Drive/XABLAU/9.VICTORIA\2.RENOMEADOS)
[2026-02-03 20:28:55] ✅ Contagem VICTORIA concluída: 9.VICTORIA/1.RENOMEANDO -> 4510 páginas
[2026-02-03 20:29:54] ✅ Contagem VICTORIA concluída: 9.VICTORIA/2.RENOMEADOS -> 29743 páginas
[2026-02-03 20:29:54] ✅ Mensagem liberada para envio: Message differs and cooldown passed
[2026-02-03 20:29:54] 📨 Destino WhatsApp: tipo=group alvo=XABLAU UPDATES
[2026-02-03 20:29:54] ⏱️ Timeout configurado: 140s (inicialização: 60s + mensagem: 30s + ACK: 20s + buffer: 30s)
[2026-02-03 20:29:54] Enviando resultados para WhatsApp...
[2026-02-03 20:29:54] ℹ️ Tamanho da mensagem: 511 caracteres
[2026-02-03 20:30:19] ⏱️ Tempo de execução do WhatsApp: 24.50s
[2026-02-03 20:30:19] ✅ Message sent successfully to WhatsApp!
[2026-02-03 20:30:19] ℹ️ Saída do envio: Initializing WhatsApp client...
📁 Auth directory: D:\Trampo\xablau\XABLAU PROJECT\.wwebjs_auth
✅ Auth directory exists with 1 file(s)
   Files: session
⏳ Ainda inicializando... (10s decorridos)
✅ WhatsApp connected! (inicialização levou 11399ms)
Looking for group: XABLAU UPDATES
Sending message to group: XABLAU UPDATES (id: 120363421676358028@g.us)
Sending message (517 characters)...
Message sent successfully! msgId: true_120363421676358028@g.us_3EB061A73A2FFF4739DDFE_174462209097938@lid chatId: 120363421676358028@g.us (took 2399ms)
Waiting for delivery ACK...
Ack de entrega recebido (pelo menos chegou ao servidor). (took 318ms)
Total WhatsApp operation time: 2722ms
[2026-02-03 20:52:26] Starting page count...
[2026-02-03 20:52:26] 📂 Pasta raiz configurada para contagem: H:/My Drive/XABLAU/
[2026-02-03 20:52:26] 📁 Pastas detectadas para contagem: 9
[2026-02-03 20:52:26] 🔎 Iniciando contagem da pasta: 3.BRUNO (H:/My Drive/XABLAU/3.BRUNO)
[2026-02-03 20:52:26] 🔎 Iniciando contagem da pasta: 1.LEIANES (H:/My Drive/XABLAU/1.LEIANES)
[2026-02-03 20:52:26] 🔎 Iniciando contagem da pasta: 2.EROS (H:/My Drive/XABLAU/2.EROS)
[2026-02-03 20:52:26] 🔎 Iniciando contagem da pasta: 4.MAYA (H:/My Drive/XABLAU/4.MAYA)
[2026-02-03 20:52:26] 🔎 Iniciando contagem da pasta: 5.CUSH (H:/My Drive/XABLAU/5.CUSH)
[2026-02-03 20:52:26] 🔎 Iniciando contagem da pasta: 6.ELIS (H:/My Drive/XABLAU/6.ELIS)
[2026-02-03 20:52:26] 🔎 Iniciando contagem da pasta: 7.NICO (H:/My Drive/XABLAU/7.NICO)
[2026-02-03 20:52:26] 🔎 Iniciando contagem da pasta: 8.JACQUES (H:/My Drive/XABLAU/8.JACQUES)
[2026-02-03 20:52:26] ✅ Contagem concluída: 4.MAYA -> 0 páginas
[2026-02-03 20:52:31] ✅ Contagem concluída: 1.LEIANES -> 782 páginas
[2026-02-03 20:52:35] ✅ Contagem concluída: 6.ELIS -> 607 páginas
[2026-02-03 20:52:47] ✅ Contagem concluída: 7.NICO -> 2792 páginas
[2026-02-03 20:52:49] ✅ Contagem concluída: 8.JACQUES -> 762 páginas
[2026-02-03 20:52:56] ✅ Contagem concluída: 3.BRUNO -> 9291 páginas
[2026-02-03 20:52:57] ✅ Contagem concluída: 2.EROS -> 10011 páginas
[2026-02-03 20:52:57] ✅ Contagem concluída: 5.CUSH -> 10575 páginas
[2026-02-03 20:52:57] 🔎 Iniciando contagem da pasta VICTORIA: 9.VICTORIA/1.RENOMEANDO (H:/My Drive/XABLAU/9.VICTORIA\1.RENOMEANDO)
[2026-02-03 20:52:57] 🔎 Iniciando contagem da pasta VICTORIA: 9.VICTORIA/2.RENOMEADOS (H:/My Drive/XABLAU/9.VICTORIA\2.RENOMEADOS)
[2026-02-03 20:53:02] ✅ Contagem VICTORIA concluída: 9.VICTORIA/1.RENOMEANDO -> 3441 páginas
[2026-02-03 20:53:24] ✅ Contagem VICTORIA concluída: 9.VICTORIA/2.RENOMEADOS -> 30812 páginas
[2026-02-03 20:53:24] ✅ Mensagem liberada para envio: Message differs and cooldown passed
[2026-02-03 20:53:24] 📨 Destino WhatsApp: tipo=group alvo=XABLAU UPDATES
[2026-02-03 20:53:24] ⏱️ Timeout configurado: 140s (inicialização: 60s + mensagem: 30s + ACK: 20s + buffer: 30s)
[2026-02-03 20:53:24] Enviando resultados para WhatsApp...
[2026-02-03 20:53:24] ℹ️ Tamanho da mensagem: 513 caracteres
[2026-02-03 20:53:41] ⏱️ Tempo de execução do WhatsApp: 16.35s
[2026-02-03 20:53:41] ✅ Message sent successfully to WhatsApp!
[2026-02-03 20:53:41] ℹ️ Saída do envio: Initializing WhatsApp client...
📁 Auth directory: D:\Trampo\xablau\XABLAU PROJECT\.wwebjs_auth
✅ Auth directory exists with 1 file(s)
   Files: session
✅ WhatsApp connected! (inicialização levou 3402ms)
Looking for group: XABLAU UPDATES
Sending message to group: XABLAU UPDATES (id: 120363421676358028@g.us)
Sending message (519 characters)...
Message sent successfully! msgId: true_120363421676358028@g.us_3EB0373A2C24A2679A729D_174462209097938@lid chatId: 120363421676358028@g.us (took 2428ms)
Waiting for delivery ACK...
Ack de entrega recebido (pelo menos chegou ao servidor). (took 217ms)
Total WhatsApp operation time: 2649ms
[2026-02-03 21:10:52] Starting page count...
[2026-02-03 21:10:52] 📂 Pasta raiz configurada para contagem: H:/My Drive/XABLAU/
[2026-02-03 21:10:52] 📁 Pastas detectadas para contagem: 9
[2026-02-03 21:10:52] 🔎 Iniciando contagem da pasta: 3.BRUNO (H:/My Drive/XABLAU/3.BRUNO)
[2026-02-03 21:10:52] 🔎 Iniciando contagem da pasta: 1.LEIANES (H:/My Drive/XABLAU/1.LEIANES)
[2026-02-03 21:10:52] 🔎 Iniciando contagem da pasta: 2.EROS (H:/My Drive/XABLAU/2.EROS)
[2026-02-03 21:10:52] 🔎 Iniciando contagem da pasta: 4.MAYA (H:/My Drive/XABLAU/4.MAYA)
[2026-02-03 21:10:52] 🔎 Iniciando contagem da pasta: 5.CUSH (H:/My Drive/XABLAU/5.CUSH)
[2026-02-03 21:10:52] 🔎 Iniciando contagem da pasta: 6.ELIS (H:/My Drive/XABLAU/6.ELIS)
[2026-02-03 21:10:52] 🔎 Iniciando contagem da pasta: 7.NICO (H:/My Drive/XABLAU/7.NICO)
[2026-02-03 21:10:52] 🔎 Iniciando contagem da pasta: 8.JACQUES (H:/My Drive/XABLAU/8.JACQUES)
[2026-02-03 21:10:52] ✅ Contagem concluída: 4.MAYA -> 0 páginas
[2026-02-03 21:10:53] ✅ Contagem concluída: 1.LEIANES -> 782 páginas
[2026-02-03 21:10:54] ✅ Contagem concluída: 6.ELIS -> 607 páginas
[2026-02-03 21:10:59] ✅ Contagem concluída: 7.NICO -> 2792 páginas
[2026-02-03 21:11:01] ✅ Contagem concluída: 8.JACQUES -> 762 páginas
[2026-02-03 21:11:07] ✅ Contagem concluída: 3.BRUNO -> 9291 páginas
[2026-02-03 21:11:08] ✅ Contagem concluída: 2.EROS -> 10011 páginas
[2026-02-03 21:11:08] ✅ Contagem concluída: 5.CUSH -> 10575 páginas
[2026-02-03 21:11:08] 🔎 Iniciando contagem da pasta VICTORIA: 9.VICTORIA/1.RENOMEANDO (H:/My Drive/XABLAU/9.VICTORIA\1.RENOMEANDO)
[2026-02-03 21:11:08] 🔎 Iniciando contagem da pasta VICTORIA: 9.VICTORIA/2.RENOMEADOS (H:/My Drive/XABLAU/9.VICTORIA\2.RENOMEADOS)
[2026-02-03 21:11:11] ✅ Contagem VICTORIA concluída: 9.VICTORIA/1.RENOMEANDO -> 2370 páginas
[2026-02-03 21:11:35] ✅ Contagem VICTORIA concluída: 9.VICTORIA/2.RENOMEADOS -> 31883 páginas
[2026-02-03 21:11:35] ✅ Mensagem liberada para envio: Message differs and cooldown passed
[2026-02-03 21:11:35] 📨 Destino WhatsApp: tipo=group alvo=XABLAU UPDATES
[2026-02-03 21:11:35] ⏱️ Timeout configurado: 140s (inicialização: 60s + mensagem: 30s + ACK: 20s + buffer: 30s)
[2026-02-03 21:11:35] Enviando resultados para WhatsApp...
[2026-02-03 21:11:35] ℹ️ Tamanho da mensagem: 513 caracteres
[2026-02-03 21:11:50] ⏱️ Tempo de execução do WhatsApp: 14.88s
[2026-02-03 21:11:50] ✅ Message sent successfully to WhatsApp!
[2026-02-03 21:11:50] ℹ️ Saída do envio: Initializing WhatsApp client...
📁 Auth directory: D:\Trampo\xablau\XABLAU PROJECT\.wwebjs_auth
✅ Auth directory exists with 1 file(s)
   Files: session
✅ WhatsApp connected! (inicialização levou 3715ms)
Looking for group: XABLAU UPDATES
Sending message to group: XABLAU UPDATES (id: 120363421676358028@g.us)
Sending message (519 characters)...
Message sent successfully! msgId: true_120363421676358028@g.us_3EB0A39990D39E9EE0603D_174462209097938@lid chatId: 120363421676358028@g.us (took 2138ms)
Waiting for delivery ACK...
Ack de entrega recebido (pelo menos chegou ao servidor). (took 333ms)
Total WhatsApp operation time: 2476ms
[2026-02-03 21:44:53] Starting page count...
[2026-02-03 21:44:53] 📂 Pasta raiz configurada para contagem: H:/My Drive/XABLAU/
[2026-02-03 21:44:53] 📁 Pastas detectadas para contagem: 9
[2026-02-03 21:44:53] 🔎 Iniciando contagem da pasta: 3.BRUNO (H:/My Drive/XABLAU/3.BRUNO)
[2026-02-03 21:44:53] 🔎 Iniciando contagem da pasta: 1.LEIANES (H:/My Drive/XABLAU/1.LEIANES)
[2026-02-03 21:44:53] 🔎 Iniciando contagem da pasta: 2.EROS (H:/My Drive/XABLAU/2.EROS)
[2026-02-03 21:44:53] 🔎 Iniciando contagem da pasta: 4.MAYA (H:/My Drive/XABLAU/4.MAYA)
[2026-02-03 21:44:53] 🔎 Iniciando contagem da pasta: 5.CUSH (H:/My Drive/XABLAU/5.CUSH)
[2026-02-03 21:44:53] 🔎 Iniciando contagem da pasta: 6.ELIS (H:/My Drive/XABLAU/6.ELIS)
[2026-02-03 21:44:53] 🔎 Iniciando contagem da pasta: 7.NICO (H:/My Drive/XABLAU/7.NICO)
[2026-02-03 21:44:53] 🔎 Iniciando contagem da pasta: 8.JACQUES (H:/My Drive/XABLAU/8.JACQUES)
[2026-02-03 21:44:53] ✅ Contagem concluída: 4.MAYA -> 0 páginas
[2026-02-03 21:44:54] ✅ Contagem concluída: 1.LEIANES -> 782 páginas
[2026-02-03 21:44:55] ✅ Contagem concluída: 6.ELIS -> 607 páginas
[2026-02-03 21:45:09] ✅ Contagem concluída: 7.NICO -> 2792 páginas
[2026-02-03 21:45:13] ✅ Contagem concluída: 8.JACQUES -> 762 páginas
[2026-02-03 21:45:29] ✅ Contagem concluída: 3.BRUNO -> 9291 páginas
[2026-02-03 21:45:29] ✅ Contagem concluída: 2.EROS -> 10011 páginas
[2026-02-03 21:45:29] ✅ Contagem concluída: 5.CUSH -> 10575 páginas
[2026-02-03 21:45:29] 🔎 Iniciando contagem da pasta VICTORIA: 9.VICTORIA/1.RENOMEANDO (H:/My Drive/XABLAU/9.VICTORIA\1.RENOMEANDO)
[2026-02-03 21:45:29] 🔎 Iniciando contagem da pasta VICTORIA: 9.VICTORIA/2.RENOMEADOS (H:/My Drive/XABLAU/9.VICTORIA\2.RENOMEADOS)
[2026-02-03 21:45:32] ✅ Contagem VICTORIA concluída: 9.VICTORIA/1.RENOMEANDO -> 1783 páginas
[2026-02-03 21:45:56] ✅ Contagem VICTORIA concluída: 9.VICTORIA/2.RENOMEADOS -> 32470 páginas
[2026-02-03 21:45:56] ✅ Mensagem liberada para envio: Message differs and cooldown passed
[2026-02-03 21:45:56] 📨 Destino WhatsApp: tipo=group alvo=XABLAU UPDATES
[2026-02-03 21:45:56] ⏱️ Timeout configurado: 140s (inicialização: 60s + mensagem: 30s + ACK: 20s + buffer: 30s)
[2026-02-03 21:45:56] Enviando resultados para WhatsApp...
[2026-02-03 21:45:56] ℹ️ Tamanho da mensagem: 511 caracteres
[2026-02-03 21:46:04] ⏱️ Tempo de execução do WhatsApp: 7.85s
[2026-02-03 21:46:04] ✅ Message sent successfully to WhatsApp!
[2026-02-03 21:46:04] ℹ️ Saída do envio: Initializing WhatsApp client...
📁 Auth directory: D:\Trampo\xablau\XABLAU PROJECT\.wwebjs_auth
✅ Auth directory exists with 1 file(s)
   Files: session
✅ WhatsApp connected! (inicialização levou 3750ms)
Looking for group: XABLAU UPDATES
Sending message to group: XABLAU UPDATES (id: 120363421676358028@g.us)
Sending message (517 characters)...
Message sent successfully! msgId: true_120363421676358028@g.us_3EB0722D5F91056404F888_174462209097938@lid chatId: 120363421676358028@g.us (took 1912ms)
Waiting for delivery ACK...
Ack de entrega recebido (pelo menos chegou ao servidor). (took 277ms)
Total WhatsApp operation time: 2194ms
[2026-02-03 22:02:04] Starting page count...
[2026-02-03 22:02:04] 📂 Pasta raiz configurada para contagem: H:/My Drive/XABLAU/
[2026-02-03 22:02:04] 📁 Pastas detectadas para contagem: 9
[2026-02-03 22:02:04] 🔎 Iniciando contagem da pasta: 3.BRUNO (H:/My Drive/XABLAU/3.BRUNO)
[2026-02-03 22:02:04] 🔎 Iniciando contagem da pasta: 1.LEIANES (H:/My Drive/XABLAU/1.LEIANES)
[2026-02-03 22:02:04] 🔎 Iniciando contagem da pasta: 2.EROS (H:/My Drive/XABLAU/2.EROS)
[2026-02-03 22:02:04] 🔎 Iniciando contagem da pasta: 4.MAYA (H:/My Drive/XABLAU/4.MAYA)
[2026-02-03 22:02:04] 🔎 Iniciando contagem da pasta: 5.CUSH (H:/My Drive/XABLAU/5.CUSH)
[2026-02-03 22:02:04] 🔎 Iniciando contagem da pasta: 6.ELIS (H:/My Drive/XABLAU/6.ELIS)
[2026-02-03 22:02:04] 🔎 Iniciando contagem da pasta: 7.NICO (H:/My Drive/XABLAU/7.NICO)
[2026-02-03 22:02:04] 🔎 Iniciando contagem da pasta: 8.JACQUES (H:/My Drive/XABLAU/8.JACQUES)
[2026-02-03 22:02:04] ✅ Contagem concluída: 4.MAYA -> 0 páginas
[2026-02-03 22:02:05] ✅ Contagem concluída: 1.LEIANES -> 782 páginas
[2026-02-03 22:02:06] ✅ Contagem concluída: 6.ELIS -> 607 páginas
[2026-02-03 22:02:11] ✅ Contagem concluída: 7.NICO -> 2792 páginas
[2026-02-03 22:02:12] ✅ Contagem concluída: 8.JACQUES -> 762 páginas
[2026-02-03 22:02:18] ✅ Contagem concluída: 3.BRUNO -> 9291 páginas
[2026-02-03 22:02:18] ✅ Contagem concluída: 2.EROS -> 10011 páginas
[2026-02-03 22:02:19] ✅ Contagem concluída: 5.CUSH -> 10575 páginas
[2026-02-03 22:02:19] 🔎 Iniciando contagem da pasta VICTORIA: 9.VICTORIA/1.RENOMEANDO (H:/My Drive/XABLAU/9.VICTORIA\1.RENOMEANDO)
[2026-02-03 22:02:19] 🔎 Iniciando contagem da pasta VICTORIA: 9.VICTORIA/2.RENOMEADOS (H:/My Drive/XABLAU/9.VICTORIA\2.RENOMEADOS)
[2026-02-03 22:02:19] ✅ Contagem VICTORIA concluída: 9.VICTORIA/1.RENOMEANDO -> 348 páginas
[2026-02-03 22:02:45] ✅ Contagem VICTORIA concluída: 9.VICTORIA/2.RENOMEADOS -> 33905 páginas
[2026-02-03 22:02:45] ✅ Mensagem liberada para envio: Message differs and cooldown passed
[2026-02-03 22:02:45] 📨 Destino WhatsApp: tipo=group alvo=XABLAU UPDATES
[2026-02-03 22:02:45] ⏱️ Timeout configurado: 140s (inicialização: 60s + mensagem: 30s + ACK: 20s + buffer: 30s)
[2026-02-03 22:02:45] Enviando resultados para WhatsApp...
[2026-02-03 22:02:45] ℹ️ Tamanho da mensagem: 512 caracteres
[2026-02-03 22:02:52] ⏱️ Tempo de execução do WhatsApp: 7.41s
[2026-02-03 22:02:52] ✅ Message sent successfully to WhatsApp!
[2026-02-03 22:02:52] ℹ️ Saída do envio: Initializing WhatsApp client...
📁 Auth directory: D:\Trampo\xablau\XABLAU PROJECT\.wwebjs_auth
✅ Auth directory exists with 1 file(s)
   Files: session
✅ WhatsApp connected! (inicialização levou 3708ms)
Looking for group: XABLAU UPDATES
Sending message to group: XABLAU UPDATES (id: 120363421676358028@g.us)
Sending message (518 characters)...
Message sent successfully! msgId: true_120363421676358028@g.us_3EB0B62C6028EAAE716447_174462209097938@lid chatId: 120363421676358028@g.us (took 1608ms)
Waiting for delivery ACK...
Ack de entrega recebido (pelo menos chegou ao servidor). (took 219ms)
Total WhatsApp operation time: 1833ms
[2026-02-04 11:51:41] Starting page count...
[2026-02-04 11:51:41] 📂 Pasta raiz configurada para contagem: H:/My Drive/XABLAU/
[2026-02-04 11:51:41] 📁 Pastas detectadas para contagem: 9
[2026-02-04 11:51:41] 🔎 Iniciando contagem da pasta: 3.BRUNO (H:/My Drive/XABLAU/3.BRUNO)
[2026-02-04 11:51:41] 🔎 Iniciando contagem da pasta: 1.LEIANES (H:/My Drive/XABLAU/1.LEIANES)
[2026-02-04 11:51:41] 🔎 Iniciando contagem da pasta: 2.EROS (H:/My Drive/XABLAU/2.EROS)
[2026-02-04 11:51:41] 🔎 Iniciando contagem da pasta: 4.MAYA (H:/My Drive/XABLAU/4.MAYA)
[2026-02-04 11:51:41] 🔎 Iniciando contagem da pasta: 5.CUSH (H:/My Drive/XABLAU/5.CUSH)
[2026-02-04 11:51:41] 🔎 Iniciando contagem da pasta: 6.ELIS (H:/My Drive/XABLAU/6.ELIS)
[2026-02-04 11:51:41] 🔎 Iniciando contagem da pasta: 7.NICO (H:/My Drive/XABLAU/7.NICO)
[2026-02-04 11:51:41] 🔎 Iniciando contagem da pasta: 8.JACQUES (H:/My Drive/XABLAU/8.JACQUES)
[2026-02-04 11:51:41] ✅ Contagem concluída: 4.MAYA -> 0 páginas
[2026-02-04 11:51:46] ✅ Contagem concluída: 1.LEIANES -> 782 páginas
[2026-02-04 11:51:49] ✅ Contagem concluída: 6.ELIS -> 607 páginas
[2026-02-04 11:52:12] ✅ Contagem concluída: 7.NICO -> 2792 páginas
[2026-02-04 11:52:18] ✅ Contagem concluída: 8.JACQUES -> 762 páginas
[2026-02-04 11:52:49] ✅ Contagem concluída: 3.BRUNO -> 9291 páginas
[2026-02-04 11:52:52] ✅ Contagem concluída: 5.CUSH -> 10575 páginas
[2026-02-04 11:52:52] ✅ Contagem concluída: 2.EROS -> 10011 páginas
[2026-02-04 11:52:52] 🔎 Iniciando contagem da pasta VICTORIA: 9.VICTORIA/1.RENOMEANDO (H:/My Drive/XABLAU/9.VICTORIA\1.RENOMEANDO)
[2026-02-04 11:52:52] 🔎 Iniciando contagem da pasta VICTORIA: 9.VICTORIA/2.RENOMEADOS (H:/My Drive/XABLAU/9.VICTORIA\2.RENOMEADOS)
[2026-02-04 11:52:52] ✅ Contagem VICTORIA concluída: 9.VICTORIA/1.RENOMEANDO -> 0 páginas
[2026-02-04 11:54:04] ✅ Contagem VICTORIA concluída: 9.VICTORIA/2.RENOMEADOS -> 34822 páginas
[2026-02-04 11:54:04] ✅ Mensagem liberada para envio: Message differs and cooldown passed
[2026-02-04 11:54:04] 📨 Destino WhatsApp: tipo=group alvo=XABLAU UPDATES
[2026-02-04 11:54:04] ⏱️ Timeout configurado: 140s (inicialização: 60s + mensagem: 30s + ACK: 20s + buffer: 30s)
[2026-02-04 11:54:04] Enviando resultados para WhatsApp...
[2026-02-04 11:54:04] ℹ️ Tamanho da mensagem: 533 caracteres
[2026-02-04 11:54:24] ⏱️ Tempo de execução do WhatsApp: 20.31s
[2026-02-04 11:54:24] ✅ Message sent successfully to WhatsApp!
[2026-02-04 11:54:24] ℹ️ Saída do envio: Initializing WhatsApp client...
📁 Auth directory: D:\Trampo\xablau\XABLAU PROJECT\.wwebjs_auth
✅ Auth directory exists with 1 file(s)
   Files: session
✅ WhatsApp connected! (inicialização levou 8355ms)
Looking for group: XABLAU UPDATES
Sending message to group: XABLAU UPDATES (id: 120363421676358028@g.us)
Sending message (539 characters)...
Message sent successfully! msgId: true_120363421676358028@g.us_3EB0E75ED13459C4EDC64D_174462209097938@lid chatId: 120363421676358028@g.us (took 2918ms)
Waiting for delivery ACK...
Ack de entrega recebido (pelo menos chegou ao servidor). (took 216ms)
Total WhatsApp operation time: 3138ms
[2026-02-04 16:24:56] Starting page count...
[2026-02-04 16:24:56] 📂 Pasta raiz configurada para contagem: H:/My Drive/XABLAU/
[2026-02-04 16:24:56] 📁 Pastas detectadas para contagem: 9
[2026-02-04 16:24:56] 🔎 Iniciando contagem da pasta: 3.BRUNO (H:/My Drive/XABLAU/3.BRUNO)
[2026-02-04 16:24:56] 🔎 Iniciando contagem da pasta: 1.LEIANES (H:/My Drive/XABLAU/1.LEIANES)
[2026-02-04 16:24:56] 🔎 Iniciando contagem da pasta: 2.EROS (H:/My Drive/XABLAU/2.EROS)
[2026-02-04 16:24:56] 🔎 Iniciando contagem da pasta: 4.MAYA (H:/My Drive/XABLAU/4.MAYA)
[2026-02-04 16:24:56] 🔎 Iniciando contagem da pasta: 5.CUSH (H:/My Drive/XABLAU/5.CUSH)
[2026-02-04 16:24:56] 🔎 Iniciando contagem da pasta: 6.ELIS (H:/My Drive/XABLAU/6.ELIS)
[2026-02-04 16:24:56] 🔎 Iniciando contagem da pasta: 7.NICO (H:/My Drive/XABLAU/7.NICO)
[2026-02-04 16:24:56] 🔎 Iniciando contagem da pasta: 8.JACQUES (H:/My Drive/XABLAU/8.JACQUES)
[2026-02-04 16:24:56] ✅ Contagem concluída: 4.MAYA -> 0 páginas
[2026-02-04 16:25:02] ✅ Contagem concluída: 1.LEIANES -> 782 páginas
[2026-02-04 16:25:05] ✅ Contagem concluída: 6.ELIS -> 607 páginas
[2026-02-04 16:25:28] ✅ Contagem concluída: 7.NICO -> 3242 páginas
[2026-02-04 16:25:33] ✅ Contagem concluída: 8.JACQUES -> 762 páginas
[2026-02-04 16:25:57] ✅ Contagem concluída: 3.BRUNO -> 9291 páginas
[2026-02-04 16:26:00] ✅ Contagem concluída: 5.CUSH -> 10575 páginas
[2026-02-04 16:26:00] ✅ Contagem concluída: 2.EROS -> 10011 páginas
[2026-02-04 16:26:00] 🔎 Iniciando contagem da pasta VICTORIA: 9.VICTORIA/1.RENOMEANDO (H:/My Drive/XABLAU/9.VICTORIA\1.RENOMEANDO)
[2026-02-04 16:26:00] 🔎 Iniciando contagem da pasta VICTORIA: 9.VICTORIA/2.RENOMEADOS (H:/My Drive/XABLAU/9.VICTORIA\2.RENOMEADOS)
[2026-02-04 16:26:00] ✅ Contagem VICTORIA concluída: 9.VICTORIA/1.RENOMEANDO -> 0 páginas
[2026-02-04 16:27:16] ✅ Contagem VICTORIA concluída: 9.VICTORIA/2.RENOMEADOS -> 34822 páginas
[2026-02-04 16:27:16] ✅ Mensagem liberada para envio: Message differs and cooldown passed
[2026-02-04 16:27:16] 📨 Destino WhatsApp: tipo=group alvo=XABLAU UPDATES
[2026-02-04 16:27:16] ⏱️ Timeout configurado: 140s (inicialização: 60s + mensagem: 30s + ACK: 20s + buffer: 30s)
[2026-02-04 16:27:16] Enviando resultados para WhatsApp...
[2026-02-04 16:27:16] ℹ️ Tamanho da mensagem: 522 caracteres
[2026-02-04 16:27:32] ⏱️ Tempo de execução do WhatsApp: 15.72s
[2026-02-04 16:27:32] ✅ Message sent successfully to WhatsApp!
[2026-02-04 16:27:32] ℹ️ Saída do envio: Initializing WhatsApp client...
📁 Auth directory: D:\Trampo\xablau\XABLAU PROJECT\.wwebjs_auth
✅ Auth directory exists with 1 file(s)
   Files: session
✅ WhatsApp connected! (inicialização levou 4874ms)
Looking for group: XABLAU UPDATES
Sending message to group: XABLAU UPDATES (id: 120363421676358028@g.us)
Sending message (528 characters)...
Message sent successfully! msgId: true_120363421676358028@g.us_3EB09BC5E0C3A240FA1233_174462209097938@lid chatId: 120363421676358028@g.us (took 1976ms)
Waiting for delivery ACK...
Ack de entrega recebido (pelo menos chegou ao servidor). (took 279ms)
Total WhatsApp operation time: 2260ms
[2026-02-04 16:46:04] Starting page count...
[2026-02-04 16:46:04] 📂 Pasta raiz configurada para contagem: H:/My Drive/XABLAU/
[2026-02-04 16:46:04] 📁 Pastas detectadas para contagem: 9
[2026-02-04 16:46:04] 🔎 Iniciando contagem da pasta: 3.BRUNO (H:/My Drive/XABLAU/3.BRUNO)
[2026-02-04 16:46:04] 🔎 Iniciando contagem da pasta: 1.LEIANES (H:/My Drive/XABLAU/1.LEIANES)
[2026-02-04 16:46:04] 🔎 Iniciando contagem da pasta: 2.EROS (H:/My Drive/XABLAU/2.EROS)
[2026-02-04 16:46:04] 🔎 Iniciando contagem da pasta: 4.MAYA (H:/My Drive/XABLAU/4.MAYA)
[2026-02-04 16:46:04] 🔎 Iniciando contagem da pasta: 5.CUSH (H:/My Drive/XABLAU/5.CUSH)
[2026-02-04 16:46:04] 🔎 Iniciando contagem da pasta: 6.ELIS (H:/My Drive/XABLAU/6.ELIS)
[2026-02-04 16:46:04] 🔎 Iniciando contagem da pasta: 7.NICO (H:/My Drive/XABLAU/7.NICO)
[2026-02-04 16:46:04] 🔎 Iniciando contagem da pasta: 8.JACQUES (H:/My Drive/XABLAU/8.JACQUES)
[2026-02-04 16:46:04] ✅ Contagem concluída: 4.MAYA -> 0 páginas
[2026-02-04 16:46:09] ✅ Contagem concluída: 1.LEIANES -> 782 páginas
[2026-02-04 16:46:13] ✅ Contagem concluída: 6.ELIS -> 607 páginas
[2026-02-04 16:46:39] ✅ Contagem concluída: 7.NICO -> 3242 páginas
[2026-02-04 16:46:43] ✅ Contagem concluída: 8.JACQUES -> 762 páginas
[2026-02-04 16:47:09] ✅ Contagem concluída: 3.BRUNO -> 9291 páginas
[2026-02-04 16:47:12] ✅ Contagem concluída: 5.CUSH -> 10575 páginas
[2026-02-04 16:47:12] ✅ Contagem concluída: 2.EROS -> 10011 páginas
[2026-02-04 16:47:12] 🔎 Iniciando contagem da pasta VICTORIA: 9.VICTORIA/1.RENOMEANDO (H:/My Drive/XABLAU/9.VICTORIA\1.RENOMEANDO)
[2026-02-04 16:47:12] 🔎 Iniciando contagem da pasta VICTORIA: 9.VICTORIA/2.RENOMEADOS (H:/My Drive/XABLAU/9.VICTORIA\2.RENOMEADOS)
[2026-02-04 16:47:12] ✅ Contagem VICTORIA concluída: 9.VICTORIA/1.RENOMEANDO -> 0 páginas
[2026-02-04 16:47:41] ✅ Contagem VICTORIA concluída: 9.VICTORIA/2.RENOMEADOS -> 34822 páginas
[2026-02-04 17:12:45] Starting page count...
[2026-02-04 17:12:45] 📂 Pasta raiz configurada para contagem: H:/My Drive/XABLAU/
[2026-02-04 17:12:45] 📁 Pastas detectadas para contagem: 9
[2026-02-04 17:12:45] 🔎 Iniciando contagem da pasta: 3.BRUNO (H:/My Drive/XABLAU/3.BRUNO)
[2026-02-04 17:12:45] 🔎 Iniciando contagem da pasta: 1.LEIANES (H:/My Drive/XABLAU/1.LEIANES)
[2026-02-04 17:12:45] 🔎 Iniciando contagem da pasta: 2.EROS (H:/My Drive/XABLAU/2.EROS)
[2026-02-04 17:12:45] 🔎 Iniciando contagem da pasta: 4.MAYA (H:/My Drive/XABLAU/4.MAYA)
[2026-02-04 17:12:45] 🔎 Iniciando contagem da pasta: 5.CUSH (H:/My Drive/XABLAU/5.CUSH)
[2026-02-04 17:12:45] 🔎 Iniciando contagem da pasta: 6.ELIS (H:/My Drive/XABLAU/6.ELIS)
[2026-02-04 17:12:45] 🔎 Iniciando contagem da pasta: 7.NICO (H:/My Drive/XABLAU/7.NICO)
[2026-02-04 17:12:45] 🔎 Iniciando contagem da pasta: 8.JACQUES (H:/My Drive/XABLAU/8.JACQUES)
[2026-02-04 17:12:45] ✅ Contagem concluída: 4.MAYA -> 0 páginas
[2026-02-04 17:12:46] ✅ Contagem concluída: 1.LEIANES -> 782 páginas
[2026-02-04 17:12:46] ✅ Contagem concluída: 6.ELIS -> 607 páginas
[2026-02-04 17:12:51] ✅ Contagem concluída: 7.NICO -> 3242 páginas
[2026-02-04 17:12:52] ✅ Contagem concluída: 8.JACQUES -> 762 páginas
[2026-02-04 17:12:57] ✅ Contagem concluída: 3.BRUNO -> 9291 páginas
[2026-02-04 17:12:57] ✅ Contagem concluída: 2.EROS -> 10011 páginas
[2026-02-04 17:12:58] ✅ Contagem concluída: 5.CUSH -> 11285 páginas
[2026-02-04 17:12:58] 🔎 Iniciando contagem da pasta VICTORIA: 9.VICTORIA/1.RENOMEANDO (H:/My Drive/XABLAU/9.VICTORIA\1.RENOMEANDO)
[2026-02-04 17:12:58] 🔎 Iniciando contagem da pasta VICTORIA: 9.VICTORIA/2.RENOMEADOS (H:/My Drive/XABLAU/9.VICTORIA\2.RENOMEADOS)
[2026-02-04 17:12:58] ✅ Contagem VICTORIA concluída: 9.VICTORIA/1.RENOMEANDO -> 0 páginas
[2026-02-04 17:13:21] ✅ Contagem VICTORIA concluída: 9.VICTORIA/2.RENOMEADOS -> 34822 páginas
[2026-02-04 17:13:21] ✅ Mensagem liberada para envio: Message differs and cooldown passed
[2026-02-04 17:13:21] 📨 Destino WhatsApp: tipo=group alvo=XABLAU UPDATES
[2026-02-04 17:13:21] ⏱️ Timeout configurado: 140s (inicialização: 60s + mensagem: 30s + ACK: 20s + buffer: 30s)
[2026-02-04 17:13:21] Enviando resultados para WhatsApp...
[2026-02-04 17:13:21] ℹ️ Tamanho da mensagem: 522 caracteres
[2026-02-04 17:13:34] ⏱️ Tempo de execução do WhatsApp: 12.79s
[2026-02-04 17:13:34] ✅ Message sent successfully to WhatsApp!
[2026-02-04 17:13:34] ℹ️ Saída do envio: Initializing WhatsApp client...
📁 Auth directory: D:\Trampo\xablau\XABLAU PROJECT\.wwebjs_auth
✅ Auth directory exists with 1 file(s)
   Files: session
✅ WhatsApp connected! (inicialização levou 3669ms)
Looking for group: XABLAU UPDATES
Sending message to group: XABLAU UPDATES (id: 120363421676358028@g.us)
Sending message (528 characters)...
Message sent successfully! msgId: true_120363421676358028@g.us_3EB0FC13AE09F90233380B_174462209097938@lid chatId: 120363421676358028@g.us (took 1925ms)
Waiting for delivery ACK...
Ack de entrega recebido (pelo menos chegou ao servidor). (took 245ms)
Total WhatsApp operation time: 2181ms
[2026-02-04 17:16:41] Starting page count...
[2026-02-04 17:16:41] 📂 Pasta raiz configurada para contagem: H:/My Drive/XABLAU/
[2026-02-04 17:16:41] 📁 Pastas detectadas para contagem: 9
[2026-02-04 17:16:41] 🔎 Iniciando contagem da pasta: 3.BRUNO (H:/My Drive/XABLAU/3.BRUNO)
[2026-02-04 17:16:41] 🔎 Iniciando contagem da pasta: 1.LEIANES (H:/My Drive/XABLAU/1.LEIANES)
[2026-02-04 17:16:41] 🔎 Iniciando contagem da pasta: 2.EROS (H:/My Drive/XABLAU/2.EROS)
[2026-02-04 17:16:41] 🔎 Iniciando contagem da pasta: 4.MAYA (H:/My Drive/XABLAU/4.MAYA)
[2026-02-04 17:16:41] 🔎 Iniciando contagem da pasta: 5.CUSH (H:/My Drive/XABLAU/5.CUSH)
[2026-02-04 17:16:41] 🔎 Iniciando contagem da pasta: 6.ELIS (H:/My Drive/XABLAU/6.ELIS)
[2026-02-04 17:16:41] 🔎 Iniciando contagem da pasta: 7.NICO (H:/My Drive/XABLAU/7.NICO)
[2026-02-04 17:16:41] 🔎 Iniciando contagem da pasta: 8.JACQUES (H:/My Drive/XABLAU/8.JACQUES)
[2026-02-04 17:16:41] ✅ Contagem concluída: 4.MAYA -> 0 páginas
[2026-02-04 17:16:42] ✅ Contagem concluída: 1.LEIANES -> 782 páginas
[2026-02-04 17:16:43] ✅ Contagem concluída: 6.ELIS -> 607 páginas
[2026-02-04 17:16:48] ✅ Contagem concluída: 7.NICO -> 3242 páginas
[2026-02-04 17:16:48] ✅ Contagem concluída: 8.JACQUES -> 762 páginas
[2026-02-04 17:16:53] ✅ Contagem concluída: 3.BRUNO -> 9291 páginas
[2026-02-04 17:16:54] ✅ Contagem concluída: 2.EROS -> 10011 páginas
[2026-02-04 17:16:54] ✅ Contagem concluída: 5.CUSH -> 11285 páginas
[2026-02-04 17:16:54] 🔎 Iniciando contagem da pasta VICTORIA: 9.VICTORIA/1.RENOMEANDO (H:/My Drive/XABLAU/9.VICTORIA\1.RENOMEANDO)
[2026-02-04 17:16:54] 🔎 Iniciando contagem da pasta VICTORIA: 9.VICTORIA/2.RENOMEADOS (H:/My Drive/XABLAU/9.VICTORIA\2.RENOMEADOS)
[2026-02-04 17:16:54] ✅ Contagem VICTORIA concluída: 9.VICTORIA/1.RENOMEANDO -> 0 páginas
[2026-02-04 17:17:17] ✅ Contagem VICTORIA concluída: 9.VICTORIA/2.RENOMEADOS -> 34822 páginas
[2026-02-04 18:14:22] Starting page count...
[2026-02-04 18:14:22] 📂 Pasta raiz configurada para contagem: H:/My Drive/XABLAU/
[2026-02-04 18:14:22] 📁 Pastas detectadas para contagem: 9
[2026-02-04 18:14:22] 🔎 Iniciando contagem da pasta: 3.BRUNO (H:/My Drive/XABLAU/3.BRUNO)
[2026-02-04 18:14:22] 🔎 Iniciando contagem da pasta: 1.LEIANES (H:/My Drive/XABLAU/1.LEIANES)
[2026-02-04 18:14:22] 🔎 Iniciando contagem da pasta: 2.EROS (H:/My Drive/XABLAU/2.EROS)
[2026-02-04 18:14:22] 🔎 Iniciando contagem da pasta: 4.MAYA (H:/My Drive/XABLAU/4.MAYA)
[2026-02-04 18:14:22] 🔎 Iniciando contagem da pasta: 5.CUSH (H:/My Drive/XABLAU/5.CUSH)
[2026-02-04 18:14:22] 🔎 Iniciando contagem da pasta: 6.ELIS (H:/My Drive/XABLAU/6.ELIS)
[2026-02-04 18:14:22] 🔎 Iniciando contagem da pasta: 7.NICO (H:/My Drive/XABLAU/7.NICO)
[2026-02-04 18:14:22] 🔎 Iniciando contagem da pasta: 8.JACQUES (H:/My Drive/XABLAU/8.JACQUES)
[2026-02-04 18:14:22] ✅ Contagem concluída: 4.MAYA -> 0 páginas
[2026-02-04 18:14:23] ✅ Contagem concluída: 1.LEIANES -> 782 páginas
[2026-02-04 18:14:23] ✅ Contagem concluída: 6.ELIS -> 607 páginas
[2026-02-04 18:14:28] ✅ Contagem concluída: 7.NICO -> 3242 páginas
[2026-02-04 18:14:29] ✅ Contagem concluída: 8.JACQUES -> 1261 páginas
[2026-02-04 18:14:33] ✅ Contagem concluída: 3.BRUNO -> 9291 páginas
[2026-02-04 18:14:34] ✅ Contagem concluída: 2.EROS -> 10011 páginas
[2026-02-04 18:14:35] ✅ Contagem concluída: 5.CUSH -> 11285 páginas
[2026-02-04 18:14:35] 🔎 Iniciando contagem da pasta VICTORIA: 9.VICTORIA/1.RENOMEANDO (H:/My Drive/XABLAU/9.VICTORIA\1.RENOMEANDO)
[2026-02-04 18:14:35] 🔎 Iniciando contagem da pasta VICTORIA: 9.VICTORIA/2.RENOMEADOS (H:/My Drive/XABLAU/9.VICTORIA\2.RENOMEADOS)
[2026-02-04 18:14:35] ✅ Contagem VICTORIA concluída: 9.VICTORIA/1.RENOMEANDO -> 0 páginas
[2026-02-04 18:14:56] ✅ Contagem VICTORIA concluída: 9.VICTORIA/2.RENOMEADOS -> 34822 páginas
[2026-02-04 18:14:56] ✅ Mensagem liberada para envio: Message differs and cooldown passed
[2026-02-04 18:14:56] 📨 Destino WhatsApp: tipo=group alvo=XABLAU UPDATES
[2026-02-04 18:14:56] ⏱️ Timeout configurado: 140s (inicialização: 60s + mensagem: 30s + ACK: 20s + buffer: 30s)
[2026-02-04 18:14:56] Enviando resultados para WhatsApp...
[2026-02-04 18:14:56] ℹ️ Tamanho da mensagem: 526 caracteres
[2026-02-04 18:15:02] ⏱️ Tempo de execução do WhatsApp: 6.17s
[2026-02-04 18:15:02] ✅ Message sent successfully to WhatsApp!
[2026-02-04 18:15:02] ℹ️ Saída do envio: Initializing WhatsApp client...
📁 Auth directory: D:\Trampo\xablau\XABLAU PROJECT\.wwebjs_auth
✅ Auth directory exists with 1 file(s)
   Files: session
✅ WhatsApp connected! (inicialização levou 2769ms)
Looking for group: XABLAU UPDATES
Sending message to group: XABLAU UPDATES (id: 120363421676358028@g.us)
Sending message (532 characters)...
Message sent successfully! msgId: true_120363421676358028@g.us_3EB09BE63DA13FB31C9DFD_174462209097938@lid chatId: 120363421676358028@g.us (took 1672ms)
Waiting for delivery ACK...
Ack de entrega recebido (pelo menos chegou ao servidor). (took 211ms)
Total WhatsApp operation time: 1887ms
[2026-02-04 18:18:13] Starting page count...
[2026-02-04 18:18:13] 📂 Pasta raiz configurada para contagem: H:/My Drive/XABLAU/
[2026-02-04 18:18:13] 📁 Pastas detectadas para contagem: 9
[2026-02-04 18:18:13] 🔎 Iniciando contagem da pasta: 3.BRUNO (H:/My Drive/XABLAU/3.BRUNO)
[2026-02-04 18:18:13] 🔎 Iniciando contagem da pasta: 1.LEIANES (H:/My Drive/XABLAU/1.LEIANES)
[2026-02-04 18:18:13] 🔎 Iniciando contagem da pasta: 2.EROS (H:/My Drive/XABLAU/2.EROS)
[2026-02-04 18:18:13] 🔎 Iniciando contagem da pasta: 4.MAYA (H:/My Drive/XABLAU/4.MAYA)
[2026-02-04 18:18:13] 🔎 Iniciando contagem da pasta: 5.CUSH (H:/My Drive/XABLAU/5.CUSH)
[2026-02-04 18:18:13] 🔎 Iniciando contagem da pasta: 6.ELIS (H:/My Drive/XABLAU/6.ELIS)
[2026-02-04 18:18:13] 🔎 Iniciando contagem da pasta: 7.NICO (H:/My Drive/XABLAU/7.NICO)
[2026-02-04 18:18:13] 🔎 Iniciando contagem da pasta: 8.JACQUES (H:/My Drive/XABLAU/8.JACQUES)
[2026-02-04 18:18:13] ✅ Contagem concluída: 4.MAYA -> 0 páginas
[2026-02-04 18:18:14] ✅ Contagem concluída: 1.LEIANES -> 782 páginas
[2026-02-04 18:18:15] ✅ Contagem concluída: 6.ELIS -> 607 páginas
[2026-02-04 18:18:19] ✅ Contagem concluída: 7.NICO -> 3242 páginas
[2026-02-04 18:18:21] ✅ Contagem concluída: 8.JACQUES -> 1314 páginas
[2026-02-04 18:18:25] ✅ Contagem concluída: 3.BRUNO -> 9291 páginas
[2026-02-04 18:18:25] ✅ Contagem concluída: 2.EROS -> 10011 páginas
[2026-02-04 18:18:26] ✅ Contagem concluída: 5.CUSH -> 11285 páginas
[2026-02-04 18:18:26] 🔎 Iniciando contagem da pasta VICTORIA: 9.VICTORIA/1.RENOMEANDO (H:/My Drive/XABLAU/9.VICTORIA\1.RENOMEANDO)
[2026-02-04 18:18:26] 🔎 Iniciando contagem da pasta VICTORIA: 9.VICTORIA/2.RENOMEADOS (H:/My Drive/XABLAU/9.VICTORIA\2.RENOMEADOS)
[2026-02-04 18:18:26] ✅ Contagem VICTORIA concluída: 9.VICTORIA/1.RENOMEANDO -> 0 páginas
[2026-02-04 18:18:47] ✅ Contagem VICTORIA concluída: 9.VICTORIA/2.RENOMEADOS -> 34822 páginas
[2026-02-04 18:18:47] ✅ Mensagem liberada para envio: Message differs and cooldown passed
[2026-02-04 18:18:47] 📨 Destino WhatsApp: tipo=group alvo=XABLAU UPDATES
[2026-02-04 18:18:47] ⏱️ Timeout configurado: 140s (inicialização: 60s + mensagem: 30s + ACK: 20s + buffer: 30s)
[2026-02-04 18:18:47] Enviando resultados para WhatsApp...
[2026-02-04 18:18:47] ℹ️ Tamanho da mensagem: 524 caracteres
[2026-02-04 18:18:53] ⏱️ Tempo de execução do WhatsApp: 5.58s
[2026-02-04 18:18:53] ✅ Message sent successfully to WhatsApp!
[2026-02-04 18:18:53] ℹ️ Saída do envio: Initializing WhatsApp client...
📁 Auth directory: D:\Trampo\xablau\XABLAU PROJECT\.wwebjs_auth
✅ Auth directory exists with 1 file(s)
   Files: session
✅ WhatsApp connected! (inicialização levou 2581ms)
Looking for group: XABLAU UPDATES
Sending message to group: XABLAU UPDATES (id: 120363421676358028@g.us)
Sending message (530 characters)...
Message sent successfully! msgId: true_120363421676358028@g.us_3EB068D8886437CFD3D498_174462209097938@lid chatId: 120363421676358028@g.us (took 1287ms)
Waiting for delivery ACK...
Ack de entrega recebido (pelo menos chegou ao servidor). (took 209ms)
Total WhatsApp operation time: 1500ms
[2026-02-04 18:23:59] Starting page count...
[2026-02-04 18:23:59] 📂 Pasta raiz configurada para contagem: H:/My Drive/XABLAU/
[2026-02-04 18:23:59] 📁 Pastas detectadas para contagem: 9
[2026-02-04 18:23:59] 🔎 Iniciando contagem da pasta: 3.BRUNO (H:/My Drive/XABLAU/3.BRUNO)
[2026-02-04 18:23:59] 🔎 Iniciando contagem da pasta: 1.LEIANES (H:/My Drive/XABLAU/1.LEIANES)
[2026-02-04 18:23:59] 🔎 Iniciando contagem da pasta: 2.EROS (H:/My Drive/XABLAU/2.EROS)
[2026-02-04 18:23:59] 🔎 Iniciando contagem da pasta: 4.MAYA (H:/My Drive/XABLAU/4.MAYA)
[2026-02-04 18:23:59] 🔎 Iniciando contagem da pasta: 5.CUSH (H:/My Drive/XABLAU/5.CUSH)
[2026-02-04 18:23:59] 🔎 Iniciando contagem da pasta: 6.ELIS (H:/My Drive/XABLAU/6.ELIS)
[2026-02-04 18:23:59] 🔎 Iniciando contagem da pasta: 7.NICO (H:/My Drive/XABLAU/7.NICO)
[2026-02-04 18:23:59] 🔎 Iniciando contagem da pasta: 8.JACQUES (H:/My Drive/XABLAU/8.JACQUES)
[2026-02-04 18:23:59] ✅ Contagem concluída: 4.MAYA -> 0 páginas
[2026-02-04 18:24:00] ✅ Contagem concluída: 1.LEIANES -> 782 páginas
[2026-02-04 18:24:00] ✅ Contagem concluída: 6.ELIS -> 607 páginas
[2026-02-04 18:24:05] ✅ Contagem concluída: 7.NICO -> 3242 páginas
[2026-02-04 18:24:07] ✅ Contagem concluída: 8.JACQUES -> 1314 páginas
[2026-02-04 18:24:10] ✅ Contagem concluída: 3.BRUNO -> 9291 páginas
[2026-02-04 18:24:11] ✅ Contagem concluída: 2.EROS -> 10011 páginas
[2026-02-04 18:24:12] ✅ Contagem concluída: 5.CUSH -> 11285 páginas
[2026-02-04 18:24:12] 🔎 Iniciando contagem da pasta VICTORIA: 9.VICTORIA/1.RENOMEANDO (H:/My Drive/XABLAU/9.VICTORIA\1.RENOMEANDO)
[2026-02-04 18:24:12] 🔎 Iniciando contagem da pasta VICTORIA: 9.VICTORIA/2.RENOMEADOS (H:/My Drive/XABLAU/9.VICTORIA\2.RENOMEADOS)
[2026-02-04 18:24:12] ✅ Contagem VICTORIA concluída: 9.VICTORIA/1.RENOMEANDO -> 0 páginas
[2026-02-04 18:24:33] ✅ Contagem VICTORIA concluída: 9.VICTORIA/2.RENOMEADOS -> 34822 páginas
[2026-02-04 18:42:12] Starting page count...
[2026-02-04 18:42:12] 📂 Pasta raiz configurada para contagem: H:/My Drive/XABLAU/
[2026-02-04 18:42:12] 📁 Pastas detectadas para contagem: 9
[2026-02-04 18:42:12] 🔎 Iniciando contagem da pasta: 3.BRUNO (H:/My Drive/XABLAU/3.BRUNO)
[2026-02-04 18:42:12] 🔎 Iniciando contagem da pasta: 1.LEIANES (H:/My Drive/XABLAU/1.LEIANES)
[2026-02-04 18:42:12] 🔎 Iniciando contagem da pasta: 2.EROS (H:/My Drive/XABLAU/2.EROS)
[2026-02-04 18:42:12] 🔎 Iniciando contagem da pasta: 4.MAYA (H:/My Drive/XABLAU/4.MAYA)
[2026-02-04 18:42:12] 🔎 Iniciando contagem da pasta: 5.CUSH (H:/My Drive/XABLAU/5.CUSH)
[2026-02-04 18:42:12] 🔎 Iniciando contagem da pasta: 6.ELIS (H:/My Drive/XABLAU/6.ELIS)
[2026-02-04 18:42:12] 🔎 Iniciando contagem da pasta: 7.NICO (H:/My Drive/XABLAU/7.NICO)
[2026-02-04 18:42:12] 🔎 Iniciando contagem da pasta: 8.JACQUES (H:/My Drive/XABLAU/8.JACQUES)
[2026-02-04 18:42:12] ✅ Contagem concluída: 4.MAYA -> 0 páginas
[2026-02-04 18:42:13] ✅ Contagem concluída: 1.LEIANES -> 782 páginas
[2026-02-04 18:42:13] ✅ Contagem concluída: 6.ELIS -> 607 páginas
[2026-02-04 18:42:18] ✅ Contagem concluída: 7.NICO -> 3242 páginas
[2026-02-04 18:42:20] ✅ Contagem concluída: 8.JACQUES -> 1906 páginas
[2026-02-04 18:42:24] ✅ Contagem concluída: 3.BRUNO -> 9291 páginas
[2026-02-04 18:42:24] ✅ Contagem concluída: 2.EROS -> 10011 páginas
[2026-02-04 18:42:25] ✅ Contagem concluída: 5.CUSH -> 11285 páginas
[2026-02-04 18:42:25] 🔎 Iniciando contagem da pasta VICTORIA: 9.VICTORIA/1.RENOMEANDO (H:/My Drive/XABLAU/9.VICTORIA\1.RENOMEANDO)
[2026-02-04 18:42:25] 🔎 Iniciando contagem da pasta VICTORIA: 9.VICTORIA/2.RENOMEADOS (H:/My Drive/XABLAU/9.VICTORIA\2.RENOMEADOS)
[2026-02-04 18:42:25] ✅ Contagem VICTORIA concluída: 9.VICTORIA/1.RENOMEANDO -> 0 páginas
[2026-02-04 18:42:47] ✅ Contagem VICTORIA concluída: 9.VICTORIA/2.RENOMEADOS -> 34822 páginas
[2026-02-04 18:42:47] ✅ Mensagem liberada para envio: Message differs and cooldown passed
[2026-02-04 18:42:47] 📨 Destino WhatsApp: tipo=group alvo=XABLAU UPDATES
[2026-02-04 18:42:47] ⏱️ Timeout configurado: 140s (inicialização: 60s + mensagem: 30s + ACK: 20s + buffer: 30s)
[2026-02-04 18:42:47] Enviando resultados para WhatsApp...
[2026-02-04 18:42:47] ℹ️ Tamanho da mensagem: 526 caracteres
[2026-02-04 18:42:53] ⏱️ Tempo de execução do WhatsApp: 6.83s
[2026-02-04 18:42:53] ✅ Message sent successfully to WhatsApp!
[2026-02-04 18:42:53] ℹ️ Saída do envio: Initializing WhatsApp client...
📁 Auth directory: D:\Trampo\xablau\XABLAU PROJECT\.wwebjs_auth
✅ Auth directory exists with 1 file(s)
   Files: session
✅ WhatsApp connected! (inicialização levou 2546ms)
Looking for group: XABLAU UPDATES
Sending message to group: XABLAU UPDATES (id: 120363421676358028@g.us)
Sending message (532 characters)...
Message sent successfully! msgId: true_120363421676358028@g.us_3EB00E5D353F3DBCA2A2E3_174462209097938@lid chatId: 120363421676358028@g.us (took 2531ms)
Waiting for delivery ACK...
Ack de entrega recebido (pelo menos chegou ao servidor). (took 261ms)
Total WhatsApp operation time: 2796ms
[2026-02-05 15:59:01] Starting page count...
[2026-02-05 15:59:01] 📂 Pasta raiz configurada para contagem: G:/My Drive/XABLAU/
[2026-02-05 15:59:01] 📁 Pastas detectadas para contagem: 9
[2026-02-05 15:59:01] 🔎 Iniciando contagem da pasta: 3.BRUNO (G:/My Drive/XABLAU/3.BRUNO)
[2026-02-05 15:59:01] 🔎 Iniciando contagem da pasta: 1.LEIANES (G:/My Drive/XABLAU/1.LEIANES)
[2026-02-05 15:59:01] 🔎 Iniciando contagem da pasta: 2.EROS (G:/My Drive/XABLAU/2.EROS)
[2026-02-05 15:59:01] 🔎 Iniciando contagem da pasta: 4.MAYA (G:/My Drive/XABLAU/4.MAYA)
[2026-02-05 15:59:01] 🔎 Iniciando contagem da pasta: 5.CUSH (G:/My Drive/XABLAU/5.CUSH)
[2026-02-05 15:59:01] 🔎 Iniciando contagem da pasta: 6.ELIS (G:/My Drive/XABLAU/6.ELIS)
[2026-02-05 15:59:01] 🔎 Iniciando contagem da pasta: 7.NICO (G:/My Drive/XABLAU/7.NICO)
[2026-02-05 15:59:01] 🔎 Iniciando contagem da pasta: 8.JACQUES (G:/My Drive/XABLAU/8.JACQUES)
[2026-02-05 15:59:01] ✅ Contagem concluída: 4.MAYA -> 0 páginas
[2026-02-05 15:59:07] ✅ Contagem concluída: 1.LEIANES -> 782 páginas
[2026-02-05 15:59:11] ✅ Contagem concluída: 6.ELIS -> 607 páginas
[2026-02-05 15:59:37] ✅ Contagem concluída: 7.NICO -> 3242 páginas
[2026-02-05 15:59:52] ✅ Contagem concluída: 8.JACQUES -> 1906 páginas
[2026-02-05 16:00:16] ✅ Contagem concluída: 3.BRUNO -> 10175 páginas
[2026-02-05 16:00:16] ✅ Contagem concluída: 2.EROS -> 10011 páginas
[2026-02-05 16:00:17] ✅ Contagem concluída: 5.CUSH -> 11285 páginas
[2026-02-05 16:00:17] 🔎 Iniciando contagem da pasta VICTORIA: 9.VICTORIA/1.RENOMEANDO (G:/My Drive/XABLAU/9.VICTORIA\1.RENOMEANDO)
[2026-02-05 16:00:17] 🔎 Iniciando contagem da pasta VICTORIA: 9.VICTORIA/2.RENOMEADOS (G:/My Drive/XABLAU/9.VICTORIA\2.RENOMEADOS)
[2026-02-05 16:00:17] ✅ Contagem VICTORIA concluída: 9.VICTORIA/1.RENOMEANDO -> 0 páginas
[2026-02-05 16:01:44] ✅ Contagem VICTORIA concluída: 9.VICTORIA/2.RENOMEADOS -> 35532 páginas
[2026-02-05 16:01:44] ✅ Mensagem liberada para envio: Message differs and cooldown passed
[2026-02-05 16:01:44] 📨 Destino WhatsApp: tipo=group alvo=XABLAU UPDATES
[2026-02-05 16:01:44] ⏱️ Timeout configurado: 140s (inicialização: 60s + mensagem: 30s + ACK: 20s + buffer: 30s)
[2026-02-05 16:01:44] Enviando resultados para WhatsApp...
[2026-02-05 16:01:44] ℹ️ Tamanho da mensagem: 557 caracteres
[2026-02-05 16:01:59] ⏱️ Tempo de execução do WhatsApp: 14.61s
[2026-02-05 16:01:59] ✅ Message sent successfully to WhatsApp!
[2026-02-05 16:01:59] ℹ️ Saída do envio: Initializing WhatsApp client...
📁 Auth directory: D:\Trampo\xablau\XABLAU PROJECT\.wwebjs_auth
✅ Auth directory exists with 1 file(s)
   Files: session
✅ WhatsApp connected! (inicialização levou 3530ms)
Looking for group: XABLAU UPDATES
Sending message to group: XABLAU UPDATES (id: 120363421676358028@g.us)
Sending message (563 characters)...
Message sent successfully! msgId: true_120363421676358028@g.us_3EB0A298BE0C3D5CB6B163_174462209097938@lid chatId: 120363421676358028@g.us (took 2329ms)
Waiting for delivery ACK...
Ack de entrega recebido (pelo menos chegou ao servidor). (took 219ms)
Total WhatsApp operation time: 2552ms
[2026-02-06 11:02:42] Starting page count...
[2026-02-06 11:02:42] 📂 Pasta raiz configurada para contagem: G:/My Drive/XABLAU/
[2026-02-06 11:02:42] 📁 Pastas detectadas para contagem: 9
[2026-02-06 11:02:42] 🔎 Iniciando contagem da pasta: 3.BRUNO (G:/My Drive/XABLAU/3.BRUNO)
[2026-02-06 11:02:42] 🔎 Iniciando contagem da pasta: 1.LEIANES (G:/My Drive/XABLAU/1.LEIANES)
[2026-02-06 11:02:42] 🔎 Iniciando contagem da pasta: 2.EROS (G:/My Drive/XABLAU/2.EROS)
[2026-02-06 11:02:42] 🔎 Iniciando contagem da pasta: 4.MAYA (G:/My Drive/XABLAU/4.MAYA)
[2026-02-06 11:02:42] 🔎 Iniciando contagem da pasta: 5.CUSH (G:/My Drive/XABLAU/5.CUSH)
[2026-02-06 11:02:42] 🔎 Iniciando contagem da pasta: 6.ELIS (G:/My Drive/XABLAU/6.ELIS)
[2026-02-06 11:02:42] 🔎 Iniciando contagem da pasta: 7.NICO (G:/My Drive/XABLAU/7.NICO)
[2026-02-06 11:02:42] 🔎 Iniciando contagem da pasta: 8.JACQUES (G:/My Drive/XABLAU/8.JACQUES)
[2026-02-06 11:02:42] ✅ Contagem concluída: 4.MAYA -> 0 páginas
[2026-02-06 11:02:49] ✅ Contagem concluída: 1.LEIANES -> 782 páginas
[2026-02-06 11:02:54] ✅ Contagem concluída: 6.ELIS -> 607 páginas
[2026-02-06 11:03:20] ✅ Contagem concluída: 7.NICO -> 3242 páginas
[2026-02-06 11:03:35] ✅ Contagem concluída: 8.JACQUES -> 1906 páginas
[2026-02-06 11:03:57] ✅ Contagem concluída: 3.BRUNO -> 10175 páginas
[2026-02-06 11:03:57] ✅ Contagem concluída: 2.EROS -> 10011 páginas
[2026-02-06 11:03:59] ✅ Contagem concluída: 5.CUSH -> 12793 páginas
[2026-02-06 11:03:59] 🔎 Iniciando contagem da pasta VICTORIA: 9.VICTORIA/1.RENOMEANDO (G:/My Drive/XABLAU/9.VICTORIA\1.RENOMEANDO)
[2026-02-06 11:03:59] 🔎 Iniciando contagem da pasta VICTORIA: 9.VICTORIA/2.RENOMEADOS (G:/My Drive/XABLAU/9.VICTORIA\2.RENOMEADOS)
[2026-02-06 11:03:59] ✅ Contagem VICTORIA concluída: 9.VICTORIA/1.RENOMEANDO -> 0 páginas
[2026-02-06 11:05:15] ✅ Contagem VICTORIA concluída: 9.VICTORIA/2.RENOMEADOS -> 35532 páginas
[2026-02-06 11:05:15] ✅ Mensagem liberada para envio: Message differs and cooldown passed
[2026-02-06 11:05:15] 📨 Destino WhatsApp: tipo=group alvo=XABLAU UPDATES
[2026-02-06 11:05:15] ⏱️ Timeout configurado: 140s (inicialização: 60s + mensagem: 30s + ACK: 20s + buffer: 30s)
[2026-02-06 11:05:15] Enviando resultados para WhatsApp...
[2026-02-06 11:05:15] ℹ️ Tamanho da mensagem: 526 caracteres
[2026-02-06 11:05:34] ⏱️ Tempo de execução do WhatsApp: 19.05s
[2026-02-06 11:05:34] ✅ Message sent successfully to WhatsApp!
[2026-02-06 11:05:34] ℹ️ Saída do envio: Initializing WhatsApp client...
📁 Auth directory: D:\Trampo\xablau\XABLAU PROJECT\.wwebjs_auth
✅ Auth directory exists with 1 file(s)
   Files: session
✅ WhatsApp connected! (inicialização levou 5055ms)
Looking for group: XABLAU UPDATES
Sending message to group: XABLAU UPDATES (id: 120363421676358028@g.us)
Sending message (532 characters)...
Message sent successfully! msgId: true_120363421676358028@g.us_3EB025911E7CB6CBF56C60_174462209097938@lid chatId: 120363421676358028@g.us (took 2418ms)
Waiting for delivery ACK...
Ack de entrega recebido (pelo menos chegou ao servidor). (took 219ms)
Total WhatsApp operation time: 2642ms
[2026-02-08 00:58:07] Starting page count...
[2026-02-08 00:58:07] 📂 Pasta raiz configurada para contagem: G:/My Drive/XABLAU/
[2026-02-08 00:58:07] 📁 Pastas detectadas para contagem: 9
[2026-02-08 00:58:07] 🔎 Iniciando contagem da pasta: 3.BRUNO (G:/My Drive/XABLAU/3.BRUNO)
[2026-02-08 00:58:07] 🔎 Iniciando contagem da pasta: 1.LEIANES (G:/My Drive/XABLAU/1.LEIANES)
[2026-02-08 00:58:07] 🔎 Iniciando contagem da pasta: 2.EROS (G:/My Drive/XABLAU/2.EROS)
[2026-02-08 00:58:07] 🔎 Iniciando contagem da pasta: 4.MAYA (G:/My Drive/XABLAU/4.MAYA)
[2026-02-08 00:58:07] 🔎 Iniciando contagem da pasta: 5.CUSH (G:/My Drive/XABLAU/5.CUSH)
[2026-02-08 00:58:07] 🔎 Iniciando contagem da pasta: 6.ELIS (G:/My Drive/XABLAU/6.ELIS)
[2026-02-08 00:58:07] 🔎 Iniciando contagem da pasta: 7.NICO (G:/My Drive/XABLAU/7.NICO)
[2026-02-08 00:58:07] 🔎 Iniciando contagem da pasta: 8.JACQUES (G:/My Drive/XABLAU/8.JACQUES)
[2026-02-08 00:58:07] ✅ Contagem concluída: 4.MAYA -> 0 páginas
[2026-02-08 00:58:13] ✅ Contagem concluída: 1.LEIANES -> 782 páginas
[2026-02-08 00:58:17] ✅ Contagem concluída: 6.ELIS -> 607 páginas
[2026-02-08 00:58:41] ✅ Contagem concluída: 7.NICO -> 3242 páginas
[2026-02-08 00:58:54] ✅ Contagem concluída: 8.JACQUES -> 1906 páginas
[2026-02-08 00:59:16] ✅ Contagem concluída: 3.BRUNO -> 10175 páginas
[2026-02-08 00:59:16] ✅ Contagem concluída: 2.EROS -> 10011 páginas
[2026-02-08 00:59:20] ✅ Contagem concluída: 5.CUSH -> 12793 páginas
[2026-02-08 00:59:20] 🔎 Iniciando contagem da pasta VICTORIA: 9.VICTORIA/1.RENOMEANDO (G:/My Drive/XABLAU/9.VICTORIA\1.RENOMEANDO)
[2026-02-08 00:59:20] 🔎 Iniciando contagem da pasta VICTORIA: 9.VICTORIA/2.RENOMEADOS (G:/My Drive/XABLAU/9.VICTORIA\2.RENOMEADOS)
[2026-02-08 00:59:20] ✅ Contagem VICTORIA concluída: 9.VICTORIA/1.RENOMEANDO -> 0 páginas
[2026-02-08 01:00:28] ✅ Contagem VICTORIA concluída: 9.VICTORIA/2.RENOMEADOS -> 35532 páginas
[2026-02-09 09:59:24] Starting page count...
[2026-02-09 09:59:24] 📂 Pasta raiz configurada para contagem: G:/My Drive/XABLAU/
[2026-02-09 09:59:24] 📁 Pastas detectadas para contagem: 9
[2026-02-09 09:59:24] 🔎 Iniciando contagem da pasta: 3.BRUNO (G:/My Drive/XABLAU/3.BRUNO)
[2026-02-09 09:59:24] 🔎 Iniciando contagem da pasta: 1.LEIANES (G:/My Drive/XABLAU/1.LEIANES)
[2026-02-09 09:59:24] 🔎 Iniciando contagem da pasta: 2.EROS (G:/My Drive/XABLAU/2.EROS)
[2026-02-09 09:59:24] 🔎 Iniciando contagem da pasta: 4.MAYA (G:/My Drive/XABLAU/4.MAYA)
[2026-02-09 09:59:24] 🔎 Iniciando contagem da pasta: 5.CUSH (G:/My Drive/XABLAU/5.CUSH)
[2026-02-09 09:59:24] 🔎 Iniciando contagem da pasta: 6.ELIS (G:/My Drive/XABLAU/6.ELIS)
[2026-02-09 09:59:24] 🔎 Iniciando contagem da pasta: 7.NICO (G:/My Drive/XABLAU/7.NICO)
[2026-02-09 09:59:24] 🔎 Iniciando contagem da pasta: 8.JACQUES (G:/My Drive/XABLAU/8.JACQUES)
[2026-02-09 09:59:24] ✅ Contagem concluída: 4.MAYA -> 0 páginas
[2026-02-09 09:59:29] ✅ Contagem concluída: 1.LEIANES -> 782 páginas
[2026-02-09 09:59:33] ✅ Contagem concluída: 6.ELIS -> 607 páginas
[2026-02-09 09:59:54] ✅ Contagem concluída: 7.NICO -> 3242 páginas
[2026-02-09 10:00:07] ✅ Contagem concluída: 8.JACQUES -> 1906 páginas
[2026-02-09 10:00:28] ✅ Contagem concluída: 3.BRUNO -> 10175 páginas
[2026-02-09 10:00:29] ✅ Contagem concluída: 2.EROS -> 10011 páginas
[2026-02-09 10:00:32] ✅ Contagem concluída: 5.CUSH -> 12793 páginas
[2026-02-09 10:00:32] 🔎 Iniciando contagem da pasta VICTORIA: 9.VICTORIA/1.RENOMEANDO (G:/My Drive/XABLAU/9.VICTORIA\1.RENOMEANDO)
[2026-02-09 10:00:32] 🔎 Iniciando contagem da pasta VICTORIA: 9.VICTORIA/2.RENOMEADOS (G:/My Drive/XABLAU/9.VICTORIA\2.RENOMEADOS)
[2026-02-09 10:00:32] ✅ Contagem VICTORIA concluída: 9.VICTORIA/1.RENOMEANDO -> 0 páginas
[2026-02-09 10:01:41] ✅ Contagem VICTORIA concluída: 9.VICTORIA/2.RENOMEADOS -> 35532 páginas
[2026-02-10 10:23:49] Starting page count...
[2026-02-10 10:23:49] 📂 Pasta raiz configurada para contagem: G:/My Drive/XABLAU/
[2026-02-10 10:23:49] 📁 Pastas detectadas para contagem: 9
[2026-02-10 10:23:49] 🔎 Iniciando contagem da pasta: 3.BRUNO (G:/My Drive/XABLAU/3.BRUNO)
[2026-02-10 10:23:49] 🔎 Iniciando contagem da pasta: 1.LEIANES (G:/My Drive/XABLAU/1.LEIANES)
[2026-02-10 10:23:49] 🔎 Iniciando contagem da pasta: 2.EROS (G:/My Drive/XABLAU/2.EROS)
[2026-02-10 10:23:49] 🔎 Iniciando contagem da pasta: 4.MAYA (G:/My Drive/XABLAU/4.MAYA)
[2026-02-10 10:23:49] 🔎 Iniciando contagem da pasta: 5.CUSH (G:/My Drive/XABLAU/5.CUSH)
[2026-02-10 10:23:49] 🔎 Iniciando contagem da pasta: 6.ELIS (G:/My Drive/XABLAU/6.ELIS)
[2026-02-10 10:23:49] 🔎 Iniciando contagem da pasta: 7.NICO (G:/My Drive/XABLAU/7.NICO)
[2026-02-10 10:23:49] 🔎 Iniciando contagem da pasta: 8.JACQUES (G:/My Drive/XABLAU/8.JACQUES)
[2026-02-10 10:23:49] ✅ Contagem concluída: 4.MAYA -> 0 páginas
[2026-02-10 10:23:54] ✅ Contagem concluída: 1.LEIANES -> 782 páginas
[2026-02-10 10:23:57] ✅ Contagem concluída: 6.ELIS -> 607 páginas
[2026-02-10 10:24:19] ✅ Contagem concluída: 7.NICO -> 3242 páginas
[2026-02-10 10:24:32] ✅ Contagem concluída: 8.JACQUES -> 1906 páginas
[2026-02-10 10:24:53] ✅ Contagem concluída: 3.BRUNO -> 10175 páginas
[2026-02-10 10:24:53] ✅ Contagem concluída: 2.EROS -> 10011 páginas
[2026-02-10 10:24:59] ✅ Contagem concluída: 5.CUSH -> 14110 páginas
[2026-02-10 10:24:59] 🔎 Iniciando contagem da pasta VICTORIA: 9.VICTORIA/1.RENOMEANDO (G:/My Drive/XABLAU/9.VICTORIA\1.RENOMEANDO)
[2026-02-10 10:24:59] 🔎 Iniciando contagem da pasta VICTORIA: 9.VICTORIA/2.RENOMEADOS (G:/My Drive/XABLAU/9.VICTORIA\2.RENOMEADOS)
[2026-02-10 10:24:59] ✅ Contagem VICTORIA concluída: 9.VICTORIA/1.RENOMEANDO -> 0 páginas
[2026-02-10 10:26:08] ✅ Contagem VICTORIA concluída: 9.VICTORIA/2.RENOMEADOS -> 35532 páginas
[2026-02-10 10:26:08] ✅ Mensagem liberada para envio: Message differs and cooldown passed
[2026-02-10 10:26:08] 📨 Destino WhatsApp: tipo=group alvo=XABLAU UPDATES
[2026-02-10 10:26:08] ⏱️ Timeout configurado: 140s (inicialização: 60s + mensagem: 30s + ACK: 20s + buffer: 30s)
[2026-02-10 10:26:08] Enviando resultados para WhatsApp...
[2026-02-10 10:26:08] ℹ️ Tamanho da mensagem: 526 caracteres
[2026-02-10 10:26:24] ⏱️ Tempo de execução do WhatsApp: 16.08s
[2026-02-10 10:26:24] ✅ Message sent successfully to WhatsApp!
[2026-02-10 10:26:24] ℹ️ Saída do envio: Initializing WhatsApp client...
📁 Auth directory: D:\Trampo\xablau\XABLAU PROJECT\.wwebjs_auth
✅ Auth directory exists with 1 file(s)
   Files: session
✅ WhatsApp connected! (inicialização levou 4514ms)
Looking for group: XABLAU UPDATES
Sending message to group: XABLAU UPDATES (id: 120363421676358028@g.us)
Sending message (532 characters)...
Message sent successfully! msgId: true_120363421676358028@g.us_3EB04627C40413383C239D_174462209097938@lid chatId: 120363421676358028@g.us (took 3377ms)
Waiting for delivery ACK...
Ack de entrega recebido (pelo menos chegou ao servidor). (took 249ms)
Total WhatsApp operation time: 3631ms
[2026-02-10 19:21:47] Starting page count...
[2026-02-10 19:21:47] 📂 Pasta raiz configurada para contagem: G:/My Drive/XABLAU/
[2026-02-10 19:21:47] 📁 Pastas detectadas para contagem: 9
[2026-02-10 19:21:47] 🔎 Iniciando contagem da pasta: 3.BRUNO (G:/My Drive/XABLAU/3.BRUNO)
[2026-02-10 19:21:47] 🔎 Iniciando contagem da pasta: 1.LEIANES (G:/My Drive/XABLAU/1.LEIANES)
[2026-02-10 19:21:47] 🔎 Iniciando contagem da pasta: 2.EROS (G:/My Drive/XABLAU/2.EROS)
[2026-02-10 19:21:47] 🔎 Iniciando contagem da pasta: 4.MAYA (G:/My Drive/XABLAU/4.MAYA)
[2026-02-10 19:21:47] 🔎 Iniciando contagem da pasta: 5.CUSH (G:/My Drive/XABLAU/5.CUSH)
[2026-02-10 19:21:47] 🔎 Iniciando contagem da pasta: 6.ELIS (G:/My Drive/XABLAU/6.ELIS)
[2026-02-10 19:21:47] 🔎 Iniciando contagem da pasta: 7.NICO (G:/My Drive/XABLAU/7.NICO)
[2026-02-10 19:21:47] 🔎 Iniciando contagem da pasta: 8.JACQUES (G:/My Drive/XABLAU/8.JACQUES)
[2026-02-10 19:21:47] ✅ Contagem concluída: 4.MAYA -> 0 páginas
[2026-02-10 19:21:52] ✅ Contagem concluída: 1.LEIANES -> 782 páginas
[2026-02-10 19:21:56] ✅ Contagem concluída: 6.ELIS -> 607 páginas
[2026-02-10 19:22:14] ✅ Contagem concluída: 5.CUSH -> 4406 páginas
[2026-02-10 19:22:18] ✅ Contagem concluída: 7.NICO -> 3242 páginas
[2026-02-10 19:22:26] ✅ Contagem concluída: 8.JACQUES -> 1906 páginas
[2026-02-10 19:22:44] ✅ Contagem concluída: 3.BRUNO -> 10175 páginas
[2026-02-10 19:22:44] ✅ Contagem concluída: 2.EROS -> 10011 páginas
[2026-02-10 19:22:44] 🔎 Iniciando contagem da pasta VICTORIA: 9.VICTORIA/1.RENOMEANDO (G:/My Drive/XABLAU/9.VICTORIA\1.RENOMEANDO)
[2026-02-10 19:22:44] 🔎 Iniciando contagem da pasta VICTORIA: 9.VICTORIA/2.RENOMEADOS (G:/My Drive/XABLAU/9.VICTORIA\2.RENOMEADOS)
[2026-02-10 19:22:44] ✅ Contagem VICTORIA concluída: 9.VICTORIA/1.RENOMEANDO -> 0 páginas
[2026-02-10 19:24:03] ✅ Contagem VICTORIA concluída: 9.VICTORIA/2.RENOMEADOS -> 35532 páginas
[2026-02-10 19:24:03] ✅ Mensagem liberada para envio: Message differs and cooldown passed
[2026-02-10 19:24:03] 📨 Destino WhatsApp: tipo=group alvo=XABLAU UPDATES
[2026-02-10 19:24:03] ⏱️ Timeout configurado: 140s (inicialização: 60s + mensagem: 30s + ACK: 20s + buffer: 30s)
[2026-02-10 19:24:03] Enviando resultados para WhatsApp...
[2026-02-10 19:24:03] ℹ️ Tamanho da mensagem: 525 caracteres
[2026-02-10 19:24:18] ⏱️ Tempo de execução do WhatsApp: 15.64s
[2026-02-10 19:24:18] ✅ Message sent successfully to WhatsApp!
[2026-02-10 19:24:18] ℹ️ Saída do envio: Initializing WhatsApp client...
📁 Auth directory: D:\Trampo\xablau\XABLAU PROJECT\.wwebjs_auth
✅ Auth directory exists with 1 file(s)
   Files: session
✅ WhatsApp connected! (inicialização levou 4396ms)
Looking for group: XABLAU UPDATES
Sending message to group: XABLAU UPDATES (id: 120363421676358028@g.us)
Sending message (531 characters)...
Message sent successfully! msgId: true_120363421676358028@g.us_3EB03A9DDF6E34AD0AFF6B_174462209097938@lid chatId: 120363421676358028@g.us (took 2160ms)
Waiting for delivery ACK...
Ack de entrega recebido (pelo menos chegou ao servidor). (took 245ms)
Total WhatsApp operation time: 2410ms
[2026-02-11 13:35:07] Starting page count...
[2026-02-11 13:35:07] 📂 Pasta raiz configurada para contagem: G:/My Drive/XABLAU/
[2026-02-11 13:35:07] 📁 Pastas detectadas para contagem: 9
[2026-02-11 13:35:07] 🔎 Iniciando contagem da pasta: 3.BRUNO (G:/My Drive/XABLAU/3.BRUNO)
[2026-02-11 13:35:07] 🔎 Iniciando contagem da pasta: 1.LEIANES (G:/My Drive/XABLAU/1.LEIANES)
[2026-02-11 13:35:07] 🔎 Iniciando contagem da pasta: 2.EROS (G:/My Drive/XABLAU/2.EROS)
[2026-02-11 13:35:07] 🔎 Iniciando contagem da pasta: 4.MAYA (G:/My Drive/XABLAU/4.MAYA)
[2026-02-11 13:35:07] 🔎 Iniciando contagem da pasta: 5.CUSH (G:/My Drive/XABLAU/5.CUSH)
[2026-02-11 13:35:07] 🔎 Iniciando contagem da pasta: 6.ELIS (G:/My Drive/XABLAU/6.ELIS)
[2026-02-11 13:35:07] 🔎 Iniciando contagem da pasta: 7.NICO (G:/My Drive/XABLAU/7.NICO)
[2026-02-11 13:35:07] 🔎 Iniciando contagem da pasta: 8.JACQUES (G:/My Drive/XABLAU/8.JACQUES)
[2026-02-11 13:35:07] ✅ Contagem concluída: 1.LEIANES -> 0 páginas
[2026-02-11 13:35:07] ✅ Contagem concluída: 2.EROS -> 0 páginas
[2026-02-11 13:35:07] ✅ Contagem concluída: 4.MAYA -> 0 páginas
[2026-02-11 13:35:07] ✅ Contagem concluída: 6.ELIS -> 0 páginas
[2026-02-11 13:35:07] ✅ Contagem concluída: 7.NICO -> 0 páginas
[2026-02-11 13:35:13] ✅ Contagem concluída: 3.BRUNO -> 884 páginas
[2026-02-11 13:35:16] ✅ Contagem concluída: 8.JACQUES -> 1144 páginas
[2026-02-11 13:35:23] ✅ Contagem concluída: 5.CUSH -> 4406 páginas
[2026-02-11 13:35:23] 🔎 Iniciando contagem da pasta VICTORIA: 9.VICTORIA/1.RENOMEANDO (G:/My Drive/XABLAU/9.VICTORIA\1.RENOMEANDO)
[2026-02-11 13:35:23] 🔎 Iniciando contagem da pasta VICTORIA: 9.VICTORIA/2.RENOMEADOS (G:/My Drive/XABLAU/9.VICTORIA\2.RENOMEADOS)
[2026-02-11 13:35:23] ✅ Contagem VICTORIA concluída: 9.VICTORIA/1.RENOMEANDO -> 0 páginas
[2026-02-11 13:36:39] ✅ Contagem VICTORIA concluída: 9.VICTORIA/2.RENOMEADOS -> 35532 páginas
[2026-02-11 13:36:39] ✅ Mensagem liberada para envio: Message differs and cooldown passed
[2026-02-11 13:36:39] 📨 Destino WhatsApp: tipo=group alvo=XABLAU UPDATES
[2026-02-11 13:36:39] ⏱️ Timeout configurado: 140s (inicialização: 60s + mensagem: 30s + ACK: 20s + buffer: 30s)
[2026-02-11 13:36:39] Enviando resultados para WhatsApp...
[2026-02-11 13:36:39] ℹ️ Tamanho da mensagem: 664 caracteres
[2026-02-11 13:36:56] ⏱️ Tempo de execução do WhatsApp: 17.32s
[2026-02-11 13:36:56] ✅ Message sent successfully to WhatsApp!
[2026-02-11 13:36:56] ℹ️ Saída do envio: Initializing WhatsApp client...
📁 Auth directory: D:\Trampo\xablau\XABLAU PROJECT\.wwebjs_auth
✅ Auth directory exists with 1 file(s)
   Files: session
✅ WhatsApp connected! (inicialização levou 4863ms)
Looking for group: XABLAU UPDATES
Sending message to group: XABLAU UPDATES (id: 120363421676358028@g.us)
Sending message (670 characters)...
Message sent successfully! msgId: true_120363421676358028@g.us_3EB0F5045ED53D2FCD6CC1_174462209097938@lid chatId: 120363421676358028@g.us (took 6693ms)
Waiting for delivery ACK...
Ack de entrega recebido (pelo menos chegou ao servidor). (took 274ms)
Total WhatsApp operation time: 6972ms
[2026-02-11 13:57:49] Starting page count...
[2026-02-11 13:57:49] 📂 Pasta raiz configurada para contagem: G:/My Drive/XABLAU/
[2026-02-11 13:57:49] 📁 Pastas detectadas para contagem: 8
[2026-02-11 13:57:49] 🔎 Iniciando contagem da pasta: 3.BRUNO (G:/My Drive/XABLAU/3.BRUNO)
[2026-02-11 13:57:49] 🔎 Iniciando contagem da pasta: 1.LEIANES (G:/My Drive/XABLAU/1.LEIANES)
[2026-02-11 13:57:49] 🔎 Iniciando contagem da pasta: 2.EROS (G:/My Drive/XABLAU/2.EROS)
[2026-02-11 13:57:49] 🔎 Iniciando contagem da pasta: 4.CUSH (G:/My Drive/XABLAU/4.CUSH)
[2026-02-11 13:57:49] 🔎 Iniciando contagem da pasta: 5.ELIS (G:/My Drive/XABLAU/5.ELIS)
[2026-02-11 13:57:49] 🔎 Iniciando contagem da pasta: 6.NICO (G:/My Drive/XABLAU/6.NICO)
[2026-02-11 13:57:49] 🔎 Iniciando contagem da pasta: 7.JACQUES (G:/My Drive/XABLAU/7.JACQUES)
[2026-02-11 13:57:49] ✅ Contagem concluída: 2.EROS -> 0 páginas
[2026-02-11 13:57:49] ✅ Contagem concluída: 1.LEIANES -> 0 páginas
[2026-02-11 13:57:49] ✅ Contagem concluída: 5.ELIS -> 0 páginas
[2026-02-11 13:57:49] ✅ Contagem concluída: 6.NICO -> 0 páginas
[2026-02-11 13:57:55] ✅ Contagem concluída: 3.BRUNO -> 884 páginas
[2026-02-11 13:57:57] ✅ Contagem concluída: 7.JACQUES -> 1144 páginas
[2026-02-11 13:58:05] ✅ Contagem concluída: 4.CUSH -> 4406 páginas
[2026-02-11 13:58:05] 🔎 Iniciando contagem da pasta VICTORIA: 8.VICTORIA/1.RENOMEANDO (G:/My Drive/XABLAU/8.VICTORIA\1.RENOMEANDO)
[2026-02-11 13:58:05] 🔎 Iniciando contagem da pasta VICTORIA: 8.VICTORIA/2.RENOMEADOS (G:/My Drive/XABLAU/8.VICTORIA\2.RENOMEADOS)
[2026-02-11 13:58:05] ✅ Contagem VICTORIA concluída: 8.VICTORIA/2.RENOMEADOS -> 0 páginas
[2026-02-11 13:58:13] ✅ Contagem VICTORIA concluída: 8.VICTORIA/1.RENOMEANDO -> 6434 páginas
[2026-02-11 13:58:13] ✅ Mensagem liberada para envio: Message differs and cooldown passed
[2026-02-11 13:58:13] 📨 Destino WhatsApp: tipo=group alvo=XABLAU UPDATES
[2026-02-11 13:58:13] ⏱️ Timeout configurado: 140s (inicialização: 60s + mensagem: 30s + ACK: 20s + buffer: 30s)
[2026-02-11 13:58:13] Enviando resultados para WhatsApp...
[2026-02-11 13:58:13] ℹ️ Tamanho da mensagem: 511 caracteres
[2026-02-11 13:58:33] ⏱️ Tempo de execução do WhatsApp: 20.57s
[2026-02-11 13:58:33] ✅ Message sent successfully to WhatsApp!
[2026-02-11 13:58:33] ℹ️ Saída do envio: Initializing WhatsApp client...
📁 Auth directory: D:\Trampo\xablau\XABLAU PROJECT\.wwebjs_auth
✅ Auth directory exists with 1 file(s)
   Files: session
✅ WhatsApp connected! (inicialização levou 5923ms)
Looking for group: XABLAU UPDATES
Sending message to group: XABLAU UPDATES (id: 120363421676358028@g.us)
Sending message (517 characters)...
Message sent successfully! msgId: true_120363421676358028@g.us_3EB06BC086E99ABE1517BB_174462209097938@lid chatId: 120363421676358028@g.us (took 2959ms)
Waiting for delivery ACK...
Ack de entrega recebido (pelo menos chegou ao servidor). (took 234ms)
Total WhatsApp operation time: 3199ms
[2026-02-11 14:53:33] Starting page count...
[2026-02-11 14:53:33] 📂 Pasta raiz configurada para contagem: G:/My Drive/XABLAU/
[2026-02-11 14:53:33] 📁 Pastas detectadas para contagem: 8
[2026-02-11 14:53:33] 🔎 Iniciando contagem da pasta: 3.BRUNO (G:/My Drive/XABLAU/3.BRUNO)
[2026-02-11 14:53:33] 🔎 Iniciando contagem da pasta: 1.LEIANES (G:/My Drive/XABLAU/1.LEIANES)
[2026-02-11 14:53:33] 🔎 Iniciando contagem da pasta: 2.EROS (G:/My Drive/XABLAU/2.EROS)
[2026-02-11 14:53:33] 🔎 Iniciando contagem da pasta: 4.CUSH (G:/My Drive/XABLAU/4.CUSH)
[2026-02-11 14:53:33] 🔎 Iniciando contagem da pasta: 5.ELIS (G:/My Drive/XABLAU/5.ELIS)
[2026-02-11 14:53:33] 🔎 Iniciando contagem da pasta: 6.NICO (G:/My Drive/XABLAU/6.NICO)
[2026-02-11 14:53:33] 🔎 Iniciando contagem da pasta: 7.JACQUES (G:/My Drive/XABLAU/7.JACQUES)
[2026-02-11 14:53:33] ✅ Contagem concluída: 2.EROS -> 0 páginas
[2026-02-11 14:53:33] ✅ Contagem concluída: 1.LEIANES -> 0 páginas
[2026-02-11 14:53:33] ✅ Contagem concluída: 5.ELIS -> 0 páginas
[2026-02-11 14:53:33] ✅ Contagem concluída: 6.NICO -> 0 páginas
[2026-02-11 14:53:39] ✅ Contagem concluída: 7.JACQUES -> 1144 páginas
[2026-02-11 14:53:40] ✅ Contagem concluída: 3.BRUNO -> 2056 páginas
[2026-02-11 14:53:46] ✅ Contagem concluída: 4.CUSH -> 4406 páginas
[2026-02-11 14:53:46] 🔎 Iniciando contagem da pasta VICTORIA: 8.VICTORIA/1.RENOMEANDO (G:/My Drive/XABLAU/8.VICTORIA\1.RENOMEANDO)
[2026-02-11 14:53:46] 🔎 Iniciando contagem da pasta VICTORIA: 8.VICTORIA/2.RENOMEADOS (G:/My Drive/XABLAU/8.VICTORIA\2.RENOMEADOS)
[2026-02-11 14:53:46] ✅ Contagem VICTORIA concluída: 8.VICTORIA/2.RENOMEADOS -> 0 páginas
[2026-02-11 14:53:59] ✅ Contagem VICTORIA concluída: 8.VICTORIA/1.RENOMEANDO -> 6434 páginas
[2026-02-11 14:53:59] ✅ Mensagem liberada para envio: Message differs and cooldown passed
[2026-02-11 14:53:59] 📨 Destino WhatsApp: tipo=group alvo=XABLAU UPDATES
[2026-02-11 14:53:59] ⏱️ Timeout configurado: 140s (inicialização: 60s + mensagem: 30s + ACK: 20s + buffer: 30s)
[2026-02-11 14:53:59] Enviando resultados para WhatsApp...
[2026-02-11 14:53:59] ℹ️ Tamanho da mensagem: 492 caracteres
[2026-02-11 14:54:13] ⏱️ Tempo de execução do WhatsApp: 14.06s
[2026-02-11 14:54:13] ✅ Message sent successfully to WhatsApp!
[2026-02-11 14:54:13] ℹ️ Saída do envio: Initializing WhatsApp client...
📁 Auth directory: D:\Trampo\xablau\XABLAU PROJECT\.wwebjs_auth
✅ Auth directory exists with 1 file(s)
   Files: session
✅ WhatsApp connected! (inicialização levou 3800ms)
Looking for group: XABLAU UPDATES
Sending message to group: XABLAU UPDATES (id: 120363421676358028@g.us)
Sending message (498 characters)...
Message sent successfully! msgId: true_120363421676358028@g.us_3EB0823B0BFFCA226C7A82_174462209097938@lid chatId: 120363421676358028@g.us (took 2396ms)
Waiting for delivery ACK...
Ack de entrega recebido (pelo menos chegou ao servidor). (took 271ms)
Total WhatsApp operation time: 2673ms
[2026-02-11 15:01:39] Starting page count...
[2026-02-11 15:01:39] 📂 Pasta raiz configurada para contagem: G:/My Drive/XABLAU/
[2026-02-11 15:01:39] 📁 Pastas detectadas para contagem: 8
[2026-02-11 15:01:39] 🔎 Iniciando contagem da pasta: 3.BRUNO (G:/My Drive/XABLAU/3.BRUNO)
[2026-02-11 15:01:39] 🔎 Iniciando contagem da pasta: 1.LEIANES (G:/My Drive/XABLAU/1.LEIANES)
[2026-02-11 15:01:39] 🔎 Iniciando contagem da pasta: 2.EROS (G:/My Drive/XABLAU/2.EROS)
[2026-02-11 15:01:39] 🔎 Iniciando contagem da pasta: 4.CUSH (G:/My Drive/XABLAU/4.CUSH)
[2026-02-11 15:01:39] 🔎 Iniciando contagem da pasta: 5.ELIS (G:/My Drive/XABLAU/5.ELIS)
[2026-02-11 15:01:39] 🔎 Iniciando contagem da pasta: 6.NICO (G:/My Drive/XABLAU/6.NICO)
[2026-02-11 15:01:39] 🔎 Iniciando contagem da pasta: 7.JACQUES (G:/My Drive/XABLAU/7.JACQUES)
[2026-02-11 15:01:39] ✅ Contagem concluída: 2.EROS -> 0 páginas
[2026-02-11 15:01:39] ✅ Contagem concluída: 1.LEIANES -> 0 páginas
[2026-02-11 15:01:39] ✅ Contagem concluída: 5.ELIS -> 0 páginas
[2026-02-11 15:01:39] ✅ Contagem concluída: 6.NICO -> 0 páginas
[2026-02-11 15:01:40] ✅ Contagem concluída: 7.JACQUES -> 1144 páginas
[2026-02-11 15:01:40] ✅ Contagem concluída: 3.BRUNO -> 2056 páginas
[2026-02-11 15:01:42] ✅ Contagem concluída: 4.CUSH -> 4406 páginas
[2026-02-11 15:01:42] 🔎 Iniciando contagem da pasta VICTORIA: 8.VICTORIA/1.RENOMEANDO (G:/My Drive/XABLAU/8.VICTORIA\1.RENOMEANDO)
[2026-02-11 15:01:42] 🔎 Iniciando contagem da pasta VICTORIA: 8.VICTORIA/2.RENOMEADOS (G:/My Drive/XABLAU/8.VICTORIA\2.RENOMEADOS)
[2026-02-11 15:01:42] ✅ Contagem VICTORIA concluída: 8.VICTORIA/2.RENOMEADOS -> 0 páginas
[2026-02-11 15:01:46] ✅ Contagem VICTORIA concluída: 8.VICTORIA/1.RENOMEANDO -> 6434 páginas
[2026-02-11 17:19:45] Starting page count...
[2026-02-11 17:19:45] 📂 Pasta raiz configurada para contagem: G:/My Drive/XABLAU/
[2026-02-11 17:19:45] 📁 Pastas detectadas para contagem: 8
[2026-02-11 17:19:45] 🔎 Iniciando contagem da pasta: 3.BRUNO (G:/My Drive/XABLAU/3.BRUNO)
[2026-02-11 17:19:45] 🔎 Iniciando contagem da pasta: 1.LEIANES (G:/My Drive/XABLAU/1.LEIANES)
[2026-02-11 17:19:45] 🔎 Iniciando contagem da pasta: 2.EROS (G:/My Drive/XABLAU/2.EROS)
[2026-02-11 17:19:45] 🔎 Iniciando contagem da pasta: 4.CUSH (G:/My Drive/XABLAU/4.CUSH)
[2026-02-11 17:19:45] 🔎 Iniciando contagem da pasta: 5.ELIS (G:/My Drive/XABLAU/5.ELIS)
[2026-02-11 17:19:45] 🔎 Iniciando contagem da pasta: 6.NICO (G:/My Drive/XABLAU/6.NICO)
[2026-02-11 17:19:45] 🔎 Iniciando contagem da pasta: 7.JACQUES (G:/My Drive/XABLAU/7.JACQUES)
[2026-02-11 17:19:45] ✅ Contagem concluída: 2.EROS -> 0 páginas
[2026-02-11 17:19:45] ✅ Contagem concluída: 1.LEIANES -> 0 páginas
[2026-02-11 17:19:45] ✅ Contagem concluída: 5.ELIS -> 0 páginas
[2026-02-11 17:19:45] ✅ Contagem concluída: 6.NICO -> 0 páginas
[2026-02-11 17:19:46] ✅ Contagem concluída: 7.JACQUES -> 1144 páginas
[2026-02-11 17:19:47] ✅ Contagem concluída: 3.BRUNO -> 2404 páginas
[2026-02-11 17:19:48] ✅ Contagem concluída: 4.CUSH -> 4406 páginas
[2026-02-11 17:19:48] 🔎 Iniciando contagem da pasta VICTORIA: 8.VICTORIA/1.RENOMEANDO (G:/My Drive/XABLAU/8.VICTORIA\1.RENOMEANDO)
[2026-02-11 17:19:48] 🔎 Iniciando contagem da pasta VICTORIA: 8.VICTORIA/2.RENOMEADOS (G:/My Drive/XABLAU/8.VICTORIA\2.RENOMEADOS)
[2026-02-11 17:19:48] ✅ Contagem VICTORIA concluída: 8.VICTORIA/2.RENOMEADOS -> 0 páginas
[2026-02-11 17:19:53] ✅ Contagem VICTORIA concluída: 8.VICTORIA/1.RENOMEANDO -> 6434 páginas
[2026-02-11 17:19:53] ✅ Mensagem liberada para envio: Message differs and cooldown passed
[2026-02-11 17:19:53] 📨 Destino WhatsApp: tipo=group alvo=XABLAU UPDATES
[2026-02-11 17:19:53] ⏱️ Timeout configurado: 140s (inicialização: 60s + mensagem: 30s + ACK: 20s + buffer: 30s)
[2026-02-11 17:19:53] Enviando resultados para WhatsApp...
[2026-02-11 17:19:53] ℹ️ Tamanho da mensagem: 490 caracteres
[2026-02-11 17:20:00] ⏱️ Tempo de execução do WhatsApp: 7.15s
[2026-02-11 17:20:00] ✅ Message sent successfully to WhatsApp!
[2026-02-11 17:20:00] ℹ️ Saída do envio: Initializing WhatsApp client...
📁 Auth directory: D:\Trampo\xablau\XABLAU PROJECT\.wwebjs_auth
✅ Auth directory exists with 1 file(s)
   Files: session
✅ WhatsApp connected! (inicialização levou 3402ms)
Looking for group: XABLAU UPDATES
Sending message to group: XABLAU UPDATES (id: 120363421676358028@g.us)
Sending message (496 characters)...
Message sent successfully! msgId: true_120363421676358028@g.us_3EB0F0C95C8974865264FC_174462209097938@lid chatId: 120363421676358028@g.us (took 1617ms)
Waiting for delivery ACK...
Ack de entrega recebido (pelo menos chegou ao servidor). (took 233ms)
Total WhatsApp operation time: 1854ms
[2026-02-11 17:24:46] Starting page count...
[2026-02-11 17:24:46] 📂 Pasta raiz configurada para contagem: G:/My Drive/XABLAU/
[2026-02-11 17:24:46] 📁 Pastas detectadas para contagem: 8
[2026-02-11 17:24:46] 🔎 Iniciando contagem da pasta: 3.BRUNO (G:/My Drive/XABLAU/3.BRUNO)
[2026-02-11 17:24:46] 🔎 Iniciando contagem da pasta: 1.LEIANES (G:/My Drive/XABLAU/1.LEIANES)
[2026-02-11 17:24:46] 🔎 Iniciando contagem da pasta: 2.EROS (G:/My Drive/XABLAU/2.EROS)
[2026-02-11 17:24:46] 🔎 Iniciando contagem da pasta: 4.CUSH (G:/My Drive/XABLAU/4.CUSH)
[2026-02-11 17:24:46] 🔎 Iniciando contagem da pasta: 5.ELIS (G:/My Drive/XABLAU/5.ELIS)
[2026-02-11 17:24:46] 🔎 Iniciando contagem da pasta: 6.NICO (G:/My Drive/XABLAU/6.NICO)
[2026-02-11 17:24:46] 🔎 Iniciando contagem da pasta: 7.JACQUES (G:/My Drive/XABLAU/7.JACQUES)
[2026-02-11 17:24:46] ✅ Contagem concluída: 2.EROS -> 0 páginas
[2026-02-11 17:24:46] ✅ Contagem concluída: 1.LEIANES -> 0 páginas
[2026-02-11 17:24:46] ✅ Contagem concluída: 5.ELIS -> 0 páginas
[2026-02-11 17:24:46] ✅ Contagem concluída: 6.NICO -> 0 páginas
[2026-02-11 17:24:47] ✅ Contagem concluída: 7.JACQUES -> 1144 páginas
[2026-02-11 17:24:48] ✅ Contagem concluída: 3.BRUNO -> 2404 páginas
[2026-02-11 17:24:49] ✅ Contagem concluída: 4.CUSH -> 4406 páginas
[2026-02-11 17:24:49] 🔎 Iniciando contagem da pasta VICTORIA: 8.VICTORIA/1.RENOMEANDO (G:/My Drive/XABLAU/8.VICTORIA\1.RENOMEANDO)
[2026-02-11 17:24:49] 🔎 Iniciando contagem da pasta VICTORIA: 8.VICTORIA/2.RENOMEADOS (G:/My Drive/XABLAU/8.VICTORIA\2.RENOMEADOS)
[2026-02-11 17:24:49] ✅ Contagem VICTORIA concluída: 8.VICTORIA/2.RENOMEADOS -> 0 páginas
[2026-02-11 17:24:54] ✅ Contagem VICTORIA concluída: 8.VICTORIA/1.RENOMEANDO -> 6434 páginas
[2026-02-11 18:26:47] Starting page count...
[2026-02-11 18:26:47] 📂 Pasta raiz configurada para contagem: G:/My Drive/XABLAU/
[2026-02-11 18:26:47] 📁 Pastas detectadas para contagem: 8
[2026-02-11 18:26:47] 🔎 Iniciando contagem da pasta: 3.BRUNO (G:/My Drive/XABLAU/3.BRUNO)
[2026-02-11 18:26:47] 🔎 Iniciando contagem da pasta: 1.LEIANES (G:/My Drive/XABLAU/1.LEIANES)
[2026-02-11 18:26:47] 🔎 Iniciando contagem da pasta: 2.EROS (G:/My Drive/XABLAU/2.EROS)
[2026-02-11 18:26:47] 🔎 Iniciando contagem da pasta: 4.CUSH (G:/My Drive/XABLAU/4.CUSH)
[2026-02-11 18:26:47] 🔎 Iniciando contagem da pasta: 5.ELIS (G:/My Drive/XABLAU/5.ELIS)
[2026-02-11 18:26:47] 🔎 Iniciando contagem da pasta: 6.NICO (G:/My Drive/XABLAU/6.NICO)
[2026-02-11 18:26:47] 🔎 Iniciando contagem da pasta: 7.JACQUES (G:/My Drive/XABLAU/7.JACQUES)
[2026-02-11 18:26:47] ✅ Contagem concluída: 1.LEIANES -> 0 páginas
[2026-02-11 18:26:47] ✅ Contagem concluída: 5.ELIS -> 0 páginas
[2026-02-11 18:26:47] ✅ Contagem concluída: 6.NICO -> 0 páginas
[2026-02-11 18:26:48] ✅ Contagem concluída: 2.EROS -> 1324 páginas
[2026-02-11 18:26:48] ✅ Contagem concluída: 7.JACQUES -> 1144 páginas
[2026-02-11 18:26:49] ✅ Contagem concluída: 3.BRUNO -> 2404 páginas
[2026-02-11 18:26:50] ✅ Contagem concluída: 4.CUSH -> 4406 páginas
[2026-02-11 18:26:50] 🔎 Iniciando contagem da pasta VICTORIA: 8.VICTORIA/1.RENOMEANDO (G:/My Drive/XABLAU/8.VICTORIA\1.RENOMEANDO)
[2026-02-11 18:26:50] 🔎 Iniciando contagem da pasta VICTORIA: 8.VICTORIA/2.RENOMEADOS (G:/My Drive/XABLAU/8.VICTORIA\2.RENOMEADOS)
[2026-02-11 18:26:50] ✅ Contagem VICTORIA concluída: 8.VICTORIA/2.RENOMEADOS -> 0 páginas
[2026-02-11 18:26:55] ✅ Contagem VICTORIA concluída: 8.VICTORIA/1.RENOMEANDO -> 6434 páginas
[2026-02-11 18:26:55] ✅ Mensagem liberada para envio: Message differs and cooldown passed
[2026-02-11 18:26:55] 📨 Destino WhatsApp: tipo=group alvo=XABLAU UPDATES
[2026-02-11 18:26:55] ⏱️ Timeout configurado: 140s (inicialização: 60s + mensagem: 30s + ACK: 20s + buffer: 30s)
[2026-02-11 18:26:55] Enviando resultados para WhatsApp...
[2026-02-11 18:26:55] ℹ️ Tamanho da mensagem: 494 caracteres
[2026-02-11 18:27:01] ⏱️ Tempo de execução do WhatsApp: 6.94s
[2026-02-11 18:27:01] ✅ Message sent successfully to WhatsApp!
[2026-02-11 18:27:01] ℹ️ Saída do envio: Initializing WhatsApp client...
📁 Auth directory: D:\Trampo\xablau\XABLAU PROJECT\.wwebjs_auth
✅ Auth directory exists with 1 file(s)
   Files: session
✅ WhatsApp connected! (inicialização levou 2800ms)
Looking for group: XABLAU UPDATES
Sending message to group: XABLAU UPDATES (id: 120363421676358028@g.us)
Sending message (500 characters)...
Message sent successfully! msgId: true_120363421676358028@g.us_3EB0A628385E0C135BAB52_174462209097938@lid chatId: 120363421676358028@g.us (took 2373ms)
Waiting for delivery ACK...
Ack de entrega recebido (pelo menos chegou ao servidor). (took 243ms)
Total WhatsApp operation time: 2620ms
[2026-02-11 19:06:56] Starting page count...
[2026-02-11 19:06:56] 📂 Pasta raiz configurada para contagem: G:/My Drive/XABLAU/
[2026-02-11 19:06:56] 📁 Pastas detectadas para contagem: 8
[2026-02-11 19:06:56] 🔎 Iniciando contagem da pasta: 3.BRUNO (G:/My Drive/XABLAU/3.BRUNO)
[2026-02-11 19:06:56] 🔎 Iniciando contagem da pasta: 1.LEIANES (G:/My Drive/XABLAU/1.LEIANES)
[2026-02-11 19:06:56] 🔎 Iniciando contagem da pasta: 2.EROS (G:/My Drive/XABLAU/2.EROS)
[2026-02-11 19:06:56] 🔎 Iniciando contagem da pasta: 4.CUSH (G:/My Drive/XABLAU/4.CUSH)
[2026-02-11 19:06:56] 🔎 Iniciando contagem da pasta: 5.ELIS (G:/My Drive/XABLAU/5.ELIS)
[2026-02-11 19:06:56] 🔎 Iniciando contagem da pasta: 6.NICO (G:/My Drive/XABLAU/6.NICO)
[2026-02-11 19:06:56] 🔎 Iniciando contagem da pasta: 7.JACQUES (G:/My Drive/XABLAU/7.JACQUES)
[2026-02-11 19:06:56] ✅ Contagem concluída: 1.LEIANES -> 0 páginas
[2026-02-11 19:06:56] ✅ Contagem concluída: 5.ELIS -> 0 páginas
[2026-02-11 19:06:56] ✅ Contagem concluída: 6.NICO -> 0 páginas
[2026-02-11 19:06:57] ✅ Contagem concluída: 2.EROS -> 1324 páginas
[2026-02-11 19:06:58] ✅ Contagem concluída: 7.JACQUES -> 1144 páginas
[2026-02-11 19:06:59] ✅ Contagem concluída: 3.BRUNO -> 2404 páginas
[2026-02-11 19:07:01] ✅ Contagem concluída: 4.CUSH -> 5443 páginas
[2026-02-11 19:07:01] 🔎 Iniciando contagem da pasta VICTORIA: 8.VICTORIA/1.RENOMEANDO (G:/My Drive/XABLAU/8.VICTORIA\1.RENOMEANDO)
[2026-02-11 19:07:01] 🔎 Iniciando contagem da pasta VICTORIA: 8.VICTORIA/2.RENOMEADOS (G:/My Drive/XABLAU/8.VICTORIA\2.RENOMEADOS)
[2026-02-11 19:07:01] ✅ Contagem VICTORIA concluída: 8.VICTORIA/2.RENOMEADOS -> 0 páginas
[2026-02-11 19:07:05] ✅ Contagem VICTORIA concluída: 8.VICTORIA/1.RENOMEANDO -> 6434 páginas
[2026-02-11 19:07:05] ✅ Mensagem liberada para envio: Message differs and cooldown passed
[2026-02-11 19:07:05] 📨 Destino WhatsApp: tipo=group alvo=XABLAU UPDATES
[2026-02-11 19:07:05] ⏱️ Timeout configurado: 140s (inicialização: 60s + mensagem: 30s + ACK: 20s + buffer: 30s)
[2026-02-11 19:07:05] Enviando resultados para WhatsApp...
[2026-02-11 19:07:05] ℹ️ Tamanho da mensagem: 495 caracteres
[2026-02-11 19:07:11] ⏱️ Tempo de execução do WhatsApp: 6.29s
[2026-02-11 19:07:11] ✅ Message sent successfully to WhatsApp!
[2026-02-11 19:07:11] ℹ️ Saída do envio: Initializing WhatsApp client...
📁 Auth directory: D:\Trampo\xablau\XABLAU PROJECT\.wwebjs_auth
✅ Auth directory exists with 1 file(s)
   Files: session
✅ WhatsApp connected! (inicialização levou 2707ms)
Looking for group: XABLAU UPDATES
Sending message to group: XABLAU UPDATES (id: 120363421676358028@g.us)
Sending message (501 characters)...
Message sent successfully! msgId: true_120363421676358028@g.us_3EB052495CFD5BD93CF96B_174462209097938@lid chatId: 120363421676358028@g.us (took 1837ms)
Waiting for delivery ACK...
Ack de entrega recebido (pelo menos chegou ao servidor). (took 235ms)
Total WhatsApp operation time: 2076ms
[2026-02-11 19:11:01] Starting page count...
[2026-02-11 19:11:01] 📂 Pasta raiz configurada para contagem: G:/My Drive/XABLAU/
[2026-02-11 19:11:01] 📁 Pastas detectadas para contagem: 8
[2026-02-11 19:11:01] 🔎 Iniciando contagem da pasta: 3.BRUNO (G:/My Drive/XABLAU/3.BRUNO)
[2026-02-11 19:11:01] 🔎 Iniciando contagem da pasta: 1.LEIANES (G:/My Drive/XABLAU/1.LEIANES)
[2026-02-11 19:11:01] 🔎 Iniciando contagem da pasta: 2.EROS (G:/My Drive/XABLAU/2.EROS)
[2026-02-11 19:11:01] 🔎 Iniciando contagem da pasta: 4.CUSH (G:/My Drive/XABLAU/4.CUSH)
[2026-02-11 19:11:01] 🔎 Iniciando contagem da pasta: 5.ELIS (G:/My Drive/XABLAU/5.ELIS)
[2026-02-11 19:11:01] 🔎 Iniciando contagem da pasta: 6.NICO (G:/My Drive/XABLAU/6.NICO)
[2026-02-11 19:11:01] 🔎 Iniciando contagem da pasta: 7.JACQUES (G:/My Drive/XABLAU/7.JACQUES)
[2026-02-11 19:11:01] ✅ Contagem concluída: 1.LEIANES -> 0 páginas
[2026-02-11 19:11:01] ✅ Contagem concluída: 5.ELIS -> 0 páginas
[2026-02-11 19:11:01] ✅ Contagem concluída: 6.NICO -> 0 páginas
[2026-02-11 19:11:01] ✅ Contagem concluída: 2.EROS -> 1324 páginas
[2026-02-11 19:11:02] ✅ Contagem concluída: 7.JACQUES -> 1144 páginas
[2026-02-11 19:11:03] ✅ Contagem concluída: 3.BRUNO -> 2404 páginas
[2026-02-11 19:11:05] ✅ Contagem concluída: 4.CUSH -> 5443 páginas
[2026-02-11 19:11:05] 🔎 Iniciando contagem da pasta VICTORIA: 8.VICTORIA/1.RENOMEANDO (G:/My Drive/XABLAU/8.VICTORIA\1.RENOMEANDO)
[2026-02-11 19:11:05] 🔎 Iniciando contagem da pasta VICTORIA: 8.VICTORIA/2.RENOMEADOS (G:/My Drive/XABLAU/8.VICTORIA\2.RENOMEADOS)
[2026-02-11 19:11:05] ✅ Contagem VICTORIA concluída: 8.VICTORIA/2.RENOMEADOS -> 0 páginas
[2026-02-11 19:11:08] ✅ Contagem VICTORIA concluída: 8.VICTORIA/1.RENOMEANDO -> 6434 páginas
[2026-02-11 23:55:18] Starting page count...
[2026-02-11 23:55:18] 📂 Pasta raiz configurada para contagem: G:/My Drive/XABLAU/
[2026-02-11 23:55:18] 📁 Pastas detectadas para contagem: 8
[2026-02-11 23:55:18] 🔎 Iniciando contagem da pasta: 3.BRUNO (G:/My Drive/XABLAU/3.BRUNO)
[2026-02-11 23:55:18] 🔎 Iniciando contagem da pasta: 1.LEIANES (G:/My Drive/XABLAU/1.LEIANES)
[2026-02-11 23:55:18] 🔎 Iniciando contagem da pasta: 2.EROS (G:/My Drive/XABLAU/2.EROS)
[2026-02-11 23:55:18] 🔎 Iniciando contagem da pasta: 4.CUSH (G:/My Drive/XABLAU/4.CUSH)
[2026-02-11 23:55:18] 🔎 Iniciando contagem da pasta: 5.ELIS (G:/My Drive/XABLAU/5.ELIS)
[2026-02-11 23:55:18] 🔎 Iniciando contagem da pasta: 6.NICO (G:/My Drive/XABLAU/6.NICO)
[2026-02-11 23:55:18] 🔎 Iniciando contagem da pasta: 7.JACQUES (G:/My Drive/XABLAU/7.JACQUES)
[2026-02-11 23:55:18] ✅ Contagem concluída: 1.LEIANES -> 0 páginas
[2026-02-11 23:55:18] ✅ Contagem concluída: 5.ELIS -> 0 páginas
[2026-02-11 23:55:18] ✅ Contagem concluída: 6.NICO -> 0 páginas
[2026-02-11 23:55:22] ✅ Contagem concluída: 2.EROS -> 1324 páginas
[2026-02-11 23:55:25] ✅ Contagem concluída: 7.JACQUES -> 1144 páginas
[2026-02-11 23:55:28] ✅ Contagem concluída: 3.BRUNO -> 2404 páginas
[2026-02-11 23:55:35] ✅ Contagem concluída: 4.CUSH -> 5443 páginas
[2026-02-11 23:55:35] 🔎 Iniciando contagem da pasta VICTORIA: 8.VICTORIA/1.RENOMEANDO (G:/My Drive/XABLAU/8.VICTORIA\1.RENOMEANDO)
[2026-02-11 23:55:35] 🔎 Iniciando contagem da pasta VICTORIA: 8.VICTORIA/2.RENOMEADOS (G:/My Drive/XABLAU/8.VICTORIA\2.RENOMEADOS)
[2026-02-11 23:55:35] ✅ Contagem VICTORIA concluída: 8.VICTORIA/2.RENOMEADOS -> 0 páginas
[2026-02-11 23:55:47] ✅ Contagem VICTORIA concluída: 8.VICTORIA/1.RENOMEANDO -> 6434 páginas
[2026-02-12 01:11:16] Starting page count...
[2026-02-12 01:11:16] 📂 Pasta raiz configurada para contagem: G:/My Drive/XABLAU/
[2026-02-12 01:11:16] 📁 Pastas detectadas para contagem: 8
[2026-02-12 01:11:16] 🔎 Iniciando contagem da pasta: 3.BRUNO (G:/My Drive/XABLAU/3.BRUNO)
[2026-02-12 01:11:16] 🔎 Iniciando contagem da pasta: 1.LEIANES (G:/My Drive/XABLAU/1.LEIANES)
[2026-02-12 01:11:16] 🔎 Iniciando contagem da pasta: 2.EROS (G:/My Drive/XABLAU/2.EROS)
[2026-02-12 01:11:16] 🔎 Iniciando contagem da pasta: 4.CUSH (G:/My Drive/XABLAU/4.CUSH)
[2026-02-12 01:11:16] 🔎 Iniciando contagem da pasta: 5.ELIS (G:/My Drive/XABLAU/5.ELIS)
[2026-02-12 01:11:16] 🔎 Iniciando contagem da pasta: 6.NICO (G:/My Drive/XABLAU/6.NICO)
[2026-02-12 01:11:16] 🔎 Iniciando contagem da pasta: 7.JACQUES (G:/My Drive/XABLAU/7.JACQUES)
[2026-02-12 01:11:16] ✅ Contagem concluída: 1.LEIANES -> 0 páginas
[2026-02-12 01:11:16] ✅ Contagem concluída: 5.ELIS -> 0 páginas
[2026-02-12 01:11:16] ✅ Contagem concluída: 6.NICO -> 0 páginas
[2026-02-12 01:11:21] ✅ Contagem concluída: 2.EROS -> 1324 páginas
[2026-02-12 01:11:24] ✅ Contagem concluída: 7.JACQUES -> 1144 páginas
[2026-02-12 01:11:27] ✅ Contagem concluída: 3.BRUNO -> 2404 páginas
[2026-02-12 01:11:34] ✅ Contagem concluída: 4.CUSH -> 5443 páginas
[2026-02-12 01:11:34] 🔎 Iniciando contagem da pasta VICTORIA: 8.VICTORIA/1.RENOMEANDO (G:/My Drive/XABLAU/8.VICTORIA\1.RENOMEANDO)
[2026-02-12 01:11:34] 🔎 Iniciando contagem da pasta VICTORIA: 8.VICTORIA/2.RENOMEADOS (G:/My Drive/XABLAU/8.VICTORIA\2.RENOMEADOS)
[2026-02-12 01:11:34] ✅ Contagem VICTORIA concluída: 8.VICTORIA/2.RENOMEADOS -> 0 páginas
[2026-02-12 01:11:46] ✅ Contagem VICTORIA concluída: 8.VICTORIA/1.RENOMEANDO -> 6434 páginas
[2026-02-12 11:00:13] Starting page count...
[2026-02-12 11:00:13] 📂 Pasta raiz configurada para contagem: G:/My Drive/XABLAU/
[2026-02-12 11:00:13] 📁 Pastas detectadas para contagem: 8
[2026-02-12 11:00:13] 🔎 Iniciando contagem da pasta: 3.BRUNO (G:/My Drive/XABLAU/3.BRUNO)
[2026-02-12 11:00:13] 🔎 Iniciando contagem da pasta: 1.LEIANES (G:/My Drive/XABLAU/1.LEIANES)
[2026-02-12 11:00:13] 🔎 Iniciando contagem da pasta: 2.EROS (G:/My Drive/XABLAU/2.EROS)
[2026-02-12 11:00:13] 🔎 Iniciando contagem da pasta: 4.CUSH (G:/My Drive/XABLAU/4.CUSH)
[2026-02-12 11:00:13] 🔎 Iniciando contagem da pasta: 5.ELIS (G:/My Drive/XABLAU/5.ELIS)
[2026-02-12 11:00:13] 🔎 Iniciando contagem da pasta: 6.NICO (G:/My Drive/XABLAU/6.NICO)
[2026-02-12 11:00:13] 🔎 Iniciando contagem da pasta: 7.JACQUES (G:/My Drive/XABLAU/7.JACQUES)
[2026-02-12 11:00:13] ✅ Contagem concluída: 1.LEIANES -> 0 páginas
[2026-02-12 11:00:13] ✅ Contagem concluída: 5.ELIS -> 0 páginas
[2026-02-12 11:00:13] ✅ Contagem concluída: 6.NICO -> 0 páginas
[2026-02-12 11:00:14] ✅ Contagem concluída: 2.EROS -> 1324 páginas
[2026-02-12 11:00:15] ✅ Contagem concluída: 7.JACQUES -> 1144 páginas
[2026-02-12 11:00:16] ✅ Contagem concluída: 3.BRUNO -> 2404 páginas
[2026-02-12 11:00:18] ✅ Contagem concluída: 4.CUSH -> 5443 páginas
[2026-02-12 11:00:18] 🔎 Iniciando contagem da pasta VICTORIA: 8.VICTORIA/1.RENOMEANDO (G:/My Drive/XABLAU/8.VICTORIA\1.RENOMEANDO)
[2026-02-12 11:00:18] 🔎 Iniciando contagem da pasta VICTORIA: 8.VICTORIA/2.RENOMEADOS (G:/My Drive/XABLAU/8.VICTORIA\2.RENOMEADOS)
[2026-02-12 11:00:18] ✅ Contagem VICTORIA concluída: 8.VICTORIA/2.RENOMEADOS -> 0 páginas
[2026-02-12 11:00:23] ✅ Contagem VICTORIA concluída: 8.VICTORIA/1.RENOMEANDO -> 6434 páginas
[2026-02-12 18:23:17] Starting page count...
[2026-02-12 18:23:17] 📂 Pasta raiz configurada para contagem: G:/My Drive/XABLAU/
[2026-02-12 18:23:17] 📁 Pastas detectadas para contagem: 8
[2026-02-12 18:23:17] 🔎 Iniciando contagem da pasta: 3.BRUNO (G:/My Drive/XABLAU/3.BRUNO)
[2026-02-12 18:23:17] 🔎 Iniciando contagem da pasta: 1.LEIANES (G:/My Drive/XABLAU/1.LEIANES)
[2026-02-12 18:23:17] 🔎 Iniciando contagem da pasta: 2.EROS (G:/My Drive/XABLAU/2.EROS)
[2026-02-12 18:23:17] 🔎 Iniciando contagem da pasta: 4.CUSH (G:/My Drive/XABLAU/4.CUSH)
[2026-02-12 18:23:17] 🔎 Iniciando contagem da pasta: 5.ELIS (G:/My Drive/XABLAU/5.ELIS)
[2026-02-12 18:23:17] 🔎 Iniciando contagem da pasta: 6.NICO (G:/My Drive/XABLAU/6.NICO)
[2026-02-12 18:23:17] 🔎 Iniciando contagem da pasta: 7.JACQUES (G:/My Drive/XABLAU/7.JACQUES)
[2026-02-12 18:23:17] ✅ Contagem concluída: 1.LEIANES -> 0 páginas
[2026-02-12 18:23:17] ✅ Contagem concluída: 5.ELIS -> 0 páginas
[2026-02-12 18:23:17] ✅ Contagem concluída: 6.NICO -> 0 páginas
[2026-02-12 18:23:22] ✅ Contagem concluída: 2.EROS -> 1324 páginas
[2026-02-12 18:23:25] ✅ Contagem concluída: 7.JACQUES -> 1144 páginas
[2026-02-12 18:23:28] ✅ Contagem concluída: 3.BRUNO -> 2404 páginas
[2026-02-12 18:23:34] ✅ Contagem concluída: 4.CUSH -> 6169 páginas
[2026-02-12 18:23:34] 🔎 Iniciando contagem da pasta VICTORIA: 8.VICTORIA/1.RENOMEANDO (G:/My Drive/XABLAU/8.VICTORIA\1.RENOMEANDO)
[2026-02-12 18:23:34] 🔎 Iniciando contagem da pasta VICTORIA: 8.VICTORIA/2.RENOMEADOS (G:/My Drive/XABLAU/8.VICTORIA\2.RENOMEADOS)
[2026-02-12 18:23:34] ✅ Contagem VICTORIA concluída: 8.VICTORIA/2.RENOMEADOS -> 0 páginas
[2026-02-12 18:23:46] ✅ Contagem VICTORIA concluída: 8.VICTORIA/1.RENOMEANDO -> 6434 páginas
[2026-02-12 18:23:46] ✅ Mensagem liberada para envio: Message differs and cooldown passed
[2026-02-12 18:23:46] 📨 Destino WhatsApp: tipo=group alvo=XABLAU UPDATES
[2026-02-12 18:23:46] ⏱️ Timeout configurado: 140s (inicialização: 60s + mensagem: 30s + ACK: 20s + buffer: 30s)
[2026-02-12 18:23:46] Enviando resultados para WhatsApp...
[2026-02-12 18:23:46] ℹ️ Tamanho da mensagem: 493 caracteres
[2026-02-12 18:24:01] ⏱️ Tempo de execução do WhatsApp: 14.29s
[2026-02-12 18:24:01] ✅ Message sent successfully to WhatsApp!
[2026-02-12 18:24:01] ℹ️ Saída do envio: Initializing WhatsApp client...
📁 Auth directory: D:\Trampo\xablau\XABLAU PROJECT\.wwebjs_auth
✅ Auth directory exists with 1 file(s)
   Files: session
✅ WhatsApp connected! (inicialização levou 3677ms)
Looking for group: XABLAU UPDATES
Sending message to group: XABLAU UPDATES (id: 120363421676358028@g.us)
Sending message (499 characters)...
Message sent successfully! msgId: true_120363421676358028@g.us_3EB0C37819C64F2E9EE593_174462209097938@lid chatId: 120363421676358028@g.us (took 2393ms)
Waiting for delivery ACK...
Ack de entrega recebido (pelo menos chegou ao servidor). (took 268ms)
Total WhatsApp operation time: 2667ms
[2026-02-12 18:26:22] Starting page count...
[2026-02-12 18:26:22] 📂 Pasta raiz configurada para contagem: G:/My Drive/XABLAU/
[2026-02-12 18:26:22] 📁 Pastas detectadas para contagem: 8
[2026-02-12 18:26:22] 🔎 Iniciando contagem da pasta: 3.BRUNO (G:/My Drive/XABLAU/3.BRUNO)
[2026-02-12 18:26:22] 🔎 Iniciando contagem da pasta: 1.LEIANES (G:/My Drive/XABLAU/1.LEIANES)
[2026-02-12 18:26:22] 🔎 Iniciando contagem da pasta: 2.EROS (G:/My Drive/XABLAU/2.EROS)
[2026-02-12 18:26:22] 🔎 Iniciando contagem da pasta: 4.CUSH (G:/My Drive/XABLAU/4.CUSH)
[2026-02-12 18:26:22] 🔎 Iniciando contagem da pasta: 5.ELIS (G:/My Drive/XABLAU/5.ELIS)
[2026-02-12 18:26:22] 🔎 Iniciando contagem da pasta: 6.NICO (G:/My Drive/XABLAU/6.NICO)
[2026-02-12 18:26:22] 🔎 Iniciando contagem da pasta: 7.JACQUES (G:/My Drive/XABLAU/7.JACQUES)
[2026-02-12 18:26:22] ✅ Contagem concluída: 1.LEIANES -> 0 páginas
[2026-02-12 18:26:22] ✅ Contagem concluída: 5.ELIS -> 0 páginas
[2026-02-12 18:26:22] ✅ Contagem concluída: 6.NICO -> 0 páginas
[2026-02-12 18:26:22] ✅ Contagem concluída: 2.EROS -> 1324 páginas
[2026-02-12 18:26:23] ✅ Contagem concluída: 7.JACQUES -> 1144 páginas
[2026-02-12 18:26:24] ✅ Contagem concluída: 3.BRUNO -> 2404 páginas
[2026-02-12 18:26:27] ✅ Contagem concluída: 4.CUSH -> 6929 páginas
[2026-02-12 18:26:27] 🔎 Iniciando contagem da pasta VICTORIA: 8.VICTORIA/1.RENOMEANDO (G:/My Drive/XABLAU/8.VICTORIA\1.RENOMEANDO)
[2026-02-12 18:26:27] 🔎 Iniciando contagem da pasta VICTORIA: 8.VICTORIA/2.RENOMEADOS (G:/My Drive/XABLAU/8.VICTORIA\2.RENOMEADOS)
[2026-02-12 18:26:27] ✅ Contagem VICTORIA concluída: 8.VICTORIA/2.RENOMEADOS -> 0 páginas
[2026-02-12 18:26:31] ✅ Contagem VICTORIA concluída: 8.VICTORIA/1.RENOMEANDO -> 6434 páginas
[2026-02-12 18:26:31] ✅ Mensagem liberada para envio: Message differs and cooldown passed
[2026-02-12 18:26:31] 📨 Destino WhatsApp: tipo=group alvo=XABLAU UPDATES
[2026-02-12 18:26:31] ⏱️ Timeout configurado: 140s (inicialização: 60s + mensagem: 30s + ACK: 20s + buffer: 30s)
[2026-02-12 18:26:31] Enviando resultados para WhatsApp...
[2026-02-12 18:26:31] ℹ️ Tamanho da mensagem: 493 caracteres
[2026-02-12 18:26:37] ⏱️ Tempo de execução do WhatsApp: 6.73s
[2026-02-12 18:26:37] ✅ Message sent successfully to WhatsApp!
[2026-02-12 18:26:37] ℹ️ Saída do envio: Initializing WhatsApp client...
📁 Auth directory: D:\Trampo\xablau\XABLAU PROJECT\.wwebjs_auth
✅ Auth directory exists with 1 file(s)
   Files: session
✅ WhatsApp connected! (inicialização levou 3083ms)
Looking for group: XABLAU UPDATES
Sending message to group: XABLAU UPDATES (id: 120363421676358028@g.us)
Sending message (499 characters)...
Message sent successfully! msgId: true_120363421676358028@g.us_3EB033203A3C7A9CEA4DAD_174462209097938@lid chatId: 120363421676358028@g.us (took 1919ms)
Waiting for delivery ACK...
Ack de entrega recebido (pelo menos chegou ao servidor). (took 231ms)
Total WhatsApp operation time: 2155ms
[2026-02-12 19:25:15] Starting page count...
[2026-02-12 19:25:15] 📂 Pasta raiz configurada para contagem: G:/My Drive/XABLAU/
[2026-02-12 19:25:15] 📁 Pastas detectadas para contagem: 8
[2026-02-12 19:25:15] 🔎 Iniciando contagem da pasta: 3.BRUNO (G:/My Drive/XABLAU/3.BRUNO)
[2026-02-12 19:25:15] 🔎 Iniciando contagem da pasta: 1.LEIANES (G:/My Drive/XABLAU/1.LEIANES)
[2026-02-12 19:25:15] 🔎 Iniciando contagem da pasta: 2.EROS (G:/My Drive/XABLAU/2.EROS)
[2026-02-12 19:25:15] 🔎 Iniciando contagem da pasta: 4.CUSH (G:/My Drive/XABLAU/4.CUSH)
[2026-02-12 19:25:15] 🔎 Iniciando contagem da pasta: 5.ELIS (G:/My Drive/XABLAU/5.ELIS)
[2026-02-12 19:25:15] 🔎 Iniciando contagem da pasta: 6.NICO (G:/My Drive/XABLAU/6.NICO)
[2026-02-12 19:25:15] 🔎 Iniciando contagem da pasta: 7.JACQUES (G:/My Drive/XABLAU/7.JACQUES)
[2026-02-12 19:25:15] ✅ Contagem concluída: 1.LEIANES -> 0 páginas
[2026-02-12 19:25:15] ✅ Contagem concluída: 5.ELIS -> 0 páginas
[2026-02-12 19:25:15] ✅ Contagem concluída: 6.NICO -> 0 páginas
[2026-02-12 19:25:16] ✅ Contagem concluída: 2.EROS -> 1324 páginas
[2026-02-12 19:25:16] ✅ Contagem concluída: 7.JACQUES -> 1144 páginas
[2026-02-12 19:25:18] ✅ Contagem concluída: 3.BRUNO -> 2972 páginas
[2026-02-12 19:25:20] ✅ Contagem concluída: 4.CUSH -> 6929 páginas
[2026-02-12 19:25:20] 🔎 Iniciando contagem da pasta VICTORIA: 8.VICTORIA/1.RENOMEANDO (G:/My Drive/XABLAU/8.VICTORIA\1.RENOMEANDO)
[2026-02-12 19:25:20] 🔎 Iniciando contagem da pasta VICTORIA: 8.VICTORIA/2.RENOMEADOS (G:/My Drive/XABLAU/8.VICTORIA\2.RENOMEADOS)
[2026-02-12 19:25:20] ✅ Contagem VICTORIA concluída: 8.VICTORIA/2.RENOMEADOS -> 0 páginas
[2026-02-12 19:25:24] ✅ Contagem VICTORIA concluída: 8.VICTORIA/1.RENOMEANDO -> 6434 páginas
[2026-02-12 19:25:24] ✅ Mensagem liberada para envio: Message differs and cooldown passed
[2026-02-12 19:25:24] 📨 Destino WhatsApp: tipo=group alvo=XABLAU UPDATES
[2026-02-12 19:25:24] ⏱️ Timeout configurado: 140s (inicialização: 60s + mensagem: 30s + ACK: 20s + buffer: 30s)
[2026-02-12 19:25:24] Enviando resultados para WhatsApp...
[2026-02-12 19:25:24] ℹ️ Tamanho da mensagem: 494 caracteres
[2026-02-12 19:25:31] ⏱️ Tempo de execução do WhatsApp: 7.13s
[2026-02-12 19:25:31] ✅ Message sent successfully to WhatsApp!
[2026-02-12 19:25:31] ℹ️ Saída do envio: Initializing WhatsApp client...
📁 Auth directory: D:\Trampo\xablau\XABLAU PROJECT\.wwebjs_auth
✅ Auth directory exists with 1 file(s)
   Files: session
✅ WhatsApp connected! (inicialização levou 2848ms)
Looking for group: XABLAU UPDATES
Sending message to group: XABLAU UPDATES (id: 120363421676358028@g.us)
Sending message (500 characters)...
Message sent successfully! msgId: true_120363421676358028@g.us_3EB07C6043E1DD3FB8C3BC_174462209097938@lid chatId: 120363421676358028@g.us (took 2465ms)
Waiting for delivery ACK...
Ack de entrega recebido (pelo menos chegou ao servidor). (took 236ms)
Total WhatsApp operation time: 2705ms
[2026-02-13 14:16:41] Starting page count...
[2026-02-13 14:16:41] 📂 Pasta raiz configurada para contagem: G:/My Drive/XABLAU/
[2026-02-13 14:16:41] 📁 Pastas detectadas para contagem: 8
[2026-02-13 14:16:41] 🔎 Iniciando contagem da pasta: 3.BRUNO (G:/My Drive/XABLAU/3.BRUNO)
[2026-02-13 14:16:41] 🔎 Iniciando contagem da pasta: 1.LEIANES (G:/My Drive/XABLAU/1.LEIANES)
[2026-02-13 14:16:41] 🔎 Iniciando contagem da pasta: 2.EROS (G:/My Drive/XABLAU/2.EROS)
[2026-02-13 14:16:41] 🔎 Iniciando contagem da pasta: 4.CUSH (G:/My Drive/XABLAU/4.CUSH)
[2026-02-13 14:16:41] 🔎 Iniciando contagem da pasta: 5.ELIS (G:/My Drive/XABLAU/5.ELIS)
[2026-02-13 14:16:41] 🔎 Iniciando contagem da pasta: 6.NICO (G:/My Drive/XABLAU/6.NICO)
[2026-02-13 14:16:41] 🔎 Iniciando contagem da pasta: 7.JACQUES (G:/My Drive/XABLAU/7.JACQUES)
[2026-02-13 14:16:41] ✅ Contagem concluída: 1.LEIANES -> 0 páginas
[2026-02-13 14:16:41] ✅ Contagem concluída: 5.ELIS -> 0 páginas
[2026-02-13 14:16:41] ✅ Contagem concluída: 6.NICO -> 0 páginas
[2026-02-13 14:16:46] ✅ Contagem concluída: 2.EROS -> 1324 páginas
[2026-02-13 14:16:49] ✅ Contagem concluída: 7.JACQUES -> 1144 páginas
[2026-02-13 14:16:58] ✅ Contagem concluída: 3.BRUNO -> 4820 páginas
[2026-02-13 14:17:03] ✅ Contagem concluída: 4.CUSH -> 6929 páginas
[2026-02-13 14:17:03] 🔎 Iniciando contagem da pasta VICTORIA: 8.VICTORIA/1.RENOMEANDO (G:/My Drive/XABLAU/8.VICTORIA\1.RENOMEANDO)
[2026-02-13 14:17:03] 🔎 Iniciando contagem da pasta VICTORIA: 8.VICTORIA/2.RENOMEADOS (G:/My Drive/XABLAU/8.VICTORIA\2.RENOMEADOS)
[2026-02-13 14:17:03] ✅ Contagem VICTORIA concluída: 8.VICTORIA/2.RENOMEADOS -> 0 páginas
[2026-02-13 14:17:16] ✅ Contagem VICTORIA concluída: 8.VICTORIA/1.RENOMEANDO -> 6434 páginas
[2026-02-13 14:17:16] ✅ Mensagem liberada para envio: Message differs and cooldown passed
[2026-02-13 14:17:16] 📨 Destino WhatsApp: tipo=group alvo=XABLAU UPDATES
[2026-02-13 14:17:16] ⏱️ Timeout configurado: 140s (inicialização: 60s + mensagem: 30s + ACK: 20s + buffer: 30s)
[2026-02-13 14:17:16] Enviando resultados para WhatsApp...
[2026-02-13 14:17:16] ℹ️ Tamanho da mensagem: 496 caracteres
[2026-02-13 14:17:32] ⏱️ Tempo de execução do WhatsApp: 15.58s
[2026-02-13 14:17:32] ✅ Message sent successfully to WhatsApp!
[2026-02-13 14:17:32] ℹ️ Saída do envio: Initializing WhatsApp client...
📁 Auth directory: d:\Trampo\xablau\XABLAU PROJECT\.wwebjs_auth
✅ Auth directory exists with 1 file(s)
   Files: session
✅ WhatsApp connected! (inicialização levou 5360ms)
Looking for group: XABLAU UPDATES
Sending message to group: XABLAU UPDATES (id: 120363421676358028@g.us)
Sending message (502 characters)...
Message sent successfully! msgId: true_120363421676358028@g.us_3EB0367404F1E0C39A42E6_174462209097938@lid chatId: 120363421676358028@g.us (took 2483ms)
Waiting for delivery ACK...
Ack de entrega recebido (pelo menos chegou ao servidor). (took 213ms)
Total WhatsApp operation time: 2701ms
[2026-02-13 20:24:49] Starting page count...
[2026-02-13 20:24:49] 📂 Pasta raiz configurada para contagem: G:/My Drive/XABLAU/
[2026-02-13 20:24:49] 📁 Pastas detectadas para contagem: 8
[2026-02-13 20:24:49] 🔎 Iniciando contagem da pasta: 3.BRUNO (G:/My Drive/XABLAU/3.BRUNO)
[2026-02-13 20:24:49] 🔎 Iniciando contagem da pasta: 1.LEIANES (G:/My Drive/XABLAU/1.LEIANES)
[2026-02-13 20:24:49] 🔎 Iniciando contagem da pasta: 2.EROS (G:/My Drive/XABLAU/2.EROS)
[2026-02-13 20:24:49] 🔎 Iniciando contagem da pasta: 4.CUSH (G:/My Drive/XABLAU/4.CUSH)
[2026-02-13 20:24:49] 🔎 Iniciando contagem da pasta: 5.ELIS (G:/My Drive/XABLAU/5.ELIS)
[2026-02-13 20:24:49] 🔎 Iniciando contagem da pasta: 6.NICO (G:/My Drive/XABLAU/6.NICO)
[2026-02-13 20:24:49] 🔎 Iniciando contagem da pasta: 7.JACQUES (G:/My Drive/XABLAU/7.JACQUES)
[2026-02-13 20:24:49] ✅ Contagem concluída: 1.LEIANES -> 0 páginas
[2026-02-13 20:24:49] ✅ Contagem concluída: 5.ELIS -> 0 páginas
[2026-02-13 20:24:49] ✅ Contagem concluída: 6.NICO -> 0 páginas
[2026-02-13 20:24:53] ✅ Contagem concluída: 2.EROS -> 1324 páginas
[2026-02-13 20:24:57] ✅ Contagem concluída: 7.JACQUES -> 1144 páginas
[2026-02-13 20:25:10] ✅ Contagem concluída: 3.BRUNO -> 5757 páginas
[2026-02-13 20:25:13] ✅ Contagem concluída: 4.CUSH -> 6929 páginas
[2026-02-13 20:25:13] 🔎 Iniciando contagem da pasta VICTORIA: 8.VICTORIA/1.RENOMEANDO (G:/My Drive/XABLAU/8.VICTORIA\1.RENOMEANDO)
[2026-02-13 20:25:13] 🔎 Iniciando contagem da pasta VICTORIA: 8.VICTORIA/2.RENOMEADOS (G:/My Drive/XABLAU/8.VICTORIA\2.RENOMEADOS)
[2026-02-13 20:25:13] ✅ Contagem VICTORIA concluída: 8.VICTORIA/2.RENOMEADOS -> 0 páginas
[2026-02-13 20:25:26] ✅ Contagem VICTORIA concluída: 8.VICTORIA/1.RENOMEANDO -> 6434 páginas
[2026-02-13 20:25:26] ✅ Mensagem liberada para envio: Message differs and cooldown passed
[2026-02-13 20:25:26] 📨 Destino WhatsApp: tipo=group alvo=XABLAU UPDATES
[2026-02-13 20:25:26] ⏱️ Timeout configurado: 140s (inicialização: 60s + mensagem: 30s + ACK: 20s + buffer: 30s)
[2026-02-13 20:25:26] Enviando resultados para WhatsApp...
[2026-02-13 20:25:26] ℹ️ Tamanho da mensagem: 494 caracteres
[2026-02-13 20:25:43] ⏱️ Tempo de execução do WhatsApp: 16.52s
[2026-02-13 20:25:43] ✅ Message sent successfully to WhatsApp!
[2026-02-13 20:25:43] ℹ️ Saída do envio: Initializing WhatsApp client...
📁 Auth directory: d:\Trampo\xablau\XABLAU PROJECT\.wwebjs_auth
✅ Auth directory exists with 1 file(s)
   Files: session
✅ WhatsApp connected! (inicialização levou 6351ms)
Looking for group: XABLAU UPDATES
Sending message to group: XABLAU UPDATES (id: 120363421676358028@g.us)
Sending message (500 characters)...
Message sent successfully! msgId: true_120363421676358028@g.us_3EB08A5870BA2EBE4F5021_174462209097938@lid chatId: 120363421676358028@g.us (took 2589ms)
Waiting for delivery ACK...
Ack de entrega recebido (pelo menos chegou ao servidor). (took 247ms)
Total WhatsApp operation time: 2841ms
[2026-02-15 14:11:46] Starting page count...
[2026-02-15 14:11:46] 📂 Pasta raiz configurada para contagem: G:/My Drive/XABLAU/
[2026-02-15 14:11:46] 📁 Pastas detectadas para contagem: 8
[2026-02-15 14:11:46] 🔎 Iniciando contagem da pasta: 3.BRUNO (G:/My Drive/XABLAU/3.BRUNO)
[2026-02-15 14:11:46] 🔎 Iniciando contagem da pasta: 1.LEIANES (G:/My Drive/XABLAU/1.LEIANES)
[2026-02-15 14:11:46] 🔎 Iniciando contagem da pasta: 2.EROS (G:/My Drive/XABLAU/2.EROS)
[2026-02-15 14:11:46] 🔎 Iniciando contagem da pasta: 4.CUSH (G:/My Drive/XABLAU/4.CUSH)
[2026-02-15 14:11:46] 🔎 Iniciando contagem da pasta: 5.ELIS (G:/My Drive/XABLAU/5.ELIS)
[2026-02-15 14:11:46] 🔎 Iniciando contagem da pasta: 6.NICO (G:/My Drive/XABLAU/6.NICO)
[2026-02-15 14:11:46] 🔎 Iniciando contagem da pasta: 7.JACQUES (G:/My Drive/XABLAU/7.JACQUES)
[2026-02-15 14:11:46] ✅ Contagem concluída: 1.LEIANES -> 0 páginas
[2026-02-15 14:11:46] ✅ Contagem concluída: 5.ELIS -> 0 páginas
[2026-02-15 14:11:46] ✅ Contagem concluída: 6.NICO -> 0 páginas
[2026-02-15 14:11:51] ✅ Contagem concluída: 2.EROS -> 1324 páginas
[2026-02-15 14:11:54] ✅ Contagem concluída: 7.JACQUES -> 1144 páginas
[2026-02-15 14:12:10] ✅ Contagem concluída: 3.BRUNO -> 5757 páginas
[2026-02-15 14:12:13] ✅ Contagem concluída: 4.CUSH -> 6929 páginas
[2026-02-15 14:12:13] 🔎 Iniciando contagem da pasta VICTORIA: 8.VICTORIA/1.RENOMEANDO (G:/My Drive/XABLAU/8.VICTORIA\1.RENOMEANDO)
[2026-02-15 14:12:13] 🔎 Iniciando contagem da pasta VICTORIA: 8.VICTORIA/2.RENOMEADOS (G:/My Drive/XABLAU/8.VICTORIA\2.RENOMEADOS)
[2026-02-15 14:12:13] ✅ Contagem VICTORIA concluída: 8.VICTORIA/2.RENOMEADOS -> 0 páginas
[2026-02-15 14:12:25] ✅ Contagem VICTORIA concluída: 8.VICTORIA/1.RENOMEANDO -> 6434 páginas
[2026-02-17 12:26:49] Starting page count...
[2026-02-17 12:26:49] 📂 Pasta raiz configurada para contagem: G:/My Drive/XABLAU/
[2026-02-17 12:26:49] 📁 Pastas detectadas para contagem: 8
[2026-02-17 12:26:49] 🔎 Iniciando contagem da pasta: 3.BRUNO (G:/My Drive/XABLAU/3.BRUNO)
[2026-02-17 12:26:49] 🔎 Iniciando contagem da pasta: 1.LEIANES (G:/My Drive/XABLAU/1.LEIANES)
[2026-02-17 12:26:49] 🔎 Iniciando contagem da pasta: 2.EROS (G:/My Drive/XABLAU/2.EROS)
[2026-02-17 12:26:49] 🔎 Iniciando contagem da pasta: 4.CUSH (G:/My Drive/XABLAU/4.CUSH)
[2026-02-17 12:26:49] 🔎 Iniciando contagem da pasta: 5.ELIS (G:/My Drive/XABLAU/5.ELIS)
[2026-02-17 12:26:49] 🔎 Iniciando contagem da pasta: 6.NICO (G:/My Drive/XABLAU/6.NICO)
[2026-02-17 12:26:49] 🔎 Iniciando contagem da pasta: 7.JACQUES (G:/My Drive/XABLAU/7.JACQUES)
[2026-02-17 12:26:49] ✅ Contagem concluída: 1.LEIANES -> 0 páginas
[2026-02-17 12:26:49] ✅ Contagem concluída: 5.ELIS -> 0 páginas
[2026-02-17 12:26:49] ✅ Contagem concluída: 6.NICO -> 0 páginas
[2026-02-17 12:26:55] ✅ Contagem concluída: 2.EROS -> 1324 páginas
[2026-02-17 12:26:58] ✅ Contagem concluída: 7.JACQUES -> 1144 páginas
[2026-02-17 12:27:13] ✅ Contagem concluída: 3.BRUNO -> 5757 páginas
[2026-02-17 12:27:17] ✅ Contagem concluída: 4.CUSH -> 6929 páginas
[2026-02-17 12:27:17] 🔎 Iniciando contagem da pasta VICTORIA: 8.VICTORIA/1.RENOMEANDO (G:/My Drive/XABLAU/8.VICTORIA\1.RENOMEANDO)
[2026-02-17 12:27:17] 🔎 Iniciando contagem da pasta VICTORIA: 8.VICTORIA/2.RENOMEADOS (G:/My Drive/XABLAU/8.VICTORIA\2.RENOMEADOS)
[2026-02-17 12:27:17] ✅ Contagem VICTORIA concluída: 8.VICTORIA/2.RENOMEADOS -> 0 páginas
[2026-02-17 12:27:34] ✅ Contagem VICTORIA concluída: 8.VICTORIA/1.RENOMEANDO -> 6434 páginas
[2026-02-17 17:58:17] Starting page count...
[2026-02-17 17:58:17] 📂 Pasta raiz configurada para contagem: G:/My Drive/XABLAU/
[2026-02-17 17:58:17] 📁 Pastas detectadas para contagem: 8
[2026-02-17 17:58:17] 🔎 Iniciando contagem da pasta: 3.BRUNO (G:/My Drive/XABLAU/3.BRUNO)
[2026-02-17 17:58:17] 🔎 Iniciando contagem da pasta: 1.LEIANES (G:/My Drive/XABLAU/1.LEIANES)
[2026-02-17 17:58:17] 🔎 Iniciando contagem da pasta: 2.EROS (G:/My Drive/XABLAU/2.EROS)
[2026-02-17 17:58:17] 🔎 Iniciando contagem da pasta: 4.CUSH (G:/My Drive/XABLAU/4.CUSH)
[2026-02-17 17:58:17] 🔎 Iniciando contagem da pasta: 5.ELIS (G:/My Drive/XABLAU/5.ELIS)
[2026-02-17 17:58:17] 🔎 Iniciando contagem da pasta: 6.NICO (G:/My Drive/XABLAU/6.NICO)
[2026-02-17 17:58:17] 🔎 Iniciando contagem da pasta: 7.JACQUES (G:/My Drive/XABLAU/7.JACQUES)
[2026-02-17 17:58:17] ✅ Contagem concluída: 1.LEIANES -> 0 páginas
[2026-02-17 17:58:17] ✅ Contagem concluída: 5.ELIS -> 0 páginas
[2026-02-17 17:58:17] ✅ Contagem concluída: 6.NICO -> 0 páginas
[2026-02-17 17:58:21] ✅ Contagem concluída: 2.EROS -> 1324 páginas
[2026-02-17 17:58:24] ✅ Contagem concluída: 7.JACQUES -> 1144 páginas
[2026-02-17 17:58:38] ✅ Contagem concluída: 3.BRUNO -> 5757 páginas
[2026-02-17 17:58:42] ✅ Contagem concluída: 4.CUSH -> 8507 páginas
[2026-02-17 17:58:42] 🔎 Iniciando contagem da pasta VICTORIA: 8.VICTORIA/1.RENOMEANDO (G:/My Drive/XABLAU/8.VICTORIA\1.RENOMEANDO)
[2026-02-17 17:58:42] 🔎 Iniciando contagem da pasta VICTORIA: 8.VICTORIA/2.RENOMEADOS (G:/My Drive/XABLAU/8.VICTORIA\2.RENOMEADOS)
[2026-02-17 17:58:42] ✅ Contagem VICTORIA concluída: 8.VICTORIA/2.RENOMEADOS -> 0 páginas
[2026-02-17 17:58:54] ✅ Contagem VICTORIA concluída: 8.VICTORIA/1.RENOMEANDO -> 6434 páginas
[2026-02-17 17:58:54] ✅ Mensagem liberada para envio: Message differs and cooldown passed
[2026-02-17 17:58:54] 📨 Destino WhatsApp: tipo=group alvo=XABLAU UPDATES
[2026-02-17 17:58:54] ⏱️ Timeout configurado: 140s (inicialização: 60s + mensagem: 30s + ACK: 20s + buffer: 30s)
[2026-02-17 17:58:54] Enviando resultados para WhatsApp...
[2026-02-17 17:58:54] ℹ️ Tamanho da mensagem: 495 caracteres
[2026-02-17 17:59:19] ⏱️ Tempo de execução do WhatsApp: 24.45s
[2026-02-17 17:59:19] ✅ Message sent successfully to WhatsApp!
[2026-02-17 17:59:19] ℹ️ Saída do envio: Initializing WhatsApp client...
📁 Auth directory: D:\Trampo\xablau\XABLAU PROJECT\.wwebjs_auth
✅ Auth directory exists with 1 file(s)
   Files: session
✅ WhatsApp connected! (inicialização levou 9533ms)
Looking for group: XABLAU UPDATES
Sending message to group: XABLAU UPDATES (id: 120363421676358028@g.us)
Sending message (501 characters)...
Message sent successfully! msgId: true_120363421676358028@g.us_3EB0CB681109C256B2E209_174462209097938@lid chatId: 120363421676358028@g.us (took 6333ms)
Waiting for delivery ACK...
Ack de entrega recebido (pelo menos chegou ao servidor). (took 262ms)
Total WhatsApp operation time: 6599ms
[2026-02-17 18:01:23] Starting page count...
[2026-02-17 18:01:23] 📂 Pasta raiz configurada para contagem: G:/My Drive/XABLAU/
[2026-02-17 18:01:23] 📁 Pastas detectadas para contagem: 8
[2026-02-17 18:01:23] 🔎 Iniciando contagem da pasta: 3.BRUNO (G:/My Drive/XABLAU/3.BRUNO)
[2026-02-17 18:01:23] 🔎 Iniciando contagem da pasta: 1.LEIANES (G:/My Drive/XABLAU/1.LEIANES)
[2026-02-17 18:01:23] 🔎 Iniciando contagem da pasta: 2.EROS (G:/My Drive/XABLAU/2.EROS)
[2026-02-17 18:01:23] 🔎 Iniciando contagem da pasta: 4.CUSH (G:/My Drive/XABLAU/4.CUSH)
[2026-02-17 18:01:23] 🔎 Iniciando contagem da pasta: 5.ELIS (G:/My Drive/XABLAU/5.ELIS)
[2026-02-17 18:01:23] 🔎 Iniciando contagem da pasta: 6.NICO (G:/My Drive/XABLAU/6.NICO)
[2026-02-17 18:01:23] 🔎 Iniciando contagem da pasta: 7.JACQUES (G:/My Drive/XABLAU/7.JACQUES)
[2026-02-17 18:01:23] ✅ Contagem concluída: 1.LEIANES -> 0 páginas
[2026-02-17 18:01:23] ✅ Contagem concluída: 5.ELIS -> 0 páginas
[2026-02-17 18:01:23] ✅ Contagem concluída: 6.NICO -> 0 páginas
[2026-02-17 18:01:24] ✅ Contagem concluída: 2.EROS -> 1324 páginas
[2026-02-17 18:01:25] ✅ Contagem concluída: 7.JACQUES -> 1144 páginas
[2026-02-17 18:01:28] ✅ Contagem concluída: 3.BRUNO -> 5757 páginas
[2026-02-17 18:01:30] ✅ Contagem concluída: 4.CUSH -> 8507 páginas
[2026-02-17 18:01:30] 🔎 Iniciando contagem da pasta VICTORIA: 8.VICTORIA/1.RENOMEANDO (G:/My Drive/XABLAU/8.VICTORIA\1.RENOMEANDO)
[2026-02-17 18:01:30] 🔎 Iniciando contagem da pasta VICTORIA: 8.VICTORIA/2.RENOMEADOS (G:/My Drive/XABLAU/8.VICTORIA\2.RENOMEADOS)
[2026-02-17 18:01:30] ✅ Contagem VICTORIA concluída: 8.VICTORIA/2.RENOMEADOS -> 0 páginas
[2026-02-17 18:01:34] ✅ Contagem VICTORIA concluída: 8.VICTORIA/1.RENOMEANDO -> 6434 páginas
[2026-02-17 20:45:40] Starting page count...
[2026-02-17 20:45:40] 📂 Pasta raiz configurada para contagem: G:/My Drive/XABLAU/
[2026-02-17 20:45:40] 📁 Pastas detectadas para contagem: 8
[2026-02-17 20:45:40] 🔎 Iniciando contagem da pasta: 3.BRUNO (G:/My Drive/XABLAU/3.BRUNO)
[2026-02-17 20:45:40] 🔎 Iniciando contagem da pasta: 1.LEIANES (G:/My Drive/XABLAU/1.LEIANES)
[2026-02-17 20:45:40] 🔎 Iniciando contagem da pasta: 2.EROS (G:/My Drive/XABLAU/2.EROS)
[2026-02-17 20:45:40] 🔎 Iniciando contagem da pasta: 4.CUSH (G:/My Drive/XABLAU/4.CUSH)
[2026-02-17 20:45:40] 🔎 Iniciando contagem da pasta: 5.ELIS (G:/My Drive/XABLAU/5.ELIS)
[2026-02-17 20:45:40] 🔎 Iniciando contagem da pasta: 6.NICO (G:/My Drive/XABLAU/6.NICO)
[2026-02-17 20:45:40] 🔎 Iniciando contagem da pasta: 7.JACQUES (G:/My Drive/XABLAU/7.JACQUES)
[2026-02-17 20:45:43] ✅ Contagem concluída: 2.EROS -> 1324 páginas
[2026-02-17 20:45:43] ✅ Contagem concluída: 5.ELIS -> 0 páginas
[2026-02-17 20:45:43] ✅ Contagem concluída: 6.NICO -> 0 páginas
[2026-02-17 20:45:44] ✅ Contagem concluída: 1.LEIANES -> 1160 páginas
[2026-02-17 20:45:49] ✅ Contagem concluída: 7.JACQUES -> 1144 páginas
[2026-02-17 20:45:57] ✅ Contagem concluída: 3.BRUNO -> 5757 páginas
[2026-02-17 20:45:59] ✅ Contagem concluída: 4.CUSH -> 8507 páginas
[2026-02-17 20:45:59] 🔎 Iniciando contagem da pasta VICTORIA: 8.VICTORIA/1.RENOMEANDO (G:/My Drive/XABLAU/8.VICTORIA\1.RENOMEANDO)
[2026-02-17 20:45:59] 🔎 Iniciando contagem da pasta VICTORIA: 8.VICTORIA/2.RENOMEADOS (G:/My Drive/XABLAU/8.VICTORIA\2.RENOMEADOS)
[2026-02-17 20:45:59] ✅ Contagem VICTORIA concluída: 8.VICTORIA/2.RENOMEADOS -> 0 páginas
[2026-02-17 20:46:04] ✅ Contagem VICTORIA concluída: 8.VICTORIA/1.RENOMEANDO -> 6434 páginas
[2026-02-17 20:46:04] ✅ Mensagem liberada para envio: Message differs and cooldown passed
[2026-02-17 20:46:04] 📨 Destino WhatsApp: tipo=group alvo=XABLAU UPDATES
[2026-02-17 20:46:04] ⏱️ Timeout configurado: 140s (inicialização: 60s + mensagem: 30s + ACK: 20s + buffer: 30s)
[2026-02-17 20:46:04] Enviando resultados para WhatsApp...
[2026-02-17 20:46:04] ℹ️ Tamanho da mensagem: 501 caracteres
[2026-02-17 20:48:24] ❌ Timeout ao enviar mensagem WhatsApp após 140.05s (limite: 140s)
[2026-02-17 20:48:24] ⚠️ Possíveis causas: WhatsApp Web desconectado, necessidade de reautenticação, ou conexão lenta
[2026-02-18 11:55:48] Starting page count...
[2026-02-18 11:55:48] 📂 Pasta raiz configurada para contagem: G:/My Drive/XABLAU/
[2026-02-18 11:55:48] 📁 Pastas detectadas para contagem: 8
[2026-02-18 11:55:48] 🔎 Iniciando contagem da pasta: 3.BRUNO (G:/My Drive/XABLAU/3.BRUNO)
[2026-02-18 11:55:48] 🔎 Iniciando contagem da pasta: 1.LEIANES (G:/My Drive/XABLAU/1.LEIANES)
[2026-02-18 11:55:48] 🔎 Iniciando contagem da pasta: 2.EROS (G:/My Drive/XABLAU/2.EROS)
[2026-02-18 11:55:48] 🔎 Iniciando contagem da pasta: 4.CUSH (G:/My Drive/XABLAU/4.CUSH)
[2026-02-18 11:55:48] 🔎 Iniciando contagem da pasta: 5.ELIS (G:/My Drive/XABLAU/5.ELIS)
[2026-02-18 11:55:48] 🔎 Iniciando contagem da pasta: 6.NICO (G:/My Drive/XABLAU/6.NICO)
[2026-02-18 11:55:48] 🔎 Iniciando contagem da pasta: 7.JACQUES (G:/My Drive/XABLAU/7.JACQUES)
[2026-02-18 11:55:53] ✅ Contagem concluída: 2.EROS -> 1324 páginas
[2026-02-18 11:55:53] ✅ Contagem concluída: 5.ELIS -> 0 páginas
[2026-02-18 11:55:53] ✅ Contagem concluída: 6.NICO -> 0 páginas
[2026-02-18 11:55:55] ✅ Contagem concluída: 1.LEIANES -> 1160 páginas
[2026-02-18 11:55:59] ✅ Contagem concluída: 7.JACQUES -> 1144 páginas
[2026-02-18 11:56:12] ✅ Contagem concluída: 3.BRUNO -> 5757 páginas
[2026-02-18 11:56:18] ✅ Contagem concluída: 4.CUSH -> 8507 páginas
[2026-02-18 11:56:18] 🔎 Iniciando contagem da pasta VICTORIA: 8.VICTORIA/1.RENOMEANDO (G:/My Drive/XABLAU/8.VICTORIA\1.RENOMEANDO)
[2026-02-18 11:56:18] 🔎 Iniciando contagem da pasta VICTORIA: 8.VICTORIA/2.RENOMEADOS (G:/My Drive/XABLAU/8.VICTORIA\2.RENOMEADOS)
[2026-02-18 11:56:18] ✅ Contagem VICTORIA concluída: 8.VICTORIA/2.RENOMEADOS -> 0 páginas
[2026-02-18 11:56:30] ✅ Contagem VICTORIA concluída: 8.VICTORIA/1.RENOMEANDO -> 6434 páginas
[2026-02-18 12:22:35] Starting page count...
[2026-02-18 12:22:35] 📂 Pasta raiz configurada para contagem: G:/My Drive/XABLAU/
[2026-02-18 12:22:35] 📁 Pastas detectadas para contagem: 8
[2026-02-18 12:22:35] 🔎 Iniciando contagem da pasta: 3.BRUNO (G:/My Drive/XABLAU/3.BRUNO)
[2026-02-18 12:22:35] 🔎 Iniciando contagem da pasta: 1.LEIANES (G:/My Drive/XABLAU/1.LEIANES)
[2026-02-18 12:22:35] 🔎 Iniciando contagem da pasta: 2.EROS (G:/My Drive/XABLAU/2.EROS)
[2026-02-18 12:22:35] 🔎 Iniciando contagem da pasta: 4.CUSH (G:/My Drive/XABLAU/4.CUSH)
[2026-02-18 12:22:35] 🔎 Iniciando contagem da pasta: 5.ELIS (G:/My Drive/XABLAU/5.ELIS)
[2026-02-18 12:22:35] 🔎 Iniciando contagem da pasta: 6.NICO (G:/My Drive/XABLAU/6.NICO)
[2026-02-18 12:22:35] 🔎 Iniciando contagem da pasta: 7.JACQUES (G:/My Drive/XABLAU/7.JACQUES)
[2026-02-18 12:22:39] ✅ Contagem concluída: 2.EROS -> 1324 páginas
[2026-02-18 12:22:39] ✅ Contagem concluída: 5.ELIS -> 0 páginas
[2026-02-18 12:22:39] ✅ Contagem concluída: 6.NICO -> 0 páginas
[2026-02-18 12:22:41] ✅ Contagem concluída: 1.LEIANES -> 1160 páginas
[2026-02-18 12:22:46] ✅ Contagem concluída: 7.JACQUES -> 1144 páginas
[2026-02-18 12:22:59] ✅ Contagem concluída: 3.BRUNO -> 6681 páginas
[2026-02-18 12:23:03] ✅ Contagem concluída: 4.CUSH -> 8507 páginas
[2026-02-18 12:23:03] 🔎 Iniciando contagem da pasta VICTORIA: 8.VICTORIA/1.RENOMEANDO (G:/My Drive/XABLAU/8.VICTORIA\1.RENOMEANDO)
[2026-02-18 12:23:03] 🔎 Iniciando contagem da pasta VICTORIA: 8.VICTORIA/2.RENOMEADOS (G:/My Drive/XABLAU/8.VICTORIA\2.RENOMEADOS)
[2026-02-18 12:23:03] ✅ Contagem VICTORIA concluída: 8.VICTORIA/2.RENOMEADOS -> 0 páginas
[2026-02-18 12:23:15] ✅ Contagem VICTORIA concluída: 8.VICTORIA/1.RENOMEANDO -> 6434 páginas
[2026-02-18 12:23:15] ✅ Mensagem liberada para envio: Message differs and cooldown passed
[2026-02-18 12:23:15] 📨 Destino WhatsApp: tipo=group alvo=XABLAU UPDATES
[2026-02-18 12:23:15] ⏱️ Timeout configurado: 140s (inicialização: 60s + mensagem: 30s + ACK: 20s + buffer: 30s)
[2026-02-18 12:23:15] Enviando resultados para WhatsApp...
[2026-02-18 12:23:15] ℹ️ Tamanho da mensagem: 497 caracteres
[2026-02-18 12:25:35] ❌ Timeout ao enviar mensagem WhatsApp após 140.03s (limite: 140s)
[2026-02-18 12:25:35] ⚠️ Possíveis causas: WhatsApp Web desconectado, necessidade de reautenticação, ou conexão lenta
[2026-02-18 13:02:14] Starting page count...
[2026-02-18 13:02:14] 📂 Pasta raiz configurada para contagem: G:/My Drive/XABLAU/
[2026-02-18 13:02:14] 📁 Pastas detectadas para contagem: 8
[2026-02-18 13:02:14] 🔎 Iniciando contagem da pasta: 3.BRUNO (G:/My Drive/XABLAU/3.BRUNO)
[2026-02-18 13:02:14] 🔎 Iniciando contagem da pasta: 1.LEIANES (G:/My Drive/XABLAU/1.LEIANES)
[2026-02-18 13:02:14] 🔎 Iniciando contagem da pasta: 2.EROS (G:/My Drive/XABLAU/2.EROS)
[2026-02-18 13:02:14] 🔎 Iniciando contagem da pasta: 4.CUSH (G:/My Drive/XABLAU/4.CUSH)
[2026-02-18 13:02:14] 🔎 Iniciando contagem da pasta: 5.ELIS (G:/My Drive/XABLAU/5.ELIS)
[2026-02-18 13:02:14] 🔎 Iniciando contagem da pasta: 6.NICO (G:/My Drive/XABLAU/6.NICO)
[2026-02-18 13:02:14] 🔎 Iniciando contagem da pasta: 7.JACQUES (G:/My Drive/XABLAU/7.JACQUES)
[2026-02-18 13:02:15] ✅ Contagem concluída: 2.EROS -> 1324 páginas
[2026-02-18 13:02:15] ✅ Contagem concluída: 5.ELIS -> 0 páginas
[2026-02-18 13:02:15] ✅ Contagem concluída: 6.NICO -> 0 páginas
[2026-02-18 13:02:16] ✅ Contagem concluída: 1.LEIANES -> 1160 páginas
[2026-02-18 13:02:17] ✅ Contagem concluída: 7.JACQUES -> 1144 páginas
[2026-02-18 13:02:21] ✅ Contagem concluída: 3.BRUNO -> 6681 páginas
[2026-02-18 13:02:23] ✅ Contagem concluída: 4.CUSH -> 8507 páginas
[2026-02-18 13:02:23] 🔎 Iniciando contagem da pasta VICTORIA: 8.VICTORIA/1.RENOMEANDO (G:/My Drive/XABLAU/8.VICTORIA\1.RENOMEANDO)
[2026-02-18 13:02:23] 🔎 Iniciando contagem da pasta VICTORIA: 8.VICTORIA/2.RENOMEADOS (G:/My Drive/XABLAU/8.VICTORIA\2.RENOMEADOS)
[2026-02-18 13:02:23] ✅ Contagem VICTORIA concluída: 8.VICTORIA/2.RENOMEADOS -> 0 páginas
[2026-02-18 13:02:27] ✅ Contagem VICTORIA concluída: 8.VICTORIA/1.RENOMEANDO -> 6434 páginas
[2026-02-18 13:02:55] Starting page count...
[2026-02-18 13:02:55] 🔧 Modo FORCE ativado via linha de comando
[2026-02-18 13:02:55] 📂 Pasta raiz configurada para contagem: G:/My Drive/XABLAU/
[2026-02-18 13:02:55] 📁 Pastas detectadas para contagem: 8
[2026-02-18 13:02:55] 🔎 Iniciando contagem da pasta: 3.BRUNO (G:/My Drive/XABLAU/3.BRUNO)
[2026-02-18 13:02:55] 🔎 Iniciando contagem da pasta: 1.LEIANES (G:/My Drive/XABLAU/1.LEIANES)
[2026-02-18 13:02:55] 🔎 Iniciando contagem da pasta: 2.EROS (G:/My Drive/XABLAU/2.EROS)
[2026-02-18 13:02:55] 🔎 Iniciando contagem da pasta: 4.CUSH (G:/My Drive/XABLAU/4.CUSH)
[2026-02-18 13:02:55] 🔎 Iniciando contagem da pasta: 5.ELIS (G:/My Drive/XABLAU/5.ELIS)
[2026-02-18 13:02:55] 🔎 Iniciando contagem da pasta: 6.NICO (G:/My Drive/XABLAU/6.NICO)
[2026-02-18 13:02:55] 🔎 Iniciando contagem da pasta: 7.JACQUES (G:/My Drive/XABLAU/7.JACQUES)
[2026-02-18 13:02:55] ✅ Contagem concluída: 2.EROS -> 1324 páginas
[2026-02-18 13:02:55] ✅ Contagem concluída: 5.ELIS -> 0 páginas
[2026-02-18 13:02:55] ✅ Contagem concluída: 6.NICO -> 0 páginas
[2026-02-18 13:02:56] ✅ Contagem concluída: 1.LEIANES -> 1160 páginas
[2026-02-18 13:02:57] ✅ Contagem concluída: 7.JACQUES -> 1144 páginas
[2026-02-18 13:03:00] ✅ Contagem concluída: 3.BRUNO -> 6681 páginas
[2026-02-18 13:03:01] ✅ Contagem concluída: 4.CUSH -> 8507 páginas
[2026-02-18 13:03:01] 🔎 Iniciando contagem da pasta VICTORIA: 8.VICTORIA/1.RENOMEANDO (G:/My Drive/XABLAU/8.VICTORIA\1.RENOMEANDO)
[2026-02-18 13:03:01] 🔎 Iniciando contagem da pasta VICTORIA: 8.VICTORIA/2.RENOMEADOS (G:/My Drive/XABLAU/8.VICTORIA\2.RENOMEADOS)
[2026-02-18 13:03:01] ✅ Contagem VICTORIA concluída: 8.VICTORIA/2.RENOMEADOS -> 0 páginas
[2026-02-18 13:03:05] ✅ Contagem VICTORIA concluída: 8.VICTORIA/1.RENOMEANDO -> 6434 páginas
[2026-02-18 13:03:05] 🔧 Modo FORCE ativado: ignorando verificação de cooldown e mensagem repetida
[2026-02-18 13:03:05] 📨 Destino WhatsApp: tipo=group alvo=XABLAU UPDATES
[2026-02-18 13:03:05] ⏱️ Timeout configurado: 140s (inicialização: 60s + mensagem: 30s + ACK: 20s + buffer: 30s)
[2026-02-18 13:03:05] Enviando resultados para WhatsApp...
[2026-02-18 13:03:05] ℹ️ Tamanho da mensagem: 394 caracteres
[2026-02-18 13:05:25] ❌ Timeout ao enviar mensagem WhatsApp após 140.02s (limite: 140s)
[2026-02-18 13:05:25] ⚠️ Possíveis causas: WhatsApp Web desconectado, necessidade de reautenticação, ou conexão lenta
[2026-02-18 13:07:29] Starting page count...
[2026-02-18 13:07:29] 🔧 Modo FORCE ativado via linha de comando
[2026-02-18 13:07:29] 📂 Pasta raiz configurada para contagem: G:/My Drive/XABLAU/
[2026-02-18 13:07:29] 📁 Pastas detectadas para contagem: 8
[2026-02-18 13:07:29] 🔎 Iniciando contagem da pasta: 3.BRUNO (G:/My Drive/XABLAU/3.BRUNO)
[2026-02-18 13:07:29] 🔎 Iniciando contagem da pasta: 1.LEIANES (G:/My Drive/XABLAU/1.LEIANES)
[2026-02-18 13:07:29] 🔎 Iniciando contagem da pasta: 2.EROS (G:/My Drive/XABLAU/2.EROS)
[2026-02-18 13:07:29] 🔎 Iniciando contagem da pasta: 4.CUSH (G:/My Drive/XABLAU/4.CUSH)
[2026-02-18 13:07:29] 🔎 Iniciando contagem da pasta: 5.ELIS (G:/My Drive/XABLAU/5.ELIS)
[2026-02-18 13:07:29] 🔎 Iniciando contagem da pasta: 6.NICO (G:/My Drive/XABLAU/6.NICO)
[2026-02-18 13:07:29] 🔎 Iniciando contagem da pasta: 7.JACQUES (G:/My Drive/XABLAU/7.JACQUES)
[2026-02-18 13:07:30] ✅ Contagem concluída: 2.EROS -> 1324 páginas
[2026-02-18 13:07:30] ✅ Contagem concluída: 5.ELIS -> 0 páginas
[2026-02-18 13:07:30] ✅ Contagem concluída: 6.NICO -> 0 páginas
[2026-02-18 13:07:31] ✅ Contagem concluída: 1.LEIANES -> 1160 páginas
[2026-02-18 13:07:31] ✅ Contagem concluída: 7.JACQUES -> 1144 páginas
[2026-02-18 13:07:34] ✅ Contagem concluída: 3.BRUNO -> 6681 páginas
[2026-02-18 13:07:36] ✅ Contagem concluída: 4.CUSH -> 8507 páginas
[2026-02-18 13:07:36] 🔎 Iniciando contagem da pasta VICTORIA: 8.VICTORIA/1.RENOMEANDO (G:/My Drive/XABLAU/8.VICTORIA\1.RENOMEANDO)
[2026-02-18 13:07:36] 🔎 Iniciando contagem da pasta VICTORIA: 8.VICTORIA/2.RENOMEADOS (G:/My Drive/XABLAU/8.VICTORIA\2.RENOMEADOS)
[2026-02-18 13:07:36] ✅ Contagem VICTORIA concluída: 8.VICTORIA/2.RENOMEADOS -> 0 páginas
[2026-02-18 13:07:39] ✅ Contagem VICTORIA concluída: 8.VICTORIA/1.RENOMEANDO -> 6434 páginas
[2026-02-18 13:07:39] 🔧 Modo FORCE ativado: ignorando verificação de cooldown e mensagem repetida
[2026-02-18 13:07:39] 📨 Destino WhatsApp: tipo=group alvo=XABLAU UPDATES
[2026-02-18 13:07:39] ⏱️ Timeout configurado: 140s (inicialização: 60s + mensagem: 30s + ACK: 20s + buffer: 30s)
[2026-02-18 13:07:39] Enviando resultados para WhatsApp...
[2026-02-18 13:07:39] ℹ️ Tamanho da mensagem: 394 caracteres
[2026-02-18 13:09:59] ❌ Timeout ao enviar mensagem WhatsApp após 140.02s (limite: 140s)
[2026-02-18 13:09:59] ⚠️ Possíveis causas: WhatsApp Web desconectado, necessidade de reautenticação, ou conexão lenta
[2026-02-18 13:12:10] Starting page count...
[2026-02-18 13:12:10] 🔧 Modo FORCE ativado via linha de comando
[2026-02-18 13:12:10] 📂 Pasta raiz configurada para contagem: G:/My Drive/XABLAU/
[2026-02-18 13:12:10] 📁 Pastas detectadas para contagem: 8
[2026-02-18 13:12:10] 🔎 Iniciando contagem da pasta: 3.BRUNO (G:/My Drive/XABLAU/3.BRUNO)
[2026-02-18 13:12:10] 🔎 Iniciando contagem da pasta: 1.LEIANES (G:/My Drive/XABLAU/1.LEIANES)
[2026-02-18 13:12:10] 🔎 Iniciando contagem da pasta: 2.EROS (G:/My Drive/XABLAU/2.EROS)
[2026-02-18 13:12:10] 🔎 Iniciando contagem da pasta: 4.CUSH (G:/My Drive/XABLAU/4.CUSH)
[2026-02-18 13:12:10] 🔎 Iniciando contagem da pasta: 5.ELIS (G:/My Drive/XABLAU/5.ELIS)
[2026-02-18 13:12:10] 🔎 Iniciando contagem da pasta: 6.NICO (G:/My Drive/XABLAU/6.NICO)
[2026-02-18 13:12:10] 🔎 Iniciando contagem da pasta: 7.JACQUES (G:/My Drive/XABLAU/7.JACQUES)
[2026-02-18 13:12:11] ✅ Contagem concluída: 2.EROS -> 1324 páginas
[2026-02-18 13:12:11] ✅ Contagem concluída: 5.ELIS -> 0 páginas
[2026-02-18 13:12:11] ✅ Contagem concluída: 6.NICO -> 0 páginas
[2026-02-18 13:12:12] ✅ Contagem concluída: 1.LEIANES -> 1160 páginas
[2026-02-18 13:12:12] ✅ Contagem concluída: 7.JACQUES -> 1144 páginas
[2026-02-18 13:12:16] ✅ Contagem concluída: 3.BRUNO -> 6681 páginas
[2026-02-18 13:12:17] ✅ Contagem concluída: 4.CUSH -> 8507 páginas
[2026-02-18 13:12:17] 🔎 Iniciando contagem da pasta VICTORIA: 8.VICTORIA/1.RENOMEANDO (G:/My Drive/XABLAU/8.VICTORIA\1.RENOMEANDO)
[2026-02-18 13:12:17] 🔎 Iniciando contagem da pasta VICTORIA: 8.VICTORIA/2.RENOMEADOS (G:/My Drive/XABLAU/8.VICTORIA\2.RENOMEADOS)
[2026-02-18 13:12:17] ✅ Contagem VICTORIA concluída: 8.VICTORIA/2.RENOMEADOS -> 0 páginas
[2026-02-18 13:12:21] ✅ Contagem VICTORIA concluída: 8.VICTORIA/1.RENOMEANDO -> 6434 páginas
[2026-02-18 13:12:21] 🔧 Modo FORCE ativado: ignorando verificação de cooldown e mensagem repetida
[2026-02-18 13:12:21] 📨 Destino WhatsApp: tipo=group alvo=XABLAU UPDATES
[2026-02-18 13:12:21] ⏱️ Timeout configurado: 140s (inicialização: 60s + mensagem: 30s + ACK: 20s + buffer: 30s)
[2026-02-18 13:12:21] Enviando resultados para WhatsApp...
[2026-02-18 13:12:21] ℹ️ Tamanho da mensagem: 394 caracteres
[2026-02-18 13:12:25] ⏱️ Tempo de execução do WhatsApp: 4.40s
[2026-02-18 13:12:25] ✅ Message sent successfully to WhatsApp!
[2026-02-18 13:12:25] ℹ️ Saída do envio: Initializing WhatsApp client...
📁 Auth directory: D:\Trampo\xablau\XABLAU PROJECT\.wwebjs_auth
✅ Auth directory exists with 1 file(s)
   Files: session
📱 Carregando WhatsApp Web: 95% - WhatsApp
📱 Carregando WhatsApp Web: 99% - WhatsApp
✅ WhatsApp connected! (inicialização levou 2738ms)
Looking for group: XABLAU UPDATES
Sending message to group: XABLAU UPDATES (id: 120363421676358028@g.us)
Sending message (399 characters)...
Message sent successfully! msgId: true_120363421676358028@g.us_3EB0C35A9CFDD7ED34E695_174462209097938@lid chatId: 120363421676358028@g.us (took 18ms)
Waiting for delivery ACK...
Ack de entrega recebido (pelo menos chegou ao servidor). (took 244ms)
Total WhatsApp operation time: 268ms
